run_id,concurrency,call_id,turn_index,row_kind,category,status,call_error,turn_error,client_latency_s,think_time_s,turn_duration_s,user_speech_s,turn_start_ts,turn_end_ts,eou_s,stt_s,endpointing_s,ttft_s,llm_total_s,llm_tokens,tts_s,tts_audio_s,cancelled,total_s,call_start_ts,call_end_ts,e2e_s,workflow_id,ended_reason,client_mic_lag_s
1790365284,32,743ba48e-5f7c-494e-986e-08f309867b57,0,paired,long,finalizada,,,1.8155454070074484,4.779029967357736,12.075,3.06,1790365293.323,1790365305.398,0.407,0.4,0.007,0.133,0.532,,0.068,6.17,,0.607,1790365285.22,1790365404.482,1.003,demo_booking_classic,customer_hangup,0.0
1790365284,32,743ba48e-5f7c-494e-986e-08f309867b57,1,paired,short,finalizada,,,2.615421394002624,2.5875154355438936,25.143,1.0,1790365310.177,1790365335.32,1.001,0.537,0.464,0.116,1.215,,0.143,20.67,,1.26,1790365285.22,1790365404.482,1.425,demo_booking_classic,customer_hangup,0.0
1790365284,32,743ba48e-5f7c-494e-986e-08f309867b57,2,paired,long,finalizada,,,1.8761596650001593,2.0319721167157,11.399,3.52,1790365337.909,1790365349.308,0.538,0.532,0.006,0.183,0.43,,0.116,4.81,,0.836,1790365285.22,1790365404.482,1.08,demo_booking_classic,customer_hangup,0.0
1790365284,32,743ba48e-5f7c-494e-986e-08f309867b57,3,paired,medium,finalizada,,,1.6962251079967245,2.3121924254871806,8.773,2.12,1790365351.341,1790365360.114,0.575,0.568,0.006,0.17,0.621,,0.133,3.78,,0.878,1790365285.22,1790365404.482,1.096,demo_booking_classic,customer_hangup,0.0
1790365284,32,743ba48e-5f7c-494e-986e-08f309867b57,4,paired,medium,finalizada,,,2.156344350980362,1.0295800351070026,11.397,2.6,1790365362.426,1790365373.823,0.564,0.534,0.03,0.233,0.69,,0.065,5.7,,0.861,1790365285.22,1790365404.482,1.116,demo_booking_classic,customer_hangup,0.0
1790365284,32,743ba48e-5f7c-494e-986e-08f309867b57,5,paired,short,finalizada,,,3.255680628004484,2.9194614957510097,26.702,0.48,1790365374.854,1790365401.556,0.742,0.734,0.007,0.217,1.931,,0.086,21.63,,1.045,1790365285.22,1790365404.482,2.244,demo_booking_classic,customer_hangup,0.0
1790365284,32,2f176935-a4e0-4912-8a5a-73bbd0f1c0f9,0,paired,long,finalizada,,,1.8703892519988585,1.6195468845876977,11.481,3.06,1790365293.178,1790365304.659,0.415,0.408,0.007,0.133,0.599,,0.068,5.37,,0.615,1790365285.522,1790365382.301,1.077,demo_booking_classic,customer_hangup,0.0
1790365284,32,2f176935-a4e0-4912-8a5a-73bbd0f1c0f9,1,paired,medium,finalizada,,,2.410363133007195,7.002795179527196,11.7,2.6,1790365306.279,1790365317.98,0.548,0.54,0.009,0.141,0.549,,0.17,5.46,,0.86,1790365285.522,1790365382.301,1.095,demo_booking_classic,customer_hangup,0.0
1790365284,32,2f176935-a4e0-4912-8a5a-73bbd0f1c0f9,2,paired,short,finalizada,,,2.3904721869912464,1.0,23.071,1.0,1790365324.983,1790365348.054,1.001,0.455,0.546,0.146,1.354,,0.127,18.51,,1.273,1790365285.522,1790365382.301,1.44,demo_booking_classic,customer_hangup,0.0
1790365284,32,2f176935-a4e0-4912-8a5a-73bbd0f1c0f9,3,paired,short,finalizada,,,1.7706645420112181,1.9637529662228659,7.527,0.48,1790365349.054,1790365356.581,0.45,0.445,0.006,0.16,0.391,,0.1,4.09,,0.71,1790365285.522,1790365382.301,0.938,demo_booking_classic,customer_hangup,0.0
1790365284,32,2f176935-a4e0-4912-8a5a-73bbd0f1c0f9,4,paired,short,finalizada,,,2.249871379986871,2.8084868195071993,8.427,0.38,1790365358.545,1790365366.972,1.002,0.449,0.553,0.235,0.753,,0.087,5.21,,1.323,1790365285.522,1790365382.301,1.293,demo_booking_classic,customer_hangup,0.0
1790365284,32,2f176935-a4e0-4912-8a5a-73bbd0f1c0f9,5,paired,medium,finalizada,,,1.790237450011773,2.910888977991911,9.604,2.24,1790365369.781,1790365379.385,0.57,0.559,0.01,0.213,0.65,,0.08,4.34,,0.863,1790365285.522,1790365382.301,1.098,demo_booking_classic,customer_hangup,0.0
1790365284,32,a20c0f05-40d0-43aa-890b-2d0d9ee1a6d8,0,paired,medium,finalizada,,,2.2786423540092073,3.0716576387992687,27.463,2.6,1790365293.84,1790365321.303,0.404,0.395,0.008,0.165,1.791,,0.089,21.47,,0.657,1790365285.773,1790365388.788,1.404,demo_booking_classic,customer_hangup,0.0
1790365284,32,a20c0f05-40d0-43aa-890b-2d0d9ee1a6d8,1,paired,short,finalizada,,,1.898810789018171,4.021453153222392,8.928,1.0,1790365324.376,1790365333.305,1.001,0.44,0.56,0.144,0.554,,0.122,5.05,,1.267,1790365285.773,1790365388.788,1.127,demo_booking_classic,customer_hangup,0.0
1790365284,32,a20c0f05-40d0-43aa-890b-2d0d9ee1a6d8,2,paired,short,finalizada,,,2.218855118000647,4.027288746157586,9.193,0.48,1790365337.327,1790365346.52,0.435,0.428,0.007,0.163,0.482,,0.175,5.61,,0.772,1790365285.773,1790365388.788,1.089,demo_booking_classic,customer_hangup,0.0
1790365284,32,a20c0f05-40d0-43aa-890b-2d0d9ee1a6d8,3,paired,long,finalizada,,,2.7990241429943126,1.2213213531921367,11.597,3.52,1790365350.548,1790365362.144,0.588,0.575,0.013,0.188,1.158,,0.079,4.09,,0.855,1790365285.773,1790365388.788,1.815,demo_booking_classic,customer_hangup,0.0
1790365284,32,a20c0f05-40d0-43aa-890b-2d0d9ee1a6d8,4,paired,medium,finalizada,,,1.8588953079888597,2.643375527154095,9.434,2.6,1790365363.366,1790365372.801,0.517,0.505,0.012,0.211,0.475,,0.082,3.77,,0.81,1790365285.773,1790365388.788,1.071,demo_booking_classic,customer_hangup,0.0
1790365284,32,a20c0f05-40d0-43aa-890b-2d0d9ee1a6d8,5,paired,long,finalizada,,,1.478861417999724,2.9437759823106866,10.393,3.06,1790365375.444,1790365385.838,0.592,0.566,0.027,0.152,0.629,,0.079,4.66,,0.823,1790365285.773,1790365388.788,0.921,demo_booking_classic,customer_hangup,0.0
1790365284,32,11c29bbf-b955-4bfd-ac9f-b11cd9cd50c2,0,paired,medium,finalizada,,,2.685376017005183,2.1513767586768693,11.267,2.6,1790365294.973,1790365306.24,0.588,0.58,0.008,0.226,0.751,,0.198,4.89,,1.011,1790365286.023,1790365372.918,1.532,demo_booking_classic,customer_hangup,0.0
1790365284,32,11c29bbf-b955-4bfd-ac9f-b11cd9cd50c2,1,paired,short,finalizada,,,2.6655445139913354,1.2621845524815933,9.26,0.48,1790365308.392,1790365317.652,0.663,0.655,0.007,0.141,0.486,,0.145,4.89,,0.949,1790365286.023,1790365372.918,1.289,demo_booking_classic,customer_hangup,0.0
1790365284,32,11c29bbf-b955-4bfd-ac9f-b11cd9cd50c2,2,paired,long,finalizada,,,1.9860899620107375,2.687432533813471,11.857,3.06,1790365318.915,1790365330.772,0.611,0.605,0.006,0.133,0.461,,0.125,6.41,,0.869,1790365286.023,1790365372.918,1.194,demo_booking_classic,customer_hangup,0.0
1790365284,32,11c29bbf-b955-4bfd-ac9f-b11cd9cd50c2,3,paired,short,finalizada,,,2.385851247992832,4.371290214597879,9.308,0.32,1790365333.46,1790365342.767,1.001,0.415,0.586,0.17,0.48,,0.179,5.46,,1.351,1790365286.023,1790365372.918,1.184,demo_booking_classic,customer_hangup,0.0
1790365284,32,11c29bbf-b955-4bfd-ac9f-b11cd9cd50c2,4,paired,short,finalizada,,,1.9859664929972496,4.796418549314673,8.519,0.48,1790365347.139,1790365355.658,0.434,0.428,0.006,0.172,0.729,,0.12,5.06,,0.727,1790365286.023,1790365372.918,0.927,demo_booking_classic,customer_hangup,0.0
1790365284,32,11c29bbf-b955-4bfd-ac9f-b11cd9cd50c2,5,paired,short,finalizada,,,1.9056977489963174,1.5518391029357925,10.905,1.0,1790365360.455,1790365371.361,1.001,0.491,0.51,0.188,0.635,,0.105,6.82,,1.293,1790365286.023,1790365372.918,1.108,demo_booking_classic,customer_hangup,0.0
1790365284,32,41348543-c465-47dc-a1d7-295c0e9a86a2,0,paired,long,finalizada,,,3.9264104189933278,1.8950325493262143,13.313,3.52,1790365297.124,1790365310.437,0.87,0.859,0.01,0.246,1.2,,0.21,4.97,,1.326,1790365285.871,1790365364.768,2.273,demo_booking_classic,customer_hangup,0.0
1790365284,32,41348543-c465-47dc-a1d7-295c0e9a86a2,1,paired,short,finalizada,,,2.106954755989136,2.4159982985949946,7.785,0.32,1790365312.332,1790365320.117,1.001,0.419,0.582,0.118,0.488,,0.116,4.34,,1.235,1790365285.871,1790365364.768,1.12,demo_booking_classic,customer_hangup,0.0
1790365284,32,41348543-c465-47dc-a1d7-295c0e9a86a2,2,paired,short,finalizada,,,1.3068201909773052,1.0,6.939,0.48,1790365322.534,1790365329.473,0.434,0.427,0.006,0.12,0.383,,0.076,3.94,,0.63,1790365285.871,1790365364.768,0.717,demo_booking_classic,customer_hangup,0.0
1790365284,32,41348543-c465-47dc-a1d7-295c0e9a86a2,3,paired,short,finalizada,,,2.4065053300000727,3.042543367794765,8.398,0.32,1790365330.474,1790365338.871,1.001,0.436,0.565,0.137,0.405,,0.193,4.5,,1.33,1790365285.871,1790365364.768,1.197,demo_booking_classic,customer_hangup,0.0
1790365284,32,41348543-c465-47dc-a1d7-295c0e9a86a2,4,paired,medium,finalizada,,,1.5260654680023436,2.0351561890716043,9.214,2.12,1790365341.915,1790365351.129,0.492,0.485,0.007,0.165,0.452,,0.131,4.34,,0.789,1790365285.871,1790365364.768,0.884,demo_booking_classic,customer_hangup,0.0
1790365284,32,41348543-c465-47dc-a1d7-295c0e9a86a2,5,paired,short,finalizada,,,1.7870939479907975,4.357055098473911,7.239,0.38,1790365353.164,1790365360.403,1.001,0.57,0.431,0.277,0.701,,0.114,3.86,,1.392,1790365285.871,1790365364.768,1.12,demo_booking_classic,customer_hangup,0.0
1790365284,32,426c7f05-ab5b-4aa1-ac84-179e276818ce,0,paired,short,finalizada,,timeout esperando que el agente termine de hablar,2.1346424579969607,1.6240869969828164,28.131,1.0,1790365294.676,1790365322.807,0.401,0.382,0.019,0.149,1.497,,0.045,23.87,,0.595,1790365286.12,1790365386.236,1.42,demo_booking_classic,customer_hangup,0.0
1790365284,32,426c7f05-ab5b-4aa1-ac84-179e276818ce,1,paired,medium,finalizada,,,1.9344908699858934,3.3838679503053783,9.642,2.12,1790365324.432,1790365334.073,0.5,0.493,0.007,0.155,0.399,,0.1,4.89,,0.755,1790365286.12,1790365386.236,0.996,demo_booking_classic,customer_hangup,0.0
1790365284,32,426c7f05-ab5b-4aa1-ac84-179e276818ce,2,paired,short,finalizada,,,2.254555371007882,2.114982649719607,8.181,1.0,1790365337.458,1790365345.639,1.0,0.477,0.523,0.133,0.389,,0.154,3.77,,1.287,1790365286.12,1790365386.236,1.157,demo_booking_classic,customer_hangup,0.0
1790365284,32,426c7f05-ab5b-4aa1-ac84-179e276818ce,3,paired,short,finalizada,,,2.154493656998966,3.1622829863997226,6.926,0.38,1790365347.755,1790365354.681,1.001,0.456,0.545,0.174,0.678,,0.089,3.21,,1.263,1790365286.12,1790365386.236,1.226,demo_booking_classic,customer_hangup,0.0
1790365284,32,426c7f05-ab5b-4aa1-ac84-179e276818ce,4,paired,long,finalizada,,,2.41466147499159,2.9075163958707533,10.872,3.06,1790365357.844,1790365368.717,0.559,0.552,0.006,0.171,0.733,,0.101,4.81,,0.83,1790365286.12,1790365386.236,1.39,demo_booking_classic,customer_hangup,0.0
1790365284,32,426c7f05-ab5b-4aa1-ac84-179e276818ce,5,paired,medium,finalizada,,,1.6945005669840612,3.621657519313909,10.984,2.6,1790365371.625,1790365382.609,0.566,0.542,0.024,0.214,0.692,,0.094,5.46,,0.874,1790365286.12,1790365386.236,1.033,demo_booking_classic,customer_hangup,0.0
1790365284,32,b82b3b81-455f-481c-95b5-dd74ad70f34f,0,paired,long,finalizada,,,2.275819642993156,5.210936473457794,11.422,3.52,1790365294.594,1790365306.017,0.546,0.538,0.008,0.142,0.383,,0.149,4.41,,0.836,1790365286.369,1790365381.38,1.073,demo_booking_classic,customer_hangup,0.0
1790365284,32,b82b3b81-455f-481c-95b5-dd74ad70f34f,1,paired,long,finalizada,,,2.5756397059885785,2.0925823016992284,11.921,3.06,1790365311.228,1790365323.149,0.567,0.562,0.005,0.134,0.645,,0.131,5.21,,0.832,1790365286.369,1790365381.38,1.341,demo_booking_classic,customer_hangup,0.0
1790365284,32,b82b3b81-455f-481c-95b5-dd74ad70f34f,2,paired,long,finalizada,,,2.735297197010368,4.762344691791419,15.424,3.52,1790365325.243,1790365340.666,0.572,0.563,0.01,0.173,1.112,,0.161,7.94,,0.907,1790365286.369,1790365381.38,1.5,demo_booking_classic,customer_hangup,0.0
1790365284,32,b82b3b81-455f-481c-95b5-dd74ad70f34f,3,paired,long,finalizada,,,2.096158889005892,2.455844038896687,12.429,3.06,1790365345.429,1790365357.859,0.588,0.582,0.006,0.176,0.56,,0.124,6.25,,0.888,1790365286.369,1790365381.38,1.269,demo_booking_classic,customer_hangup,0.0
1790365284,32,b82b3b81-455f-481c-95b5-dd74ad70f34f,4,paired,short,finalizada,,,2.0758263659954537,3.260750662852316,8.116,0.32,1790365360.315,1790365368.431,1.003,0.426,0.577,0.15,0.431,,0.166,4.58,,1.319,1790365286.369,1790365381.38,1.173,demo_booking_classic,customer_hangup,0.0
1790365284,32,b82b3b81-455f-481c-95b5-dd74ad70f34f,5,paired,short,finalizada,,,2.015619085985236,2.6222599069391235,7.06,0.48,1790365371.692,1790365378.752,0.625,0.617,0.008,0.22,0.442,,0.084,3.37,,0.929,1790365286.369,1790365381.38,1.147,demo_booking_classic,customer_hangup,0.0
1790365284,32,2f2e42a0-8a72-443c-9ddd-4ed08bfa5ac2,0,paired,medium,finalizada,,,2.123057491990039,1.2999613998500519,10.721,2.24,1790365295.128,1790365305.849,0.613,0.604,0.009,0.129,0.671,,0.115,5.22,,0.857,1790365286.619,1790365376.227,1.206,demo_booking_classic,customer_hangup,0.0
1790365284,32,2f2e42a0-8a72-443c-9ddd-4ed08bfa5ac2,1,paired,long,finalizada,,,2.5230735750228632,5.389343565827085,13.333,3.52,1790365307.149,1790365320.482,0.603,0.585,0.018,0.129,0.513,,0.177,6.09,,0.909,1790365286.619,1790365376.227,1.278,demo_booking_classic,customer_hangup,0.0
1790365284,32,2f2e42a0-8a72-443c-9ddd-4ed08bfa5ac2,2,paired,long,finalizada,,,2.7830028219905216,2.8896575673064295,11.253,3.06,1790365325.873,1790365337.125,0.643,0.631,0.012,0.405,0.682,,0.169,4.25,,1.217,1790365286.619,1790365376.227,1.486,demo_booking_classic,customer_hangup,0.0
1790365284,32,2f2e42a0-8a72-443c-9ddd-4ed08bfa5ac2,3,paired,long,finalizada,,,2.1027567599958275,1.0,13.077,3.52,1790365340.016,1790365353.092,0.553,0.547,0.006,0.164,0.642,,0.137,6.25,,0.854,1790365286.619,1790365376.227,1.329,demo_booking_classic,customer_hangup,0.0
1790365284,32,2f2e42a0-8a72-443c-9ddd-4ed08bfa5ac2,4,paired,short,finalizada,,,2.4225822020089254,1.9161306357490409,8.024,0.48,1790365354.093,1790365362.117,0.447,0.439,0.007,0.399,0.826,,0.085,3.93,,0.931,1790365286.619,1790365376.227,1.354,demo_booking_classic,customer_hangup,0.0
1790365284,32,2f2e42a0-8a72-443c-9ddd-4ed08bfa5ac2,5,paired,short,finalizada,,,1.8829627960221842,4.309844548237826,7.879,0.32,1790365364.034,1790365371.912,1.0,0.409,0.591,0.182,0.467,,0.109,4.5,,1.291,1790365286.619,1790365376.227,1.113,demo_booking_classic,customer_hangup,0.0
1790365284,32,db157e02-64ec-40b0-9bc8-cef8d56c1666,0,paired,medium,finalizada,,,3.009939903015038,1.7795797305448524,28.958,2.6,1790365295.116,1790365324.074,0.629,0.622,0.007,0.14,1.52,,0.131,22.11,,0.9,1790365287.202,1790365401.863,1.752,demo_booking_classic,customer_hangup,0.0
1790365284,32,db157e02-64ec-40b0-9bc8-cef8d56c1666,1,paired,long,finalizada,,,2.7696390239871107,7.696222465765923,14.947,3.06,1790365325.855,1790365340.801,0.657,0.646,0.011,0.192,0.878,,0.163,7.94,,1.012,1790365287.202,1790365401.863,1.502,demo_booking_classic,customer_hangup,0.0
1790365284,32,db157e02-64ec-40b0-9bc8-cef8d56c1666,2,paired,long,finalizada,,,1.889770400011912,1.4601135888916337,12.625,3.52,1790365348.499,1790365361.123,0.575,0.568,0.008,0.15,0.685,,0.066,6.02,,0.791,1790365287.202,1790365401.863,1.112,demo_booking_classic,customer_hangup,0.0
1790365284,32,db157e02-64ec-40b0-9bc8-cef8d56c1666,3,paired,short,finalizada,,,2.2696933039987925,3.8466960655726337,7.853,0.38,1790365362.584,1790365370.437,1.001,0.636,0.365,0.337,0.734,,0.071,4.25,,1.409,1790365287.202,1790365401.863,1.446,demo_booking_classic,customer_hangup,0.0
1790365284,32,db157e02-64ec-40b0-9bc8-cef8d56c1666,4,paired,short,finalizada,,,1.7897231279930566,2.9759992377557394,10.231,0.48,1790365374.284,1790365384.515,0.443,0.437,0.006,0.231,0.678,,0.078,6.74,,0.752,1790365287.202,1790365401.863,1.046,demo_booking_classic,customer_hangup,0.0
1790365284,32,db157e02-64ec-40b0-9bc8-cef8d56c1666,5,paired,long,finalizada,,,1.5099455440067686,3.5089135291403446,10.856,3.52,1790365387.493,1790365398.349,0.401,0.388,0.013,0.073,0.344,,0.042,5.05,,0.516,1790365287.202,1790365401.863,0.777,demo_booking_classic,customer_hangup,0.0
1790365284,32,d894ff0a-4346-41fc-9fd8-8171211bc199,0,paired,long,finalizada,,,3.7755356089910492,3.234336520803465,13.732,3.52,1790365296.821,1790365310.553,0.875,0.86,0.015,0.236,1.217,,0.152,5.29,,1.262,1790365287.451,1790365382.286,2.233,demo_booking_classic,customer_hangup,0.0
1790365284,32,d894ff0a-4346-41fc-9fd8-8171211bc199,1,paired,long,finalizada,,,1.935238905978622,7.116714993602728,10.431,3.06,1790365313.788,1790365324.22,0.559,0.553,0.007,0.132,0.55,,0.086,4.25,,0.777,1790365287.451,1790365382.286,1.191,demo_booking_classic,customer_hangup,0.0
1790365284,32,d894ff0a-4346-41fc-9fd8-8171211bc199,2,paired,short,finalizada,,,2.4359883629949763,1.6101809128250464,7.379,0.38,1790365331.337,1790365338.716,1.001,0.486,0.515,0.15,0.541,,0.162,3.69,,1.313,1790365287.451,1790365382.286,1.194,demo_booking_classic,customer_hangup,0.0
1790365284,32,d894ff0a-4346-41fc-9fd8-8171211bc199,3,paired,short,finalizada,,,1.815685633016983,7.552249810974013,7.338,0.32,1790365340.327,1790365347.665,1.001,0.44,0.561,0.263,0.581,,0.096,4.02,,1.36,1790365287.451,1790365382.286,1.1,demo_booking_classic,customer_hangup,0.0
1790365284,32,d894ff0a-4346-41fc-9fd8-8171211bc199,4,paired,short,finalizada,,,2.3551661879755557,5.710574234721627,8.405,0.38,1790365355.218,1790365363.623,1.001,0.446,0.555,0.164,0.455,,0.203,4.58,,1.368,1790365287.451,1790365382.286,1.208,demo_booking_classic,customer_hangup,0.0
1790365284,32,d894ff0a-4346-41fc-9fd8-8171211bc199,5,paired,short,finalizada,,,2.0954440729983617,5.044526446923568,7.903,0.32,1790365369.334,1790365377.237,1.0,0.488,0.513,0.228,0.515,,0.12,7.86,,1.348,1790365287.451,1790365382.286,1.122,demo_booking_classic,customer_hangup,0.0
1790365284,32,efdf3a03-3864-4f53-ae4c-bbc9a9a39c35,0,paired,short,finalizada,,,3.0144007469934877,3.3784398257373454,26.88,1.0,1790365296.122,1790365323.002,0.464,0.456,0.007,0.133,1.833,,0.136,21.71,,0.732,1790365287.701,1790365400.402,1.836,demo_booking_classic,customer_hangup,0.0
1790365284,32,efdf3a03-3864-4f53-ae4c-bbc9a9a39c35,1,paired,short,finalizada,,,1.995254436013056,1.2737942055015128,8.461,1.0,1790365326.381,1790365334.841,1.0,0.465,0.536,0.151,0.403,,0.091,4.25,,1.242,1790365287.701,1790365400.402,1.093,demo_booking_classic,customer_hangup,0.0
1790365284,32,efdf3a03-3864-4f53-ae4c-bbc9a9a39c35,2,paired,short,finalizada,,,1.8550384829868563,9.842294826941925,7.201,0.32,1790365336.117,1790365343.318,1.001,0.419,0.582,0.159,0.442,,0.151,3.86,,1.31,1790365287.701,1790365400.402,1.161,demo_booking_classic,customer_hangup,0.0
1790365284,32,efdf3a03-3864-4f53-ae4c-bbc9a9a39c35,3,paired,short,finalizada,,,1.7353698319930118,3.3610985238640008,10.997,0.32,1790365353.162,1790365364.158,1.0,0.457,0.543,0.139,1.535,,0.084,7.7,,1.223,1790365287.701,1790365400.402,1.087,demo_booking_classic,customer_hangup,0.0
1790365284,32,efdf3a03-3864-4f53-ae4c-bbc9a9a39c35,4,paired,short,finalizada,,,1.6147026830003597,3.4541408557971525,10.848,0.48,1790365367.521,1790365378.369,0.472,0.434,0.038,0.165,0.837,,0.106,7.54,,0.743,1790365287.701,1790365400.402,0.821,demo_booking_classic,customer_hangup,0.0
1790365284,32,efdf3a03-3864-4f53-ae4c-bbc9a9a39c35,5,paired,long,finalizada,,,1.9545252799871378,7.99665830949391,10.575,3.06,1790365381.824,1790365392.399,0.573,0.566,0.007,0.18,0.453,,0.042,4.57,,0.795,1790365287.701,1790365400.402,1.064,demo_booking_classic,customer_hangup,0.0
1790365284,32,3ca8964a-223c-463b-a5ab-5a72f5662ee3,0,paired,medium,finalizada,,,2.8791853800066747,1.620531762091838,28.63,2.6,1790365295.958,1790365324.588,1.001,0.543,0.458,0.14,1.562,,0.176,21.95,,1.317,1790365287.95,1790365384.807,1.557,demo_booking_classic,customer_hangup,0.0
1790365284,32,3ca8964a-223c-463b-a5ab-5a72f5662ee3,1,paired,medium,finalizada,,,3.2189597850083373,1.770493175781816,11.107,2.12,1790365326.209,1790365337.316,0.728,0.718,0.01,0.265,1.077,,0.139,4.65,,1.132,1790365287.95,1790365384.807,1.939,demo_booking_classic,customer_hangup,0.0
1790365284,32,3ca8964a-223c-463b-a5ab-5a72f5662ee3,2,paired,long,finalizada,,,2.0590305590012576,1.0,11.172,3.52,1790365339.087,1790365350.259,0.625,0.617,0.008,0.165,0.56,,0.084,4.41,,0.875,1790365287.95,1790365384.807,1.265,demo_booking_classic,customer_hangup,0.0
1790365284,32,3ca8964a-223c-463b-a5ab-5a72f5662ee3,3,paired,short,finalizada,,,1.9187687450030353,2.0371657269533583,8.651,1.0,1790365351.26,1790365359.911,1.0,0.466,0.535,0.182,0.465,,0.104,4.81,,1.286,1790365287.95,1790365384.807,1.107,demo_booking_classic,customer_hangup,0.0
1790365284,32,3ca8964a-223c-463b-a5ab-5a72f5662ee3,4,paired,short,finalizada,,,1.8987924630055204,1.0,5.636,0.38,1790365361.949,1790365367.585,1.0,0.443,0.558,0.194,0.333,,0.089,2.17,,1.284,1790365287.95,1790365384.807,1.092,demo_booking_classic,customer_hangup,0.0
1790365284,32,3ca8964a-223c-463b-a5ab-5a72f5662ee3,5,paired,long,finalizada,,,2.118600760004483,4.657333992185216,11.56,3.52,1790365368.586,1790365380.146,0.715,0.707,0.008,0.196,0.493,,0.096,4.73,,1.007,1790365287.95,1790365384.807,1.3,demo_booking_classic,customer_hangup,0.0
1790365284,32,45c882de-c9e6-45a3-8acf-4a7d24e490ff,0,paired,long,finalizada,,,2.79392565600574,3.4610421492261656,12.533,3.06,1790365296.327,1790365308.86,0.601,0.592,0.009,0.142,0.603,,0.171,5.45,,0.914,1790365287.73,1790365369.373,1.37,demo_booking_classic,customer_hangup,0.0
1790365284,32,45c882de-c9e6-45a3-8acf-4a7d24e490ff,1,paired,short,finalizada,,,2.413082083017798,2.745823676592927,8.329,0.48,1790365312.322,1790365320.651,0.431,0.424,0.007,0.135,0.608,,0.136,4.25,,0.702,1790365287.73,1790365369.373,1.172,demo_booking_classic,customer_hangup,0.0
1790365284,32,45c882de-c9e6-45a3-8acf-4a7d24e490ff,2,paired,short,finalizada,,,1.9334061910049058,2.7552878898253956,8.625,1.0,1790365323.398,1790365332.023,1.0,0.463,0.537,0.133,0.466,,0.085,4.49,,1.218,1790365287.73,1790365369.373,1.089,demo_booking_classic,customer_hangup,0.0
1790365284,32,45c882de-c9e6-45a3-8acf-4a7d24e490ff,3,paired,short,finalizada,,,1.9136357310053427,4.476058613050872,8.323,0.32,1790365334.779,1790365343.102,1.001,0.577,0.424,0.145,0.443,,0.099,4.9,,1.244,1790365287.73,1790365369.373,1.102,demo_booking_classic,customer_hangup,0.0
1790365284,32,45c882de-c9e6-45a3-8acf-4a7d24e490ff,4,paired,short,finalizada,,,2.3335737739980686,2.235966571113985,9.034,0.38,1790365347.578,1790365356.613,1.002,0.452,0.55,0.169,0.902,,0.09,5.21,,1.261,1790365287.73,1790365369.373,1.448,demo_booking_classic,customer_hangup,0.0
1790365284,32,45c882de-c9e6-45a3-8acf-4a7d24e490ff,5,paired,short,finalizada,,,2.2730015460110735,1.6713104288024103,8.847,1.0,1790365358.849,1790365367.696,1.001,0.46,0.541,0.165,0.501,,0.149,4.33,,1.314,1790365287.73,1790365369.373,1.153,demo_booking_classic,customer_hangup,0.0
1790365284,32,5b1e3c40-3d58-4233-991b-c1c8324efd88,0,paired,short,finalizada,,,2.9735752520209644,2.9604473310854913,25.45,1.0,1790365296.328,1790365321.778,0.473,0.463,0.01,0.154,1.786,,0.169,20.51,,0.796,1790365287.977,1790365381.163,1.831,demo_booking_classic,customer_hangup,0.0
1790365284,32,5b1e3c40-3d58-4233-991b-c1c8324efd88,1,paired,short,finalizada,,,2.073239877994638,1.0,9.119,0.48,1790365324.739,1790365333.858,1.002,0.391,0.611,0.133,0.68,,0.116,5.37,,1.251,1790365287.977,1790365381.163,1.191,demo_booking_classic,customer_hangup,0.0
1790365284,32,5b1e3c40-3d58-4233-991b-c1c8324efd88,2,paired,medium,finalizada,,,2.3135134799813386,2.1660602106050915,11.203,2.24,1790365334.858,1790365346.061,0.592,0.585,0.008,0.171,0.525,,0.099,5.45,,0.862,1790365287.977,1790365381.163,1.212,demo_booking_classic,customer_hangup,0.0
1790365284,32,5b1e3c40-3d58-4233-991b-c1c8324efd88,3,paired,medium,finalizada,,,1.8732760319835506,4.188183611144196,10.748,2.12,1790365348.228,1790365358.976,0.511,0.504,0.006,0.168,0.487,,0.084,5.61,,0.763,1790365287.977,1790365381.163,1.077,demo_booking_classic,customer_hangup,0.0
1790365284,32,5b1e3c40-3d58-4233-991b-c1c8324efd88,4,paired,short,finalizada,,,1.7733216589840595,2.3086225339390944,7.12,0.32,1790365363.165,1790365370.285,1.002,0.417,0.585,0.214,0.506,,0.102,4.02,,1.318,1790365287.977,1790365381.163,1.106,demo_booking_classic,customer_hangup,0.0
1790365284,32,5b1e3c40-3d58-4233-991b-c1c8324efd88,5,paired,short,finalizada,,,2.172771040000953,1.1956118554821447,7.369,0.32,1790365372.594,1790365379.963,1.001,0.575,0.426,0.197,0.49,,0.11,4.02,,1.308,1790365287.977,1790365381.163,1.114,demo_booking_classic,customer_hangup,0.0
1790365284,32,1cd5a3f0-33d7-440d-9544-f43ff8859a77,0,paired,long,finalizada,,,3.666969682992203,1.6273595596586155,14.354,3.06,1790365297.354,1790365311.708,0.79,0.773,0.017,0.176,1.138,,0.218,6.65,,1.184,1790365288.227,1790365387.62,2.135,demo_booking_classic,customer_hangup,0.0
1790365284,32,1cd5a3f0-33d7-440d-9544-f43ff8859a77,1,paired,short,finalizada,,,2.6272556940093637,1.9195161844892785,9.183,0.38,1790365313.336,1790365322.519,1.0,0.464,0.537,0.14,0.651,,0.166,4.97,,1.307,1790365288.227,1790365387.62,1.286,demo_booking_classic,customer_hangup,0.0
1790365284,32,1cd5a3f0-33d7-440d-9544-f43ff8859a77,2,paired,medium,finalizada,,,1.8668446939846035,1.3600711076340324,11.063,2.6,1790365324.44,1790365335.503,0.551,0.545,0.006,0.153,0.583,,0.101,5.38,,0.805,1790365288.227,1790365387.62,1.062,demo_booking_classic,customer_hangup,0.0
1790365284,32,1cd5a3f0-33d7-440d-9544-f43ff8859a77,3,paired,long,finalizada,,,2.286493101011729,2.088444969430764,14.042,3.52,1790365336.864,1790365350.906,0.568,0.561,0.007,0.27,0.821,,0.085,7.05,,0.922,1790365288.227,1790365387.62,1.469,demo_booking_classic,customer_hangup,0.0
1790365284,32,1cd5a3f0-33d7-440d-9544-f43ff8859a77,4,paired,long,finalizada,,,2.086663663998479,4.675112350687421,14.558,3.52,1790365352.995,1790365367.552,0.612,0.605,0.006,0.169,0.569,,0.159,7.86,,0.939,1790365288.227,1790365387.62,1.022,demo_booking_classic,customer_hangup,0.0
1790365284,32,1cd5a3f0-33d7-440d-9544-f43ff8859a77,5,paired,long,finalizada,,,2.3873132260050625,2.0218035536863845,13.366,3.06,1790365372.228,1790365385.594,0.562,0.553,0.009,0.255,0.9,,0.097,6.73,,0.915,1790365288.227,1790365387.62,1.554,demo_booking_classic,customer_hangup,0.0
1790365284,32,b114966e-0862-4535-8424-ee194a31c431,0,paired,short,finalizada,,,3.0388378239877056,3.3577325865199255,26.957,1.0,1790365296.632,1790365323.589,0.533,0.524,0.008,0.134,1.628,,0.106,21.79,,0.773,1790365288.477,1790365403.449,1.744,demo_booking_classic,customer_hangup,0.0
1790365284,32,b114966e-0862-4535-8424-ee194a31c431,1,paired,short,finalizada,,,3.0386948059895076,3.387273844511323,26.52,1.0,1790365326.948,1790365353.468,1.001,0.474,0.527,0.155,2.067,,0.098,21.39,,1.253,1790365288.477,1790365403.449,1.922,demo_booking_classic,customer_hangup,0.0
1790365284,32,b114966e-0862-4535-8424-ee194a31c431,2,paired,medium,finalizada,,,2.318749341997318,2.325770374465778,9.774,2.24,1790365356.855,1790365366.629,0.573,0.563,0.01,0.185,0.565,,0.095,4.17,,0.853,1790365288.477,1790365403.449,1.228,demo_booking_classic,customer_hangup,0.0
1790365284,32,b114966e-0862-4535-8424-ee194a31c431,3,paired,short,finalizada,,,2.198892148997402,1.72123061005792,8.179,0.38,1790365368.955,1790365377.135,1.001,0.424,0.577,0.184,0.7,,0.111,4.41,,1.297,1790365288.477,1790365403.449,1.239,demo_booking_classic,customer_hangup,0.0
1790365284,32,b114966e-0862-4535-8424-ee194a31c431,4,paired,medium,finalizada,,,1.5588757179793902,1.2967105191698307,9.275,2.24,1790365378.857,1790365388.133,0.528,0.521,0.006,0.086,0.621,,0.079,4.26,,0.693,1790365288.477,1790365403.449,0.79,demo_booking_classic,customer_hangup,0.0
1790365284,32,b114966e-0862-4535-8424-ee194a31c431,5,paired,medium,finalizada,,,2.0387532609747723,2.737769745352066,11.275,2.6,1790365389.43,1790365400.705,0.53,0.524,0.006,0.066,0.394,,0.044,5.78,,0.641,1790365288.477,1790365403.449,0.8,demo_booking_classic,customer_hangup,0.0
1790365284,32,ed79ad69-8851-49a5-9522-7bb1efe9a1bd,0,paired,medium,finalizada,,,1.9262214489863254,5.310865608322768,9.589,2.24,1790365298.068,1790365307.657,0.555,0.547,0.008,0.119,0.497,,0.174,4.42,,0.848,1790365288.87,1790365386.966,0.925,demo_booking_classic,customer_hangup,0.0
1790365284,32,ed79ad69-8851-49a5-9522-7bb1efe9a1bd,1,paired,short,finalizada,,,2.1862406459986232,5.012856365006875,11.657,0.48,1790365312.969,1790365324.626,0.504,0.497,0.006,0.241,1.031,,0.157,8.02,,0.902,1790365288.87,1790365386.966,1.073,demo_booking_classic,customer_hangup,0.0
1790365284,32,ed79ad69-8851-49a5-9522-7bb1efe9a1bd,2,paired,short,finalizada,,,2.066161862021545,1.0368456302776337,11.982,0.48,1790365329.639,1790365341.622,0.464,0.458,0.006,0.131,0.542,,0.141,8.18,,0.737,1790365288.87,1790365386.966,0.812,demo_booking_classic,customer_hangup,0.0
1790365284,32,ed79ad69-8851-49a5-9522-7bb1efe9a1bd,3,paired,medium,finalizada,,,1.9665900020045228,6.3140528373917055,11.322,2.6,1790365342.659,1790365353.981,0.608,0.6,0.008,0.169,1.052,,0.098,5.54,,0.875,1790365288.87,1790365386.966,1.158,demo_booking_classic,customer_hangup,0.0
1790365284,32,ed79ad69-8851-49a5-9522-7bb1efe9a1bd,4,paired,medium,finalizada,,,2.0865092869789805,2.3967539039310357,11.561,2.6,1790365360.296,1790365371.857,0.539,0.532,0.007,0.192,0.931,,0.089,5.7,,0.821,1790365288.87,1790365386.966,1.381,demo_booking_classic,customer_hangup,0.0
1790365284,32,ed79ad69-8851-49a5-9522-7bb1efe9a1bd,5,paired,medium,finalizada,,,1.845430531015154,3.178513755545211,9.443,2.24,1790365374.254,1790365383.697,0.568,0.562,0.006,0.22,0.519,,0.082,4.42,,0.87,1790365288.87,1790365386.966,1.02,demo_booking_classic,customer_hangup,0.0
1790365284,32,5f70b975-a483-4b71-922a-847064fc9557,0,paired,medium,finalizada,,,2.9185457990097348,2.311840113456739,10.6,2.12,1790365297.365,1790365307.964,0.71,0.703,0.007,0.204,0.555,,0.254,4.33,,1.169,1790365289.117,1790365372.61,1.515,demo_booking_classic,customer_hangup,0.0
1790365284,32,5f70b975-a483-4b71-922a-847064fc9557,1,paired,short,finalizada,,,2.3990754219994415,1.7476448158081617,8.397,0.48,1790365310.277,1790365318.673,0.6,0.595,0.005,0.131,0.367,,0.183,5.29,,0.914,1790365289.117,1790365372.61,1.147,demo_booking_classic,customer_hangup,0.0
1790365284,32,5f70b975-a483-4b71-922a-847064fc9557,2,paired,short,finalizada,,,2.0588051000086125,3.5155550831364346,7.7,0.48,1790365320.421,1790365328.122,0.445,0.439,0.006,0.121,0.368,,0.107,4.01,,0.673,1790365289.117,1790365372.61,0.918,demo_booking_classic,customer_hangup,0.0
1790365284,32,5f70b975-a483-4b71-922a-847064fc9557,3,paired,short,finalizada,,,2.958692209998844,4.920895925163022,8.236,0.48,1790365331.637,1790365339.874,0.493,0.486,0.007,0.154,0.906,,0.201,3.61,,0.848,1790365289.117,1790365372.61,1.596,demo_booking_classic,customer_hangup,0.0
1790365284,32,5f70b975-a483-4b71-922a-847064fc9557,4,paired,short,finalizada,,,2.4786907999950927,1.0859541003441737,8.114,1.0,1790365344.796,1790365352.91,1.0,0.544,0.456,0.433,0.71,,0.144,3.45,,1.578,1790365289.117,1790365372.61,1.404,demo_booking_classic,customer_hangup,0.0
1790365284,32,5f70b975-a483-4b71-922a-847064fc9557,5,paired,short,finalizada,,,2.2786798349989112,10.0,8.608,0.32,1790365353.996,1790365362.605,1.001,0.452,0.548,0.484,1.184,,0.081,5.06,,1.565,1790365289.117,1790365372.61,1.481,demo_booking_classic,customer_hangup,0.0
1790365284,32,63ff4994-4b49-45ce-baa6-f5f8abf4480b,0,paired,long,finalizada,,,3.424699573981343,1.1660438226368983,13.763,3.06,1790365298.519,1790365312.282,0.658,0.649,0.009,0.238,0.915,,0.218,6.09,,1.115,1790365289.367,1790365390.778,1.785,demo_booking_classic,customer_hangup,0.0
1790365284,32,63ff4994-4b49-45ce-baa6-f5f8abf4480b,1,paired,long,finalizada,,,2.6247123219945934,3.102042286305426,19.947,3.52,1790365313.448,1790365333.395,0.699,0.691,0.009,0.217,1.018,,0.096,12.66,,1.012,1790365289.367,1790365390.778,1.634,demo_booking_classic,customer_hangup,0.0
1790365284,32,63ff4994-4b49-45ce-baa6-f5f8abf4480b,2,paired,short,finalizada,,,2.6049437869805843,5.665947934153096,11.584,0.38,1790365336.498,1790365348.082,1.001,0.425,0.576,0.275,0.962,,0.1,7.37,,1.376,1790365289.367,1790365390.778,1.49,demo_booking_classic,customer_hangup,0.0
1790365284,32,63ff4994-4b49-45ce-baa6-f5f8abf4480b,3,paired,short,finalizada,,,2.9248738510068506,4.987347032911012,9.096,0.48,1790365353.748,1790365362.844,0.447,0.441,0.006,0.484,1.185,,0.111,4.49,,1.042,1790365289.367,1790365390.778,1.74,demo_booking_classic,customer_hangup,0.0
1790365284,32,63ff4994-4b49-45ce-baa6-f5f8abf4480b,4,paired,short,finalizada,,,2.105416899023112,3.4205384638578447,8.684,0.38,1790365367.832,1790365376.516,1.0,0.639,0.361,0.21,0.555,,0.09,5.05,,1.3,1790365289.367,1790365390.778,1.287,demo_booking_classic,customer_hangup,0.0
1790365284,32,63ff4994-4b49-45ce-baa6-f5f8abf4480b,5,paired,short,finalizada,,,2.104251454002224,2.1157166023754943,8.698,0.48,1790365379.937,1790365388.635,0.445,0.437,0.007,0.343,1.008,,0.088,5.06,,0.876,1790365289.367,1790365390.778,1.336,demo_booking_classic,customer_hangup,0.0
1790365284,32,82b44bd1-4f88-4e8b-ae9f-2ece1734a0d9,0,paired,long,finalizada,,,3.4020730269839987,2.2753926525971733,14.947,3.52,1790365298.582,1790365313.528,0.592,0.584,0.008,0.142,0.864,,0.232,6.89,,0.966,1790365289.617,1790365378.464,1.684,demo_booking_classic,customer_hangup,0.0
1790365284,32,82b44bd1-4f88-4e8b-ae9f-2ece1734a0d9,1,paired,long,finalizada,,,2.422329790017102,1.7789934481055623,14.575,3.06,1790365315.805,1790365330.38,0.565,0.556,0.009,0.15,0.772,,0.113,7.85,,0.828,1790365289.617,1790365378.464,1.444,demo_booking_classic,customer_hangup,0.0
1790365284,32,82b44bd1-4f88-4e8b-ae9f-2ece1734a0d9,2,paired,short,finalizada,,,2.68161908199545,1.2428980425798855,8.981,0.38,1790365332.16,1790365341.141,1.001,0.44,0.561,0.159,0.718,,0.165,4.74,,1.326,1790365289.617,1790365378.464,1.254,demo_booking_classic,customer_hangup,0.0
1790365284,32,82b44bd1-4f88-4e8b-ae9f-2ece1734a0d9,3,paired,short,finalizada,,,1.6624489890236873,1.9521437291237929,7.4,0.32,1790365342.385,1790365349.785,1.001,0.644,0.357,0.228,0.525,,0.051,4.18,,1.28,1790365289.617,1790365378.464,1.055,demo_booking_classic,customer_hangup,0.0
1790365284,32,82b44bd1-4f88-4e8b-ae9f-2ece1734a0d9,4,paired,long,finalizada,,,3.0420074480061885,2.899989903370342,13.756,3.52,1790365351.738,1790365365.494,0.574,0.566,0.008,0.193,0.84,,0.19,6.65,,0.958,1790365289.617,1790365378.464,1.6,demo_booking_classic,customer_hangup,0.0
1790365284,32,82b44bd1-4f88-4e8b-ae9f-2ece1734a0d9,5,paired,medium,finalizada,,,1.6226199679949787,1.5909186722953264,8.471,2.12,1790365368.395,1790365376.866,0.546,0.522,0.024,0.237,0.533,,0.07,3.54,,0.853,1790365289.617,1790365378.464,0.957,demo_booking_classic,customer_hangup,0.0
1790365284,32,d5918515-22c8-4608-b8b8-c17cfe45a7be,0,paired,short,finalizada,,,3.6662969890167005,1.9010052297396498,9.867,0.38,1790365301.239,1790365311.106,1.001,0.705,0.295,0.233,1.005,,0.243,4.65,,1.477,1790365289.825,1790365377.447,1.957,demo_booking_classic,customer_hangup,0.0
1790365284,32,d5918515-22c8-4608-b8b8-c17cfe45a7be,1,paired,short,finalizada,,,2.746516328974394,3.005149212682595,9.31,0.48,1790365313.008,1790365322.318,0.483,0.476,0.007,0.24,0.811,,0.144,4.89,,0.867,1790365289.825,1790365377.447,1.435,demo_booking_classic,customer_hangup,0.0
1790365284,32,d5918515-22c8-4608-b8b8-c17cfe45a7be,2,paired,long,finalizada,,,3.0264310450002085,4.187380758362245,14.915,3.52,1790365325.324,1790365340.239,0.723,0.714,0.009,0.407,0.873,,0.186,7.53,,1.316,1790365289.825,1790365377.447,1.776,demo_booking_classic,customer_hangup,0.0
1790365284,32,d5918515-22c8-4608-b8b8-c17cfe45a7be,3,paired,medium,finalizada,,,2.006687029002933,1.0628141195179173,10.37,2.24,1790365344.427,1790365354.797,0.533,0.527,0.006,0.168,0.583,,0.149,4.98,,0.85,1790365289.825,1790365377.447,1.073,demo_booking_classic,customer_hangup,0.0
1790365284,32,d5918515-22c8-4608-b8b8-c17cfe45a7be,4,paired,short,finalizada,,,2.286303963017417,1.1664173856871587,7.366,0.48,1790365355.861,1790365363.227,0.465,0.453,0.012,0.168,0.557,,0.144,3.45,,0.777,1790365289.825,1790365377.447,1.162,demo_booking_classic,customer_hangup,0.0
1790365284,32,d5918515-22c8-4608-b8b8-c17cfe45a7be,5,paired,long,finalizada,,,1.9066098199982662,2.5259497130838344,10.521,3.06,1790365364.394,1790365374.915,0.562,0.555,0.007,0.155,0.417,,0.085,4.33,,0.803,1790365289.825,1790365377.447,1.061,demo_booking_classic,customer_hangup,0.0
1790365284,32,911bbad0-b06f-41e4-8a5a-431e4390183a,0,paired,medium,finalizada,,,3.0399463590001687,7.567522221714044,11.879,2.24,1790365298.455,1790365310.334,0.81,0.796,0.013,0.249,0.969,,0.167,5.38,,1.226,1790365290.071,1790365402.64,1.562,demo_booking_classic,customer_hangup,0.0
1790365284,32,911bbad0-b06f-41e4-8a5a-431e4390183a,1,paired,short,finalizada,,,2.0197481250215787,2.3844392123836142,26.303,1.0,1790365317.903,1790365344.206,1.001,0.652,0.349,0.137,1.472,,0.096,22.04,,1.234,1790365290.071,1790365402.64,1.149,demo_booking_classic,customer_hangup,0.0
1790365284,32,911bbad0-b06f-41e4-8a5a-431e4390183a,2,paired,short,finalizada,,,2.059943407017272,9.711346961777535,8.254,0.32,1790365346.592,1790365354.845,1.001,0.439,0.561,0.18,0.472,,0.126,4.66,,1.306,1790365290.071,1790365402.64,1.129,demo_booking_classic,customer_hangup,0.0
1790365284,32,911bbad0-b06f-41e4-8a5a-431e4390183a,3,paired,long,finalizada,,,2.079867452994222,2.3052995053843803,11.322,3.52,1790365364.557,1790365375.879,0.653,0.644,0.008,0.18,0.569,,0.083,4.49,,0.916,1790365290.071,1790365402.64,1.299,demo_booking_classic,customer_hangup,0.0
1790365284,32,911bbad0-b06f-41e4-8a5a-431e4390183a,4,paired,medium,finalizada,,,2.2593690899957437,2.656623184285661,11.258,2.24,1790365378.185,1790365389.443,0.63,0.622,0.008,0.34,0.868,,0.077,5.46,,1.047,1790365290.071,1790365402.64,1.308,demo_booking_classic,customer_hangup,0.0
1790365284,32,911bbad0-b06f-41e4-8a5a-431e4390183a,5,paired,short,finalizada,,,2.0598680220136885,1.9147313040079517,8.62,0.32,1790365392.1,1790365400.72,1.001,0.365,0.636,0.062,0.335,,0.069,5.23,,1.132,1790365290.071,1790365402.64,1.073,demo_booking_classic,customer_hangup,0.0
1790365284,32,3fab5f82-6308-447d-97f0-e9b123b1f014,0,paired,short,finalizada,,,3.046076813014224,8.332553091227417,9.355,0.48,1790365298.89,1790365308.245,0.731,0.723,0.008,0.204,0.556,,0.292,4.65,,1.227,1790365290.321,1790365378.185,1.574,demo_booking_classic,customer_hangup,0.0
1790365284,32,3fab5f82-6308-447d-97f0-e9b123b1f014,1,paired,short,finalizada,,,1.985696342017036,1.0885452825559006,8.51,1.0,1790365316.578,1790365325.088,0.446,0.44,0.006,0.13,0.428,,0.118,4.73,,0.695,1790365290.321,1790365378.185,0.99,demo_booking_classic,customer_hangup,0.0
1790365284,32,3fab5f82-6308-447d-97f0-e9b123b1f014,2,paired,medium,finalizada,,,2.9459458740020636,3.003964657649573,10.553,2.24,1790365326.178,1790365336.731,0.633,0.624,0.009,0.167,0.947,,0.107,4.25,,0.907,1790365290.321,1790365378.185,1.684,demo_booking_classic,customer_hangup,0.0
1790365284,32,3fab5f82-6308-447d-97f0-e9b123b1f014,3,paired,short,finalizada,,,1.7061104579770472,1.7372990909571004,7.162,0.32,1790365339.735,1790365346.897,1.001,0.449,0.551,0.132,0.395,,0.126,3.94,,1.258,1790365290.321,1790365378.185,1.129,demo_booking_classic,customer_hangup,0.0
1790365284,32,3fab5f82-6308-447d-97f0-e9b123b1f014,4,paired,medium,finalizada,,,1.846001118014101,2.130388203228872,11.246,2.6,1790365348.636,1790365359.882,0.539,0.532,0.007,0.143,0.585,,0.07,5.62,,0.751,1790365290.321,1790365378.185,1.022,demo_booking_classic,customer_hangup,0.0
1790365284,32,3fab5f82-6308-447d-97f0-e9b123b1f014,5,paired,long,finalizada,,,2.086146396002732,5.443503053490952,10.723,3.06,1790365362.012,1790365372.736,0.782,0.776,0.006,0.188,0.433,,0.087,4.73,,1.058,1790365290.321,1790365378.185,1.3,demo_booking_classic,customer_hangup,0.0
1790365284,32,5bd6bd8b-946b-486a-a453-228eec43e2d0,0,paired,medium,finalizada,,,3.7305176419904456,2.093719875834734,12.247,2.12,1790365298.745,1790365310.992,0.779,0.772,0.006,0.256,1.082,,0.205,5.21,,1.239,1790365290.57,1790365377.098,2.062,demo_booking_classic,customer_hangup,0.0
1790365284,32,5bd6bd8b-946b-486a-a453-228eec43e2d0,1,paired,short,finalizada,,,1.9696956309780944,4.462161425610338,7.091,0.32,1790365313.087,1790365320.178,1.0,0.432,0.568,0.14,0.686,,0.154,3.54,,1.294,1790365290.57,1790365377.098,1.157,demo_booking_classic,customer_hangup,0.0
1790365284,32,5bd6bd8b-946b-486a-a453-228eec43e2d0,2,paired,short,finalizada,,,1.9096764639834873,2.030946338055001,9.7,1.0,1790365324.641,1790365334.341,0.467,0.46,0.007,0.153,0.587,,0.077,5.85,,0.696,1790365290.57,1790365377.098,1.128,demo_booking_classic,customer_hangup,0.0
1790365284,32,5bd6bd8b-946b-486a-a453-228eec43e2d0,3,paired,short,finalizada,,,2.4506335539917927,1.0209901852154113,9.141,0.48,1790365336.372,1790365345.512,0.561,0.547,0.014,0.266,0.737,,0.088,4.97,,0.915,1790365290.57,1790365377.098,1.376,demo_booking_classic,customer_hangup,0.0
1790365284,32,5bd6bd8b-946b-486a-a453-228eec43e2d0,4,paired,long,finalizada,,,1.9303692180255894,8.168918633093943,11.737,3.52,1790365346.535,1790365358.271,0.543,0.537,0.006,0.143,0.588,,0.089,5.13,,0.776,1790365290.57,1790365377.098,1.217,demo_booking_classic,customer_hangup,0.0
1790365284,32,5bd6bd8b-946b-486a-a453-228eec43e2d0,5,paired,short,finalizada,,,1.7901400409755297,2.4229701687302563,8.228,0.48,1790365366.441,1790365374.669,0.456,0.432,0.025,0.193,0.522,,0.077,4.89,,0.726,1790365290.57,1790365377.098,1.033,demo_booking_classic,customer_hangup,0.0
1790365284,32,0996e922-3343-4425-ac7d-73823e150de5,0,paired,medium,finalizada,,,3.564448101009475,2.6664306488988045,29.999,2.6,1790365299.545,1790365329.544,0.711,0.704,0.007,0.153,1.567,,0.234,22.99,,1.098,1790365291.218,1790365394.035,1.929,demo_booking_classic,customer_hangup,0.0
1790365284,32,0996e922-3343-4425-ac7d-73823e150de5,1,paired,short,finalizada,,,2.3251180020160973,4.814052664218021,7.766,0.32,1790365332.211,1790365339.977,1.003,0.528,0.475,0.328,0.62,,0.198,3.94,,1.529,1790365291.218,1790365394.035,1.207,demo_booking_classic,customer_hangup,0.0
1790365284,32,0996e922-3343-4425-ac7d-73823e150de5,2,paired,short,finalizada,,,2.4644108330248855,3.78717420885421,8.827,1.0,1790365344.792,1790365353.619,1.001,0.568,0.432,0.331,0.61,,0.144,4.73,,1.476,1790365291.218,1790365394.035,1.326,demo_booking_classic,customer_hangup,0.0
1790365284,32,0996e922-3343-4425-ac7d-73823e150de5,3,paired,short,finalizada,,,1.8047318360186182,1.3326374422089997,7.17,0.32,1790365357.407,1790365364.577,1.0,0.44,0.56,0.175,0.589,,0.101,3.86,,1.277,1790365291.218,1790365394.035,1.105,demo_booking_classic,customer_hangup,0.0
1790365284,32,0996e922-3343-4425-ac7d-73823e150de5,4,paired,long,finalizada,,,2.1851259820105042,6.771290173279627,11.195,3.52,1790365365.91,1790365377.105,0.585,0.577,0.008,0.184,0.554,,0.087,4.25,,0.856,1790365291.218,1790365394.035,1.222,demo_booking_classic,customer_hangup,0.0
1790365284,32,0996e922-3343-4425-ac7d-73823e150de5,5,paired,medium,finalizada,,,1.545058251998853,1.0,9.153,2.24,1790365383.877,1790365393.03,0.53,0.523,0.008,0.272,0.57,,0.085,4.02,,0.888,1790365291.218,1790365394.035,0.982,demo_booking_classic,customer_hangup,0.0
1790365284,32,a15de415-2e9b-4def-9b90-903ce02ff9c8,0,paired,short,finalizada,,,4.371842333988752,2.7583356475620224,28.801,1.0,1790365299.898,1790365328.699,0.772,0.765,0.007,0.25,2.211,,0.24,22.27,,1.262,1790365291.463,1790365403.043,2.692,demo_booking_classic,customer_hangup,0.0
1790365284,32,a15de415-2e9b-4def-9b90-903ce02ff9c8,1,paired,long,finalizada,,,2.3316470560093876,1.8916198075793387,11.398,3.52,1790365331.458,1790365342.856,0.643,0.634,0.009,0.138,0.502,,0.105,4.41,,0.886,1790365291.463,1790365403.043,1.245,demo_booking_classic,customer_hangup,0.0
1790365284,32,a15de415-2e9b-4def-9b90-903ce02ff9c8,2,paired,short,finalizada,,,1.7116987829795107,2.230823684110088,7.225,0.32,1790365344.748,1790365351.973,1.001,0.425,0.575,0.172,0.687,,0.112,3.94,,1.285,1790365291.463,1790365403.043,1.116,demo_booking_classic,customer_hangup,0.0
1790365284,32,a15de415-2e9b-4def-9b90-903ce02ff9c8,3,paired,long,finalizada,,,2.091399287019158,1.4865836259405691,13.578,3.52,1790365354.205,1790365367.782,0.669,0.662,0.006,0.162,0.621,,0.098,6.74,,0.929,1790365291.463,1790365403.043,1.203,demo_booking_classic,customer_hangup,0.0
1790365284,32,a15de415-2e9b-4def-9b90-903ce02ff9c8,4,paired,long,finalizada,,,2.0715522230020724,7.961267331811132,12.873,3.52,1790365369.269,1790365382.142,0.565,0.557,0.008,0.286,0.735,,0.094,6.02,,0.945,1790365291.463,1790365403.043,1.146,demo_booking_classic,customer_hangup,0.0
1790365284,32,a15de415-2e9b-4def-9b90-903ce02ff9c8,5,paired,long,finalizada,,,1.8916968209960032,2.8140295391724472,10.12,3.06,1790365390.104,1790365400.224,0.553,0.546,0.007,0.071,0.35,,0.069,3.85,,0.693,1790365291.463,1790365403.043,0.969,demo_booking_classic,customer_hangup,0.0
1790365284,32,f2fa3af1-1236-412b-8402-22687fa2f463,0,paired,short,finalizada,,,3.9202490280149505,1.1829918868243587,28.041,1.0,1790365300.409,1790365328.451,0.529,0.513,0.015,0.151,2.02,,0.215,21.87,,0.895,1790365291.713,1790365403.745,2.247,demo_booking_classic,customer_hangup,0.0
1790365284,32,f2fa3af1-1236-412b-8402-22687fa2f463,1,paired,long,finalizada,,,2.7208323589875363,2.8251179913209126,12.257,3.52,1790365329.634,1790365341.891,0.654,0.641,0.013,0.164,0.634,,0.171,5.69,,0.989,1790365291.713,1790365403.745,1.454,demo_booking_classic,customer_hangup,0.0
1790365284,32,f2fa3af1-1236-412b-8402-22687fa2f463,2,paired,short,finalizada,,,2.0004243880102877,4.505235338768423,7.811,0.48,1790365344.716,1790365352.528,0.458,0.451,0.006,0.159,0.667,,0.091,4.09,,0.708,1790365291.713,1790365403.745,1.213,demo_booking_classic,customer_hangup,0.0
1790365284,32,f2fa3af1-1236-412b-8402-22687fa2f463,3,paired,short,finalizada,,,1.8405131369945593,1.7879021761515763,14.359,0.32,1790365357.033,1790365371.392,1.001,0.445,0.556,0.138,0.929,,0.134,10.99,,1.273,1790365291.713,1790365403.745,1.138,demo_booking_classic,customer_hangup,0.0
1790365284,32,f2fa3af1-1236-412b-8402-22687fa2f463,4,paired,medium,finalizada,,,1.7396957220043987,3.0689676094551714,14.628,2.24,1790365373.18,1790365387.808,0.674,0.646,0.028,0.214,1.231,,0.088,9.47,,0.977,1790365291.713,1790365403.745,1.074,demo_booking_classic,customer_hangup,0.0
1790365284,32,f2fa3af1-1236-412b-8402-22687fa2f463,5,paired,long,finalizada,,,1.8602776670013554,3.0223539311626904,9.84,3.06,1790365390.878,1790365400.718,0.554,0.549,0.006,0.059,0.298,,0.093,3.85,,0.707,1790365291.713,1790365403.745,0.942,demo_booking_classic,customer_hangup,0.0
1790365284,32,3790963e-6304-4632-8fbe-df59151c150a,0,paired,long,finalizada,,,3.126371113001369,3.6485069161820367,12.879,3.52,1790365300.124,1790365313.003,0.558,0.551,0.007,0.139,0.463,,0.313,5.21,,1.01,1790365291.963,1790365394.922,1.33,demo_booking_classic,customer_hangup,0.0
1790365284,32,3790963e-6304-4632-8fbe-df59151c150a,1,paired,medium,finalizada,,,1.8665931939904112,5.255631391478567,10.752,2.6,1790365316.652,1790365327.404,0.543,0.537,0.007,0.135,0.473,,0.12,5.06,,0.798,1790365291.963,1790365394.922,0.96,demo_booking_classic,customer_hangup,0.0
1790365284,32,3790963e-6304-4632-8fbe-df59151c150a,2,paired,short,finalizada,,,3.0663625780143775,5.5293412644986235,26.263,0.48,1790365332.66,1790365358.923,0.753,0.747,0.006,0.185,1.426,,0.124,21.55,,1.063,1790365291.963,1790365394.922,1.816,demo_booking_classic,customer_hangup,0.0
1790365284,32,3790963e-6304-4632-8fbe-df59151c150a,3,paired,medium,finalizada,,,1.8665407219959889,1.0,10.187,2.12,1790365364.453,1790365374.64,0.503,0.497,0.006,0.155,0.601,,0.073,4.97,,0.732,1790365291.963,1790365394.922,1.174,demo_booking_classic,customer_hangup,0.0
1790365284,32,3790963e-6304-4632-8fbe-df59151c150a,4,paired,short,finalizada,,,1.7663946770189796,1.7231322425155673,7.561,0.32,1790365375.641,1790365383.202,1.001,0.417,0.584,0.21,0.503,,0.114,4.74,,1.325,1790365291.963,1790365394.922,1.118,demo_booking_classic,customer_hangup,0.0
1790365284,32,3790963e-6304-4632-8fbe-df59151c150a,5,paired,short,finalizada,,,1.6664702410052996,2.648077158408371,7.305,0.32,1790365384.926,1790365392.232,1.001,0.408,0.593,0.069,0.343,,0.104,4.1,,1.174,1790365291.963,1790365394.922,1.107,demo_booking_classic,customer_hangup,0.0
1790365284,32,1c626090-8719-4296-9da8-bb14df8f38b4,0,paired,short,finalizada,,,2.722541459981585,2.8143943757494974,8.315,0.32,1790365301.194,1790365309.509,1.002,0.732,0.27,0.166,0.905,,0.187,3.86,,1.355,1790365292.288,1790365379.083,1.523,demo_booking_classic,customer_hangup,0.0
1790365284,32,1c626090-8719-4296-9da8-bb14df8f38b4,1,paired,long,finalizada,,,2.061732813017443,2.2050037089591474,11.233,3.52,1790365312.325,1790365323.558,0.614,0.609,0.006,0.114,0.337,,0.159,4.41,,0.887,1790365292.288,1790365379.083,1.108,demo_booking_classic,customer_hangup,0.0
1790365284,32,1c626090-8719-4296-9da8-bb14df8f38b4,2,paired,medium,finalizada,,,2.3026001190009993,3.8206915193636473,12.579,2.6,1790365325.764,1790365338.342,0.516,0.507,0.009,0.156,1.119,,0.135,6.66,,0.807,1790365292.288,1790365379.083,1.271,demo_booking_classic,customer_hangup,0.0
1790365284,32,1c626090-8719-4296-9da8-bb14df8f38b4,3,paired,short,finalizada,,,2.0422916829993483,3.9684678214773217,8.464,0.38,1790365342.163,1790365350.628,1.0,0.458,0.542,0.132,0.753,,0.076,4.81,,1.208,1790365292.288,1790365379.083,1.29,demo_booking_classic,customer_hangup,0.0
1790365284,32,1c626090-8719-4296-9da8-bb14df8f38b4,4,paired,short,finalizada,,,2.442404926987365,2.1959518846394803,8.48,0.38,1790365354.597,1790365363.077,1.0,0.431,0.57,0.185,0.594,,0.128,4.89,,1.313,1790365292.288,1790365379.083,1.156,demo_booking_classic,customer_hangup,0.0
1790365284,32,1c626090-8719-4296-9da8-bb14df8f38b4,5,paired,long,finalizada,,,1.8821082200156525,2.681381470760949,11.123,3.52,1790365365.274,1790365376.397,0.563,0.539,0.024,0.183,0.413,,0.128,4.49,,0.874,1790365292.288,1790365379.083,1.083,demo_booking_classic,customer_hangup,0.0
1790365284,32,c00d8f4f-c6e6-4a5c-bb9d-3c24f4294e43,0,paired,medium,finalizada,,,3.0858257520012558,2.8296336902746098,10.952,2.12,1790365302.161,1790365313.113,0.547,0.537,0.01,0.117,0.582,,0.262,4.65,,0.926,1790365292.532,1790365376.146,1.386,demo_booking_classic,customer_hangup,0.0
1790365284,32,c00d8f4f-c6e6-4a5c-bb9d-3c24f4294e43,1,paired,short,finalizada,,,2.405913790978957,2.153871788460879,9.178,1.0,1790365315.943,1790365325.121,1.001,0.659,0.342,0.218,0.701,,0.065,4.57,,1.285,1790365292.532,1790365376.146,1.429,demo_booking_classic,customer_hangup,0.0
1790365284,32,c00d8f4f-c6e6-4a5c-bb9d-3c24f4294e43,2,paired,short,finalizada,,,2.0857994520047214,1.102559737468735,8.559,0.48,1790365327.276,1790365335.834,0.451,0.445,0.007,0.151,0.643,,0.122,5.05,,0.724,1790365292.532,1790365376.146,1.212,demo_booking_classic,customer_hangup,0.0
1790365284,32,c00d8f4f-c6e6-4a5c-bb9d-3c24f4294e43,3,paired,medium,finalizada,,,2.22626557800686,1.0,10.456,2.12,1790365336.938,1790365347.394,0.518,0.513,0.005,0.14,0.515,,0.13,4.89,,0.787,1790365292.532,1790365376.146,1.16,demo_booking_classic,customer_hangup,0.0
1790365284,32,c00d8f4f-c6e6-4a5c-bb9d-3c24f4294e43,4,paired,long,finalizada,,,1.866860521986382,1.5820818374167278,10.921,3.06,1790365348.395,1790365359.316,0.558,0.552,0.006,0.18,0.431,,0.081,5.05,,0.819,1790365292.532,1790365376.146,1.067,demo_booking_classic,customer_hangup,0.0
1790365284,32,c00d8f4f-c6e6-4a5c-bb9d-3c24f4294e43,5,paired,medium,finalizada,,,2.426399179996224,3.9080427657963397,11.334,2.12,1790365360.899,1790365372.233,0.594,0.586,0.008,0.337,0.918,,0.086,5.61,,1.017,1790365292.532,1790365376.146,1.593,demo_booking_classic,customer_hangup,0.0
1790365284,32,f2fc1226-7f17-476b-be62-d7014a1958f4,0,paired,medium,finalizada,,,3.477645286999177,2.1469073266686727,27.582,2.6,1790365301.69,1790365329.271,0.752,0.745,0.008,0.14,1.405,,0.326,20.35,,1.218,1790365292.782,1790365403.462,1.983,demo_booking_classic,customer_hangup,0.0
1790365284,32,f2fc1226-7f17-476b-be62-d7014a1958f4,1,paired,short,finalizada,,,2.3372371580044273,2.4341789754669048,8.897,0.32,1790365331.419,1790365340.316,1.0,0.535,0.465,0.165,0.718,,0.177,5.14,,1.342,1790365292.782,1790365403.462,1.18,demo_booking_classic,customer_hangup,0.0
1790365284,32,f2fc1226-7f17-476b-be62-d7014a1958f4,2,paired,medium,finalizada,,,1.7176473150029778,3.106030996362535,12.32,2.12,1790365342.75,1790365355.07,0.516,0.505,0.011,0.175,1.489,,0.077,7.62,,0.769,1790365292.782,1790365403.462,1.068,demo_booking_classic,customer_hangup,0.0
1790365284,32,f2fc1226-7f17-476b-be62-d7014a1958f4,3,paired,short,finalizada,,,2.336992291995557,9.218961199454462,9.903,1.0,1790365358.177,1790365368.08,1.001,0.585,0.416,0.207,0.477,,0.108,5.61,,1.316,1790365292.782,1790365403.462,1.173,demo_booking_classic,customer_hangup,0.0
1790365284,32,f2fc1226-7f17-476b-be62-d7014a1958f4,4,paired,long,finalizada,,,2.4559393160161562,1.1427289476512776,11.782,3.52,1790365377.299,1790365389.081,0.556,0.55,0.006,0.212,0.509,,0.082,4.89,,0.85,1790365292.782,1790365403.462,1.144,demo_booking_classic,customer_hangup,0.0
1790365284,32,f2fc1226-7f17-476b-be62-d7014a1958f4,5,paired,long,finalizada,,,1.7967828100081533,2.14499926667716,11.087,3.06,1790365390.225,1790365401.312,0.705,0.699,0.006,0.064,0.369,,0.074,4.98,,0.842,1790365292.782,1790365403.462,0.971,demo_booking_classic,customer_hangup,0.0
1790365284,32,d9b3af7b-4c57-4bf7-8c79-aa5b72d8e837,0,paired,long,finalizada,,,2.551307071989868,2.3425275522701154,12.966,3.06,1790365301.956,1790365314.922,0.624,0.614,0.01,0.143,0.571,,0.233,6.1,,1.0,1790365293.031,1790365394.705,1.137,demo_booking_classic,customer_hangup,0.0
1790365284,32,d9b3af7b-4c57-4bf7-8c79-aa5b72d8e837,1,paired,short,finalizada,,,2.3711333770188503,2.8982898301866586,25.21,1.0,1790365317.265,1790365342.475,1.001,0.46,0.541,0.122,1.536,,0.141,20.67,,1.264,1790365293.031,1790365394.705,1.41,demo_booking_classic,customer_hangup,0.0
1790365284,32,d9b3af7b-4c57-4bf7-8c79-aa5b72d8e837,2,paired,short,finalizada,,,2.5308604530000594,2.419647184231698,8.628,0.38,1790365345.374,1790365354.002,1.001,0.426,0.574,0.184,0.88,,0.144,4.49,,1.329,1790365293.031,1790365394.705,1.455,demo_booking_classic,customer_hangup,0.0
1790365284,32,d9b3af7b-4c57-4bf7-8c79-aa5b72d8e837,3,paired,medium,finalizada,,,2.4908773289935198,1.4184298594523836,10.256,2.24,1790365356.422,1790365366.678,0.562,0.556,0.007,0.184,0.831,,0.092,4.25,,0.838,1790365293.031,1790365394.705,1.482,demo_booking_classic,customer_hangup,0.0
1790365284,32,d9b3af7b-4c57-4bf7-8c79-aa5b72d8e837,4,paired,long,finalizada,,,1.9709542710043024,4.690014150772444,11.018,3.52,1790365368.097,1790365379.115,0.552,0.544,0.007,0.208,0.656,,0.048,4.25,,0.808,1790365293.031,1790365394.705,1.252,demo_booking_classic,customer_hangup,0.0
1790365284,32,d9b3af7b-4c57-4bf7-8c79-aa5b72d8e837,5,paired,short,finalizada,,,1.4313995350094046,3.9837135601781286,6.907,0.48,1790365383.806,1790365390.713,0.401,0.381,0.02,0.05,0.252,,0.043,3.77,,0.494,1790365293.031,1790365394.705,0.678,demo_booking_classic,customer_hangup,0.0
1790365284,48,25a816cb-f07a-4ea6-9376-24747056d2a5,0,paired,short,finalizada,,,2.594561054982478,7.74948085718154,9.893,0.38,1790365416.635,1790365426.528,1.001,0.48,0.521,0.121,0.46,,0.22,6.09,,1.342,1790365408.979,1790365504.432,1.225,demo_booking_classic,customer_hangup,0.0
1790365284,48,25a816cb-f07a-4ea6-9376-24747056d2a5,1,paired,short,finalizada,,,2.5955788219871465,3.5374762286254318,8.763,0.32,1790365434.279,1790365443.041,1.002,0.69,0.311,0.14,0.571,,0.281,4.02,,1.422,1790365408.979,1790365504.432,1.285,demo_booking_classic,customer_hangup,0.0
1790365284,48,25a816cb-f07a-4ea6-9376-24747056d2a5,2,paired,short,finalizada,,,3.314825166016817,2.7078014331837377,10.548,0.38,1790365446.579,1790365457.128,1.002,0.676,0.326,0.254,0.965,,0.228,5.61,,1.484,1790365408.979,1790365504.432,1.873,demo_booking_classic,customer_hangup,0.0
1790365284,48,25a816cb-f07a-4ea6-9376-24747056d2a5,3,paired,long,finalizada,,,3.515330478985561,2.6360403547005413,13.877,3.52,1790365459.837,1790365473.714,0.761,0.728,0.033,0.19,1.27,,0.15,5.85,,1.101,1790365408.979,1790365504.432,2.164,demo_booking_classic,customer_hangup,0.0
1790365284,48,25a816cb-f07a-4ea6-9376-24747056d2a5,4,paired,long,finalizada,,,2.675249347987119,2.120440910270382,12.097,3.06,1790365476.35,1790365488.447,0.659,0.645,0.014,0.188,0.64,,0.218,5.14,,1.064,1790365408.979,1790365504.432,1.326,demo_booking_classic,customer_hangup,0.0
1790365284,48,25a816cb-f07a-4ea6-9376-24747056d2a5,5,paired,short,finalizada,,,3.3949122359917965,1.7771059936764098,12.082,1.0,1790365490.569,1790365502.65,1.001,0.593,0.407,0.452,1.831,,0.111,6.5,,1.564,1790365408.979,1790365504.432,2.124,demo_booking_classic,customer_hangup,0.0
1790365284,48,a1a040f6-e7e7-4230-a2bc-b4d3e5133f85,0,paired,short,finalizada,,,2.6602101129828952,3.194399334884559,8.904,0.38,1790365417.21,1790365426.114,1.001,0.503,0.497,0.155,0.444,,0.159,4.65,,1.315,1790365409.25,1790365494.739,1.166,demo_booking_classic,customer_hangup,0.0
1790365284,48,a1a040f6-e7e7-4230-a2bc-b4d3e5133f85,1,paired,medium,finalizada,,,3.3004930579918437,1.0,14.496,2.24,1790365429.309,1790365443.806,0.783,0.771,0.013,0.2,1.082,,0.271,7.7,,1.254,1790365409.25,1790365494.739,1.543,demo_booking_classic,customer_hangup,0.0
1790365284,48,a1a040f6-e7e7-4230-a2bc-b4d3e5133f85,2,paired,medium,finalizada,,,2.960282760002883,2.714039982110962,10.838,2.12,1790365444.806,1790365455.643,0.753,0.744,0.009,0.256,0.729,,0.173,4.9,,1.182,1790365409.25,1790365494.739,1.273,demo_booking_classic,customer_hangup,0.0
1790365284,48,a1a040f6-e7e7-4230-a2bc-b4d3e5133f85,3,paired,short,finalizada,,,2.1999046849959996,5.203461315003579,8.133,0.48,1790365458.359,1790365466.492,0.579,0.565,0.014,0.179,0.792,,0.14,4.26,,0.899,1790365409.25,1790365494.739,0.989,demo_booking_classic,customer_hangup,0.0
1790365284,48,a1a040f6-e7e7-4230-a2bc-b4d3e5133f85,4,paired,long,finalizada,,,3.139930582983652,1.2460208281009728,12.103,3.52,1790365471.695,1790365483.798,0.762,0.753,0.009,0.177,0.875,,0.174,4.25,,1.113,1790365409.25,1790365494.739,1.805,demo_booking_classic,customer_hangup,0.0
1790365284,48,a1a040f6-e7e7-4230-a2bc-b4d3e5133f85,5,paired,short,finalizada,,,2.640032547991723,1.2505195008005683,8.435,0.48,1790365485.046,1790365493.481,0.8,0.76,0.04,0.294,0.819,,0.31,4.1,,1.404,1790365409.25,1790365494.739,1.622,demo_booking_classic,customer_hangup,0.0
1790365284,48,a7e868ca-cd38-463f-a32e-6eb9321b3163,0,paired,short,finalizada,,,2.2860423359961715,3.8088635887269966,7.831,0.32,1790365417.564,1790365425.395,1.001,0.532,0.469,0.133,0.4,,0.175,4.02,,1.309,1790365409.5,1790365493.867,1.183,demo_booking_classic,customer_hangup,0.0
1790365284,48,a7e868ca-cd38-463f-a32e-6eb9321b3163,1,paired,short,finalizada,,,2.8848561529885046,1.0,9.192,0.48,1790365429.205,1790365438.397,0.535,0.528,0.007,0.214,0.637,,0.305,4.42,,1.055,1790365409.5,1790365493.867,1.277,demo_booking_classic,customer_hangup,0.0
1790365284,48,a7e868ca-cd38-463f-a32e-6eb9321b3163,2,paired,short,finalizada,,,2.905754261009861,6.64752410340371,9.49,0.38,1790365439.398,1790365448.888,1.0,0.527,0.474,0.237,0.579,,0.28,4.98,,1.518,1790365409.5,1790365493.867,1.284,demo_booking_classic,customer_hangup,0.0
1790365284,48,a7e868ca-cd38-463f-a32e-6eb9321b3163,3,paired,short,finalizada,,,3.1448169439972844,4.005863255875534,9.106,1.0,1790365455.536,1790365464.642,0.643,0.635,0.008,0.383,0.861,,0.211,3.77,,1.237,1790365409.5,1790365493.867,1.71,demo_booking_classic,customer_hangup,0.0
1790365284,48,a7e868ca-cd38-463f-a32e-6eb9321b3163,4,paired,short,finalizada,,,3.006046027003322,5.718906621690629,8.235,0.38,1790365468.649,1790365476.883,1.001,0.491,0.51,0.198,0.731,,0.195,3.61,,1.394,1790365409.5,1790365493.867,1.423,demo_booking_classic,customer_hangup,0.0
1790365284,48,a7e868ca-cd38-463f-a32e-6eb9321b3163,5,paired,short,finalizada,,,2.8054778769728728,1.2305047277653371,10.028,1.0,1790365482.604,1790365492.632,0.551,0.527,0.024,0.192,0.705,,0.267,5.06,,1.009,1790365409.5,1790365493.867,1.326,demo_booking_classic,customer_hangup,0.0
1790365284,48,a7672b02-d5c4-40ed-b339-ce118025dd73,0,paired,medium,finalizada,,,3.0356108539854176,2.3739590454206376,11.395,2.12,1790365417.874,1790365429.269,0.604,0.595,0.01,0.131,0.454,,0.247,5.05,,0.983,1790365409.75,1790365514.673,1.3,demo_booking_classic,customer_hangup,0.0
1790365284,48,a7672b02-d5c4-40ed-b339-ce118025dd73,1,paired,medium,finalizada,,,3.41646510999999,1.0,11.542,2.6,1790365431.644,1790365443.186,0.72,0.699,0.021,0.168,0.628,,0.255,4.33,,1.143,1790365409.75,1790365514.673,1.586,demo_booking_classic,customer_hangup,0.0
1790365284,48,a7672b02-d5c4-40ed-b339-ce118025dd73,2,paired,short,finalizada,,,3.795611506997375,4.503511092604119,27.591,1.0,1790365444.186,1790365471.777,1.001,0.596,0.406,0.201,2.529,,0.156,23.31,,1.358,1790365409.75,1790365514.673,2.307,demo_booking_classic,customer_hangup,0.0
1790365284,48,a7672b02-d5c4-40ed-b339-ce118025dd73,3,paired,medium,finalizada,,,2.6153648649924435,5.7079773939404035,10.853,2.6,1790365476.282,1790365487.135,0.624,0.617,0.007,0.183,0.504,,0.17,4.41,,0.977,1790365409.75,1790365514.673,1.294,demo_booking_classic,customer_hangup,0.0
1790365284,48,a7672b02-d5c4-40ed-b339-ce118025dd73,4,paired,long,finalizada,,,3.4357416389975697,1.339085895191425,11.776,3.06,1790365492.844,1790365504.62,0.592,0.577,0.015,0.611,1.486,,0.13,4.09,,1.333,1790365409.75,1790365514.673,2.199,demo_booking_classic,customer_hangup,0.0
1790365284,48,a7672b02-d5c4-40ed-b339-ce118025dd73,5,paired,short,finalizada,,,2.0555027090013027,1.0,7.709,0.48,1790365505.96,1790365513.669,0.451,0.444,0.007,0.063,0.351,,0.115,5.29,,0.629,1790365409.75,1790365514.673,0.913,demo_booking_classic,customer_hangup,0.0
1790365284,48,71e85698-c9a2-48c3-aa7b-1d563f447496,0,paired,short,finalizada,,,3.0808470629854128,1.460738861376944,21.635,0.48,1790365420.45,1790365442.085,0.452,0.444,0.008,0.122,1.144,,0.269,16.9,,0.843,1790365409.63,1790365517.726,1.547,demo_booking_classic,customer_hangup,0.0
1790365284,48,71e85698-c9a2-48c3-aa7b-1d563f447496,1,paired,medium,finalizada,,,3.5815111190022435,1.0,12.056,2.12,1790365443.546,1790365455.602,0.867,0.849,0.018,0.28,1.165,,0.188,5.13,,1.336,1790365409.63,1790365517.726,2.213,demo_booking_classic,customer_hangup,0.0
1790365284,48,71e85698-c9a2-48c3-aa7b-1d563f447496,2,paired,long,finalizada,,,3.2407313419971615,3.7501926837866977,13.207,3.52,1790365456.603,1790365469.811,0.986,0.979,0.008,0.274,0.608,,0.177,5.21,,1.437,1790365409.63,1790365517.726,1.768,demo_booking_classic,customer_hangup,0.0
1790365284,48,71e85698-c9a2-48c3-aa7b-1d563f447496,3,paired,long,finalizada,,,3.261421521019656,1.0,14.57,3.06,1790365473.561,1790365488.131,0.592,0.583,0.008,0.19,1.125,,0.198,7.05,,0.98,1790365409.63,1790365517.726,1.911,demo_booking_classic,customer_hangup,0.0
1790365284,48,71e85698-c9a2-48c3-aa7b-1d563f447496,4,paired,short,finalizada,,,2.861652741994476,3.6189086939882094,8.703,0.32,1790365489.131,1790365497.835,1.001,0.831,0.17,0.591,1.157,,0.177,4.5,,1.769,1790365409.63,1790365517.726,1.827,demo_booking_classic,customer_hangup,0.0
1790365284,48,71e85698-c9a2-48c3-aa7b-1d563f447496,5,paired,long,finalizada,,,2.7212859760038555,2.232666616300836,14.034,3.06,1790365501.455,1790365515.489,0.594,0.584,0.009,0.158,0.879,,0.143,7.05,,0.894,1790365409.63,1790365517.726,1.61,demo_booking_classic,customer_hangup,0.0
1790365284,48,8ea724af-01de-4a1e-a73c-923bcdfa8322,0,paired,short,finalizada,,,3.157235466002021,1.2489259642082375,25.872,0.48,1790365418.204,1790365444.077,0.454,0.447,0.007,0.139,1.27,,0.227,20.99,,0.82,1790365409.88,1790365520.226,1.469,demo_booking_classic,customer_hangup,0.0
1790365284,48,8ea724af-01de-4a1e-a73c-923bcdfa8322,1,paired,short,finalizada,,,3.3177935470012017,10.0,8.795,0.38,1790365445.326,1790365454.121,1.001,0.803,0.199,0.285,0.979,,0.147,4.25,,1.433,1790365409.88,1790365520.226,1.935,demo_booking_classic,customer_hangup,0.0
1790365284,48,8ea724af-01de-4a1e-a73c-923bcdfa8322,2,paired,short,finalizada,,,3.6375989630178083,7.277979820294029,9.641,0.32,1790365464.121,1790365473.763,1.002,0.966,0.036,0.518,1.206,,0.251,4.74,,1.771,1790365409.88,1790365520.226,2.18,demo_booking_classic,customer_hangup,0.0
1790365284,48,8ea724af-01de-4a1e-a73c-923bcdfa8322,3,paired,short,finalizada,,,2.4373849789844826,6.04131492961227,8.362,0.48,1790365481.041,1790365489.403,0.503,0.489,0.014,0.206,1.028,,0.198,4.26,,0.907,1790365409.88,1790365520.226,1.4,demo_booking_classic,customer_hangup,0.0
1790365284,48,8ea724af-01de-4a1e-a73c-923bcdfa8322,4,paired,short,finalizada,,,2.696990664990153,4.311042791328766,8.263,0.48,1790365495.445,1790365503.709,0.728,0.696,0.032,0.45,1.36,,0.092,4.1,,1.27,1790365409.88,1790365520.226,1.788,demo_booking_classic,customer_hangup,0.0
1790365284,48,8ea724af-01de-4a1e-a73c-923bcdfa8322,5,paired,medium,finalizada,,,1.4956579220015556,3.1792027812724024,9.021,2.12,1790365508.021,1790365517.043,0.504,0.497,0.007,0.24,0.492,,0.07,4.18,,0.813,1790365409.88,1790365520.226,0.914,demo_booking_classic,customer_hangup,0.0
1790365284,48,63fee451-e9ea-4f9c-80f9-0126e63fd8d4,0,paired,short,finalizada,,,2.695848395000212,1.7252678157172678,9.634,0.38,1790365418.205,1790365427.839,1.002,0.464,0.538,0.128,0.552,,0.192,5.29,,1.322,1790365410.13,1790365503.046,1.211,demo_booking_classic,customer_hangup,0.0
1790365284,48,63fee451-e9ea-4f9c-80f9-0126e63fd8d4,1,paired,short,finalizada,,,3.677401351975277,2.713784979120272,10.343,1.0,1790365429.564,1790365439.907,0.639,0.63,0.009,0.148,0.725,,0.343,4.49,,1.13,1790365410.13,1790365503.046,1.703,demo_booking_classic,customer_hangup,0.0
1790365284,48,63fee451-e9ea-4f9c-80f9-0126e63fd8d4,2,paired,long,finalizada,,,3.4778089970059227,1.0,11.767,3.06,1790365442.622,1790365454.388,0.941,0.862,0.079,0.572,1.072,,0.128,4.01,,1.642,1790365410.13,1790365503.046,2.082,demo_booking_classic,customer_hangup,0.0
1790365284,48,63fee451-e9ea-4f9c-80f9-0126e63fd8d4,3,paired,long,finalizada,,,3.4169408090237994,1.2855030502415008,11.957,3.06,1790365455.389,1790365467.346,0.614,0.595,0.019,0.272,1.119,,0.199,4.25,,1.084,1790365410.13,1790365503.046,1.921,demo_booking_classic,customer_hangup,0.0
1790365284,48,63fee451-e9ea-4f9c-80f9-0126e63fd8d4,4,paired,long,finalizada,,,2.8172945989936125,6.324541481219468,11.251,3.06,1790365468.633,1790365479.883,0.695,0.685,0.01,0.306,0.573,,0.181,4.17,,1.182,1790365410.13,1790365503.046,1.444,demo_booking_classic,customer_hangup,0.0
1790365284,48,63fee451-e9ea-4f9c-80f9-0126e63fd8d4,5,paired,long,finalizada,,,3.596498088008957,4.837243599757362,11.994,3.06,1790365486.209,1790365498.203,1.041,1.022,0.019,0.717,1.141,,0.141,4.09,,1.899,1790365410.13,1790365503.046,2.315,demo_booking_classic,customer_hangup,0.0
1790365284,48,90aee499-3e0a-4036-a0d5-0136bbd46b33,0,paired,long,finalizada,,,3.072609372989973,1.73468185014946,14.054,3.06,1790365418.679,1790365432.732,1.001,0.616,0.385,0.144,0.864,,0.217,6.98,,1.361,1790365410.38,1790365500.4,1.545,demo_booking_classic,customer_hangup,0.0
1790365284,48,90aee499-3e0a-4036-a0d5-0136bbd46b33,1,paired,long,finalizada,,,2.9928109660104383,1.7874687884293332,14.336,3.06,1790365434.467,1790365448.803,0.626,0.619,0.007,0.277,0.887,,0.232,7.62,,1.135,1790365410.38,1790365500.4,1.55,demo_booking_classic,customer_hangup,0.0
1790365284,48,90aee499-3e0a-4036-a0d5-0136bbd46b33,2,paired,short,finalizada,,,2.99259808199713,1.9310010392462122,9.289,0.38,1790365450.591,1790365459.88,1.001,0.731,0.27,0.32,1.002,,0.122,4.73,,1.443,1790365410.38,1790365500.4,1.861,demo_booking_classic,customer_hangup,0.0
1790365284,48,90aee499-3e0a-4036-a0d5-0136bbd46b33,3,paired,short,finalizada,,,3.1930598939943593,7.129013730124564,10.715,1.0,1790365461.811,1790365472.527,0.865,0.857,0.008,0.313,0.781,,0.205,5.29,,1.383,1790365410.38,1790365500.4,1.847,demo_booking_classic,customer_hangup,0.0
1790365284,48,90aee499-3e0a-4036-a0d5-0136bbd46b33,4,paired,short,finalizada,,,3.152382932981709,1.7248496753442388,9.946,1.0,1790365479.657,1790365489.603,0.633,0.625,0.008,0.182,0.913,,0.209,4.57,,1.024,1790365410.38,1790365500.4,1.751,demo_booking_classic,customer_hangup,0.0
1790365284,48,90aee499-3e0a-4036-a0d5-0136bbd46b33,5,paired,short,finalizada,,,2.6723202940193005,1.0,8.065,0.32,1790365491.329,1790365499.394,1.001,0.624,0.377,0.65,1.295,,0.255,3.94,,1.907,1790365410.38,1790365500.4,1.824,demo_booking_classic,customer_hangup,0.0
1790365284,48,ab772d6e-6c70-46db-ae06-4ed8c2f7883b,0,paired,long,finalizada,,timeout esperando que el agente termine de hablar,4.00131076600519,9.88192096906619,32.523,3.52,1790365422.724,1790365455.246,1.037,1.025,0.013,0.331,2.677,,0.237,24.2,,1.606,1790365411.136,1790365549.833,2.252,demo_booking_classic,customer_hangup,0.0
1790365284,48,ab772d6e-6c70-46db-ae06-4ed8c2f7883b,1,paired,short,finalizada,,,2.141672355995979,2.0424164991950273,7.785,0.32,1790365465.129,1790365472.914,1.001,0.546,0.455,0.307,0.725,,0.219,4.02,,1.527,1790365411.136,1790365549.833,1.224,demo_booking_classic,customer_hangup,0.0
1790365284,48,ab772d6e-6c70-46db-ae06-4ed8c2f7883b,2,paired,short,finalizada,,,2.5214901540020946,6.03137823193335,27.839,1.0,1790365474.957,1790365502.795,0.636,0.615,0.021,0.207,2.218,,0.21,23.16,,1.052,1790365411.136,1790365549.833,1.248,demo_booking_classic,customer_hangup,0.0
1790365284,48,ab772d6e-6c70-46db-ae06-4ed8c2f7883b,3,paired,short,finalizada,,,2.1217024460202083,1.0219189647687,10.498,1.0,1790365508.828,1790365519.326,0.471,0.465,0.006,0.229,0.992,,0.087,6.1,,0.787,1790365411.136,1790365549.833,1.33,demo_booking_classic,customer_hangup,0.0
1790365284,48,ab772d6e-6c70-46db-ae06-4ed8c2f7883b,4,paired,medium,finalizada,,,1.4815397890051827,1.9564335845587801,9.724,2.12,1790365520.349,1790365530.073,0.401,0.381,0.02,0.098,0.37,,0.045,4.89,,0.544,1790365411.136,1790365549.833,0.798,demo_booking_classic,customer_hangup,0.0
1790365284,48,ab772d6e-6c70-46db-ae06-4ed8c2f7883b,5,paired,short,finalizada,,,1.78115208397503,10.0,7.798,0.38,1790365532.03,1790365539.828,1.0,0.364,0.636,0.068,0.32,,0.046,4.49,,1.115,1790365411.136,1790365549.833,1.049,demo_booking_classic,customer_hangup,0.0
1790365284,48,a0f64c2e-7dc9-445b-9775-95390f0b8a6c,0,paired,medium,finalizada,,,2.57320714101661,2.8237470878975057,10.514,2.24,1790365420.033,1790365430.547,0.737,0.727,0.009,0.147,0.535,,0.179,4.5,,1.063,1790365411.385,1790365519.485,1.153,demo_booking_classic,customer_hangup,0.0
1790365284,48,a0f64c2e-7dc9-445b-9775-95390f0b8a6c,1,paired,long,finalizada,,,3.0331299810204655,2.9108662456631977,22.019,3.52,1790365433.371,1790365455.39,0.696,0.645,0.051,0.157,1.362,,0.316,15.31,,1.169,1790365411.385,1790365519.485,1.481,demo_booking_classic,customer_hangup,0.0
1790365284,48,a0f64c2e-7dc9-445b-9775-95390f0b8a6c,2,paired,short,finalizada,,,3.1731412920053117,1.86573729047354,8.703,1.0,1790365458.302,1790365467.005,1.001,0.58,0.421,0.239,0.85,,0.21,3.45,,1.449,1790365411.385,1790365519.485,1.644,demo_booking_classic,customer_hangup,0.0
1790365284,48,a0f64c2e-7dc9-445b-9775-95390f0b8a6c,3,paired,short,finalizada,,,3.013282089988934,6.013607027058735,9.286,0.48,1790365468.871,1790365478.158,0.593,0.582,0.011,0.218,0.552,,0.223,4.57,,1.034,1790365411.385,1790365519.485,1.367,demo_booking_classic,customer_hangup,0.0
1790365284,48,a0f64c2e-7dc9-445b-9775-95390f0b8a6c,4,paired,long,finalizada,,,3.0735306330025196,1.958935929327819,13.255,3.52,1790365484.172,1790365497.427,0.657,0.631,0.026,0.215,1.042,,0.242,5.53,,1.114,1790365411.385,1790365519.485,1.922,demo_booking_classic,customer_hangup,0.0
1790365284,48,a0f64c2e-7dc9-445b-9775-95390f0b8a6c,5,paired,medium,finalizada,,,2.132771691016387,10.0,10.094,2.24,1790365499.386,1790365509.48,0.781,0.774,0.007,0.214,0.697,,0.21,4.5,,1.206,1790365411.385,1790365519.485,1.477,demo_booking_classic,customer_hangup,0.0
1790365284,48,5046bb30-65b5-4b60-99ef-f1288d5c3c85,0,paired,medium,finalizada,,,3.291862926998874,1.890315589379558,11.113,2.12,1790365419.805,1790365430.918,0.675,0.663,0.012,0.219,0.808,,0.219,4.49,,1.113,1790365411.635,1790365500.775,1.696,demo_booking_classic,customer_hangup,0.0
1790365284,48,5046bb30-65b5-4b60-99ef-f1288d5c3c85,1,paired,short,finalizada,,,2.5113976809952874,1.723189258727687,8.244,0.32,1790365432.809,1790365441.053,1.001,0.532,0.468,0.14,0.654,,0.267,3.78,,1.408,1790365411.635,1790365500.775,1.271,demo_booking_classic,customer_hangup,0.0
1790365284,48,5046bb30-65b5-4b60-99ef-f1288d5c3c85,2,paired,long,finalizada,,,3.250950007000938,5.1646821569477375,11.397,3.06,1790365442.777,1790365454.173,0.73,0.706,0.025,0.47,1.04,,0.144,3.85,,1.344,1790365411.635,1790365500.775,1.901,demo_booking_classic,customer_hangup,0.0
1790365284,48,5046bb30-65b5-4b60-99ef-f1288d5c3c85,3,paired,long,finalizada,,,3.251176760997623,1.8371814353088471,11.826,3.06,1790365459.339,1790365471.165,0.699,0.667,0.032,0.187,0.557,,0.221,4.81,,1.106,1790365411.635,1790365500.775,1.449,demo_booking_classic,customer_hangup,0.0
1790365284,48,5046bb30-65b5-4b60-99ef-f1288d5c3c85,4,paired,medium,finalizada,,,3.2506894350226503,2.7551786607476005,11.086,2.12,1790365473.003,1790365484.088,0.571,0.552,0.019,0.256,1.191,,0.16,4.73,,0.987,1790365411.635,1790365500.775,1.907,demo_booking_classic,customer_hangup,0.0
1790365284,48,5046bb30-65b5-4b60-99ef-f1288d5c3c85,5,paired,medium,finalizada,,,3.1717519229860045,1.0,12.926,2.6,1790365486.844,1790365499.77,0.895,0.883,0.013,0.593,1.25,,0.149,5.94,,1.638,1790365411.635,1790365500.775,1.92,demo_booking_classic,customer_hangup,0.0
1790365284,48,a956eeeb-f7bb-4351-a928-ae62fb2c18c8,0,paired,short,finalizada,,,3.437546687986469,1.7858185643961002,26.432,1.0,1790365420.549,1790365446.981,0.48,0.47,0.01,0.137,2.18,,0.191,20.75,,0.809,1790365411.885,1790365510.542,1.844,demo_booking_classic,customer_hangup,0.0
1790365284,48,a956eeeb-f7bb-4351-a928-ae62fb2c18c8,1,paired,medium,finalizada,,,2.6975639289885294,1.8105564216993575,10.526,2.24,1790365448.768,1790365459.294,0.732,0.717,0.015,0.202,0.782,,0.09,4.41,,1.025,1790365411.885,1790365510.542,1.595,demo_booking_classic,customer_hangup,0.0
1790365284,48,a956eeeb-f7bb-4351-a928-ae62fb2c18c8,2,paired,short,finalizada,,,2.6368381590000354,2.927660879640841,9.667,1.0,1790365461.105,1790365470.772,1.001,0.493,0.508,0.144,0.444,,0.244,4.98,,1.389,1790365411.885,1790365510.542,1.252,demo_booking_classic,customer_hangup,0.0
1790365284,48,a956eeeb-f7bb-4351-a928-ae62fb2c18c8,3,paired,short,finalizada,,,2.9170066069928,1.082406828045562,10.991,0.48,1790365473.7,1790365484.691,0.67,0.664,0.006,0.312,1.284,,0.221,6.42,,1.203,1790365411.885,1790365510.542,1.682,demo_booking_classic,customer_hangup,0.0
1790365284,48,a956eeeb-f7bb-4351-a928-ae62fb2c18c8,4,paired,long,finalizada,,,2.7775962940067984,3.009136025364575,11.158,3.06,1790365485.775,1790365496.933,0.795,0.67,0.126,0.292,0.681,,0.186,4.09,,1.273,1790365411.885,1790365510.542,1.626,demo_booking_classic,customer_hangup,0.0
1790365284,48,a956eeeb-f7bb-4351-a928-ae62fb2c18c8,5,paired,short,finalizada,,,2.036814408027567,3.11935285561293,7.476,0.32,1790365499.943,1790365507.418,1.0,0.493,0.507,0.088,0.671,,0.241,3.94,,1.329,1790365411.885,1790365510.542,1.245,demo_booking_classic,customer_hangup,0.0
1790365284,48,d2f46ccf-88a4-47b1-b43b-b41fc8ab1e17,0,paired,medium,finalizada,,,2.3587574010016397,2.2601265204379435,9.787,2.24,1790365420.297,1790365430.084,0.664,0.654,0.01,0.163,0.655,,0.228,4.02,,1.055,1790365411.575,1790365511.023,1.156,demo_booking_classic,customer_hangup,0.0
1790365284,48,d2f46ccf-88a4-47b1-b43b-b41fc8ab1e17,1,paired,medium,finalizada,,,2.698455424979329,1.0,10.417,2.12,1790365432.345,1790365442.762,0.721,0.714,0.007,0.148,0.526,,0.293,3.86,,1.162,1790365411.575,1790365511.023,1.347,demo_booking_classic,customer_hangup,0.0
1790365284,48,d2f46ccf-88a4-47b1-b43b-b41fc8ab1e17,2,paired,short,finalizada,,,2.877785662014503,1.6836952229312496,14.561,1.0,1790365443.763,1790365458.324,1.001,0.513,0.489,0.157,1.17,,0.191,9.62,,1.35,1790365411.575,1790365511.023,1.797,demo_booking_classic,customer_hangup,0.0
1790365284,48,d2f46ccf-88a4-47b1-b43b-b41fc8ab1e17,3,paired,long,finalizada,,,4.798376796999946,5.968893996557212,17.917,3.52,1790365460.008,1790365477.925,0.923,0.912,0.011,0.42,2.275,,0.154,8.41,,1.496,1790365411.575,1790365511.023,3.346,demo_booking_classic,customer_hangup,0.0
1790365284,48,d2f46ccf-88a4-47b1-b43b-b41fc8ab1e17,4,paired,medium,finalizada,,,3.118372338998597,4.33315322563306,12.265,2.6,1790365483.894,1790365496.159,0.903,0.888,0.015,0.332,0.788,,0.312,5.38,,1.547,1790365411.575,1790365511.023,1.818,demo_booking_classic,customer_hangup,0.0
1790365284,48,d2f46ccf-88a4-47b1-b43b-b41fc8ab1e17,5,paired,short,finalizada,,,2.2789757050049957,1.933700786925193,8.592,0.48,1790365500.493,1790365509.085,0.501,0.492,0.01,0.218,0.624,,0.215,4.65,,0.934,1790365411.575,1790365511.023,1.335,demo_booking_classic,customer_hangup,0.0
1790365284,48,8a5d3c52-92cc-46f1-a8b3-9621a46924e9,0,paired,long,finalizada,,,2.349931019009091,4.283550558187737,11.438,3.06,1790365420.315,1790365431.754,0.648,0.639,0.009,0.142,0.576,,0.252,4.82,,1.042,1790365411.823,1790365513.767,1.284,demo_booking_classic,customer_hangup,0.0
1790365284,48,8a5d3c52-92cc-46f1-a8b3-9621a46924e9,1,paired,short,finalizada,,,2.910195044009015,4.100877737935797,10.6,1.0,1790365436.038,1790365446.638,1.001,0.628,0.373,0.136,0.467,,0.287,5.46,,1.423,1790365411.823,1790365513.767,1.291,demo_booking_classic,customer_hangup,0.0
1790365284,48,8a5d3c52-92cc-46f1-a8b3-9621a46924e9,2,paired,long,finalizada,,,2.1495694830082357,1.3809063439317373,11.487,3.06,1790365450.74,1790365462.227,0.652,0.643,0.008,0.155,0.467,,0.182,5.14,,0.989,1790365411.823,1790365513.767,1.114,demo_booking_classic,customer_hangup,0.0
1790365284,48,8a5d3c52-92cc-46f1-a8b3-9621a46924e9,3,paired,long,finalizada,,,3.2695852470060345,5.126573422301364,12.669,3.52,1790365463.609,1790365476.277,0.967,0.96,0.007,0.219,0.646,,0.367,4.65,,1.553,1790365411.823,1790365513.767,1.976,demo_booking_classic,customer_hangup,0.0
1790365284,48,8a5d3c52-92cc-46f1-a8b3-9621a46924e9,4,paired,long,finalizada,,,2.6496181540132966,2.417721231994605,11.841,3.06,1790365481.405,1790365493.246,0.807,0.799,0.008,0.175,0.719,,0.266,4.9,,1.249,1790365411.823,1790365513.767,1.494,demo_booking_classic,customer_hangup,0.0
1790365284,48,8a5d3c52-92cc-46f1-a8b3-9621a46924e9,5,paired,short,finalizada,,,3.2904675910249352,6.7631354503015055,11.334,0.48,1790365495.665,1790365506.999,0.68,0.649,0.031,0.532,1.541,,0.209,6.34,,1.421,1790365411.823,1790365513.767,2.125,demo_booking_classic,customer_hangup,0.0
1790365284,48,b5711781-192b-4baf-8e48-0ad07c44b78b,0,paired,medium,finalizada,,,2.6861970300087705,2.7665351397821825,10.157,2.24,1790365422.979,1790365433.137,0.907,0.894,0.014,0.229,1.011,,0.209,4.02,,1.345,1790365412.073,1790365530.076,1.563,demo_booking_classic,customer_hangup,0.0
1790365284,48,b5711781-192b-4baf-8e48-0ad07c44b78b,1,paired,medium,finalizada,,,2.86625677801203,2.1333674129152076,7.712,2.24,1790365435.904,1790365443.616,0.753,0.74,0.013,0.186,0.756,,0.187,5.62,,1.127,1790365412.073,1790365530.076,1.317,demo_booking_classic,customer_hangup,0.0
1790365284,48,b5711781-192b-4baf-8e48-0ad07c44b78b,2,paired,medium,finalizada,,,2.5865761089953594,1.584482054224395,11.997,2.6,1790365445.75,1790365457.746,0.581,0.572,0.009,0.244,0.862,,0.213,5.62,,1.038,1790365412.073,1790365530.076,1.197,demo_booking_classic,customer_hangup,0.0
1790365284,48,b5711781-192b-4baf-8e48-0ad07c44b78b,3,paired,short,finalizada,,,3.4866192110057455,2.568844630232713,25.854,0.48,1790365459.332,1790365485.186,0.537,0.52,0.017,0.269,1.895,,0.21,20.67,,1.016,1790365412.073,1790365530.076,2.014,demo_booking_classic,customer_hangup,0.0
1790365284,48,b5711781-192b-4baf-8e48-0ad07c44b78b,4,paired,short,finalizada,,,2.3867507170070894,1.6574004372084359,8.669,0.32,1790365487.757,1790365496.426,1.001,0.503,0.497,0.265,0.607,,0.234,4.74,,1.5,1790365412.073,1790365530.076,1.24,demo_booking_classic,customer_hangup,0.0
1790365284,48,b5711781-192b-4baf-8e48-0ad07c44b78b,5,paired,long,finalizada,,,3.5261359620199073,1.8935541604801969,30.094,3.52,1790365498.084,1790365528.178,0.615,0.606,0.009,0.217,3.357,,0.093,21.71,,0.926,1790365412.073,1790365530.076,2.728,demo_booking_classic,customer_hangup,0.0
1790365284,48,30d92f23-10f2-48c2-8f29-4ff69c04d0f3,0,paired,medium,finalizada,,,2.532581097999355,1.3022063762177114,10.283,2.24,1790365420.503,1790365430.786,0.69,0.681,0.009,0.183,0.768,,0.227,4.26,,1.099,1790365412.323,1790365505.422,1.276,demo_booking_classic,customer_hangup,0.0
1790365284,48,30d92f23-10f2-48c2-8f29-4ff69c04d0f3,1,paired,short,finalizada,,,2.5728550130152144,2.9372992837722895,9.089,0.48,1790365432.089,1790365441.178,0.605,0.599,0.006,0.149,0.625,,0.278,4.58,,1.032,1790365412.323,1790365505.422,1.131,demo_booking_classic,customer_hangup,0.0
1790365284,48,30d92f23-10f2-48c2-8f29-4ff69c04d0f3,2,paired,short,finalizada,,,2.373188311990816,2.121719078751425,8.222,0.38,1790365444.117,1790365452.339,1.001,0.573,0.428,0.144,0.553,,0.281,4.34,,1.426,1790365412.323,1790365505.422,1.29,demo_booking_classic,customer_hangup,0.0
1790365284,48,30d92f23-10f2-48c2-8f29-4ff69c04d0f3,3,paired,long,finalizada,,,3.553207806980936,3.417948377088014,16.643,3.06,1790365454.462,1790365471.105,0.641,0.626,0.016,0.311,1.564,,0.255,9.62,,1.207,1790365412.323,1790365505.422,1.985,demo_booking_classic,customer_hangup,0.0
1790365284,48,30d92f23-10f2-48c2-8f29-4ff69c04d0f3,4,paired,short,finalizada,,,2.972665939014405,3.1942348244375993,11.014,1.0,1790365474.524,1790365485.538,1.001,0.533,0.468,0.19,0.863,,0.218,5.85,,1.409,1790365412.323,1790365505.422,1.62,demo_booking_classic,customer_hangup,0.0
1790365284,48,30d92f23-10f2-48c2-8f29-4ff69c04d0f3,5,paired,long,finalizada,,,3.253140724991681,2.229927783245757,14.451,3.52,1790365488.733,1790365503.184,0.735,0.689,0.045,0.253,1.068,,0.138,6.49,,1.126,1790365412.323,1790365505.422,1.933,demo_booking_classic,customer_hangup,0.0
1790365284,48,14ab682c-1add-4934-a9fe-05d52432762b,0,paired,short,finalizada,,,3.44248229402001,2.4199147294128753,26.354,1.0,1790365421.199,1790365447.553,0.543,0.535,0.008,0.154,2.025,,0.147,20.75,,0.844,1790365412.753,1790365527.914,1.991,demo_booking_classic,customer_hangup,0.0
1790365284,48,14ab682c-1add-4934-a9fe-05d52432762b,1,paired,long,finalizada,,,2.5429965619987343,1.047812921897784,12.1,3.52,1790365449.974,1790365462.074,0.662,0.651,0.012,0.164,0.508,,0.159,4.81,,0.986,1790365412.753,1790365527.914,1.321,demo_booking_classic,customer_hangup,0.0
1790365284,48,14ab682c-1add-4934-a9fe-05d52432762b,2,paired,short,finalizada,,,3.8232087350043003,7.089450516112958,9.24,0.48,1790365463.123,1790365472.363,0.785,0.77,0.015,0.415,1.551,,0.153,3.69,,1.353,1790365412.753,1790365527.914,2.485,demo_booking_classic,customer_hangup,0.0
1790365284,48,14ab682c-1add-4934-a9fe-05d52432762b,3,paired,long,finalizada,,,2.743086063012015,2.068860135180565,13.613,3.52,1790365479.453,1790365493.066,0.644,0.63,0.013,0.191,0.683,,0.197,6.18,,1.031,1790365412.753,1790365527.914,1.214,demo_booking_classic,customer_hangup,0.0
1790365284,48,14ab682c-1add-4934-a9fe-05d52432762b,4,paired,long,finalizada,,,2.962969685991993,4.927166190742413,11.461,3.06,1790365495.135,1790365506.596,0.609,0.603,0.006,0.323,0.808,,0.145,4.41,,1.077,1790365412.753,1790365527.914,1.56,demo_booking_classic,customer_hangup,0.0
1790365284,48,14ab682c-1add-4934-a9fe-05d52432762b,5,paired,long,finalizada,,,1.622281561983982,3.3495292323795383,13.037,3.52,1790365511.524,1790365524.56,0.555,0.547,0.008,0.08,0.449,,0.082,6.66,,0.717,1790365412.753,1790365527.914,0.901,demo_booking_classic,customer_hangup,0.0
1790365284,48,179e60c4-f310-453f-9abc-b3fa53542397,0,paired,short,finalizada,,,3.2866841579962056,2.2622753320137887,9.366,0.48,1790365421.466,1790365430.831,0.62,0.608,0.012,0.222,0.811,,0.22,4.41,,1.062,1790365412.999,1790365504.732,1.644,demo_booking_classic,customer_hangup,0.0
1790365284,48,179e60c4-f310-453f-9abc-b3fa53542397,1,paired,short,finalizada,,,3.246807815012289,2.59454220497201,9.489,0.48,1790365433.094,1790365442.583,0.549,0.539,0.01,0.149,0.648,,0.273,4.57,,0.971,1790365412.999,1790365504.732,1.465,demo_booking_classic,customer_hangup,0.0
1790365284,48,179e60c4-f310-453f-9abc-b3fa53542397,2,paired,long,finalizada,,,2.7668868850159924,2.4547155138316072,11.853,3.52,1790365445.178,1790365457.031,0.615,0.605,0.009,0.176,0.698,,0.136,4.33,,0.926,1790365412.999,1790365504.732,1.444,demo_booking_classic,customer_hangup,0.0
1790365284,48,179e60c4-f310-453f-9abc-b3fa53542397,3,paired,long,finalizada,,,3.206688412989024,1.4768341853484923,11.974,3.06,1790365459.486,1790365471.46,0.905,0.893,0.012,0.169,0.687,,0.206,4.49,,1.28,1790365412.999,1790365504.732,1.793,demo_booking_classic,customer_hangup,0.0
1790365284,48,179e60c4-f310-453f-9abc-b3fa53542397,4,paired,short,finalizada,,,2.1267499530222267,10.0,7.888,0.32,1790365472.938,1790365480.826,1.001,0.608,0.392,0.197,0.76,,0.152,4.18,,1.349,1790365412.999,1790365504.732,1.182,demo_booking_classic,customer_hangup,0.0
1790365284,48,179e60c4-f310-453f-9abc-b3fa53542397,5,paired,medium,finalizada,,,2.3464862660039216,3.350119610802122,10.549,2.12,1790365490.827,1790365501.375,0.581,0.525,0.055,0.271,1.081,,0.163,4.9,,1.014,1790365412.999,1790365504.732,1.249,demo_booking_classic,customer_hangup,0.0
1790365284,48,3f84628b-d7a2-4753-8a86-91f8f0a95207,0,paired,long,finalizada,,,2.8263659450167324,1.0,12.565,3.06,1790365421.855,1790365434.42,0.616,0.591,0.025,0.183,0.594,,0.218,5.45,,1.016,1790365413.249,1790365503.318,1.407,demo_booking_classic,customer_hangup,0.0
1790365284,48,3f84628b-d7a2-4753-8a86-91f8f0a95207,1,paired,long,finalizada,,,3.7464741360163316,2.5675117712546447,13.706,3.52,1790365435.42,1790365449.126,0.74,0.731,0.009,0.274,1.124,,0.304,5.21,,1.317,1790365413.249,1790365503.318,2.164,demo_booking_classic,customer_hangup,0.0
1790365284,48,3f84628b-d7a2-4753-8a86-91f8f0a95207,2,paired,short,finalizada,,,2.3064298429817427,1.0,8.238,0.38,1790365451.694,1790365459.933,1.001,0.444,0.556,0.186,0.431,,0.161,4.33,,1.348,1790365413.249,1790365503.318,1.165,demo_booking_classic,customer_hangup,0.0
1790365284,48,3f84628b-d7a2-4753-8a86-91f8f0a95207,3,paired,medium,finalizada,,,2.8864773949899245,1.0,12.647,2.12,1790365460.933,1790365473.58,0.597,0.589,0.008,0.198,1.202,,0.25,6.42,,1.045,1790365413.249,1790365503.318,1.563,demo_booking_classic,customer_hangup,0.0
1790365284,48,3f84628b-d7a2-4753-8a86-91f8f0a95207,4,paired,short,finalizada,,,2.406518578005489,5.6266700446758895,8.594,0.38,1790365474.58,1790365483.174,1.0,0.455,0.545,0.18,1.213,,0.134,4.66,,1.315,1790365413.249,1790365503.318,1.32,demo_booking_classic,customer_hangup,0.0
1790365284,48,3f84628b-d7a2-4753-8a86-91f8f0a95207,5,paired,long,finalizada,,,3.8065640830027405,1.634579680776528,12.862,3.52,1790365488.801,1790365501.663,0.922,0.911,0.011,0.229,1.248,,0.196,4.33,,1.347,1790365413.249,1790365503.318,2.359,demo_booking_classic,customer_hangup,0.0
1790365284,48,bf0eccd9-28c3-4746-b5aa-4bd5af954fe2,0,paired,medium,finalizada,,,3.1566269279865082,3.664470354527193,28.195,2.6,1790365421.816,1790365450.01,0.624,0.616,0.008,0.139,2.107,,0.286,21.79,,1.049,1790365413.499,1790365532.651,1.867,demo_booking_classic,customer_hangup,0.0
1790365284,48,bf0eccd9-28c3-4746-b5aa-4bd5af954fe2,1,paired,long,finalizada,,,3.076350402989192,1.7761535453042978,15.722,3.06,1790365453.675,1790365469.398,0.751,0.744,0.007,0.27,1.3,,0.201,8.58,,1.222,1790365413.499,1790365532.651,1.616,demo_booking_classic,customer_hangup,0.0
1790365284,48,bf0eccd9-28c3-4746-b5aa-4bd5af954fe2,2,paired,medium,finalizada,,,4.396754849993158,3.2883295204720233,27.953,2.6,1790365471.174,1790365499.127,0.609,0.6,0.009,0.196,2.795,,0.183,19.71,,0.988,1790365413.499,1790365532.651,3.0,demo_booking_classic,customer_hangup,0.0
1790365284,48,bf0eccd9-28c3-4746-b5aa-4bd5af954fe2,3,paired,short,finalizada,,,2.0367687099787872,1.6061616062573947,7.548,0.32,1790365502.416,1790365509.964,1.0,0.536,0.464,0.551,1.033,,0.088,4.02,,1.639,1790365413.499,1790365532.651,1.439,demo_booking_classic,customer_hangup,0.0
1790365284,48,bf0eccd9-28c3-4746-b5aa-4bd5af954fe2,4,paired,short,finalizada,,,1.3168051909888163,4.514908359644258,7.227,0.48,1790365511.571,1790365518.797,0.438,0.431,0.007,0.065,0.292,,0.091,4.26,,0.594,1790365413.499,1790365532.651,0.681,demo_booking_classic,customer_hangup,0.0
1790365284,48,bf0eccd9-28c3-4746-b5aa-4bd5af954fe2,5,paired,short,finalizada,,,1.5365580579964444,2.1622351511477085,7.17,0.32,1790365523.313,1790365530.484,1.001,0.428,0.573,0.061,0.287,,0.045,4.42,,1.107,1790365413.499,1790365532.651,1.048,demo_booking_classic,customer_hangup,0.0
1790365284,48,a485e56e-9f12-43a4-ab84-9914d8c9df81,0,paired,medium,finalizada,,,3.9163562550093047,1.0,13.109,2.12,1790365423.638,1790365436.746,0.664,0.651,0.014,0.318,1.522,,0.186,5.85,,1.169,1790365414.026,1790365512.415,2.364,demo_booking_classic,customer_hangup,0.0
1790365284,48,a485e56e-9f12-43a4-ab84-9914d8c9df81,1,paired,short,finalizada,,,2.1553548089868855,3.560889561931078,7.518,0.32,1790365437.747,1790365445.265,1.001,0.457,0.544,0.174,0.474,,0.194,3.62,,1.368,1790365414.026,1790365512.415,1.198,demo_booking_classic,customer_hangup,0.0
1790365284,48,a485e56e-9f12-43a4-ab84-9914d8c9df81,2,paired,medium,finalizada,,,2.435278313991148,2.96427751226816,11.008,2.12,1790365448.826,1790365459.833,0.533,0.524,0.009,0.13,0.807,,0.105,5.21,,0.767,1790365414.026,1790365512.415,1.439,demo_booking_classic,customer_hangup,0.0
1790365284,48,a485e56e-9f12-43a4-ab84-9914d8c9df81,3,paired,medium,finalizada,,,3.035533882997697,1.7250692429728456,15.34,2.24,1790365462.799,1790365478.139,0.666,0.656,0.01,0.291,1.929,,0.26,8.82,,1.217,1790365414.026,1790365512.415,1.559,demo_booking_classic,customer_hangup,0.0
1790365284,48,a485e56e-9f12-43a4-ab84-9914d8c9df81,4,paired,medium,finalizada,,,3.23549256901606,3.4651639603674376,11.791,2.12,1790365479.864,1790365491.656,0.686,0.678,0.008,0.19,0.842,,0.202,5.37,,1.078,1790365414.026,1790365512.415,1.728,demo_booking_classic,customer_hangup,0.0
1790365284,48,a485e56e-9f12-43a4-ab84-9914d8c9df81,5,paired,medium,finalizada,,,3.376206311979331,4.740109237455299,12.548,2.6,1790365495.122,1790365507.67,0.75,0.73,0.021,0.502,1.196,,0.145,5.94,,1.397,1790365414.026,1790365512.415,1.714,demo_booking_classic,customer_hangup,0.0
1790365284,48,ee565739-6ba7-4350-acba-362832a99849,0,paired,long,finalizada,,,4.205604910996044,1.404057769615242,13.993,3.52,1790365422.938,1790365436.931,0.835,0.819,0.016,0.357,1.339,,0.2,5.13,,1.392,1790365414.272,1790365504.119,2.367,demo_booking_classic,customer_hangup,0.0
1790365284,48,ee565739-6ba7-4350-acba-362832a99849,1,paired,medium,finalizada,,,2.965373308979906,3.449515369246873,11.032,2.12,1790365438.336,1790365449.368,0.56,0.554,0.007,0.229,0.754,,0.202,4.74,,0.991,1790365414.272,1790365504.119,1.432,demo_booking_classic,customer_hangup,0.0
1790365284,48,ee565739-6ba7-4350-acba-362832a99849,2,paired,short,finalizada,,,2.525539630005369,1.7044193815397213,9.311,0.48,1790365452.819,1790365462.13,0.454,0.448,0.006,0.169,0.641,,0.164,5.13,,0.787,1790365414.272,1790365504.119,1.255,demo_booking_classic,customer_hangup,0.0
1790365284,48,ee565739-6ba7-4350-acba-362832a99849,3,paired,medium,finalizada,,,3.7059086060035042,3.659823070329947,11.139,2.12,1790365463.836,1790365474.975,0.551,0.532,0.019,0.459,1.412,,0.227,4.25,,1.237,1790365414.272,1790365504.119,2.178,demo_booking_classic,customer_hangup,0.0
1790365284,48,ee565739-6ba7-4350-acba-362832a99849,4,paired,long,finalizada,,,3.4057271350175142,2.8271276939254366,11.868,3.06,1790365478.635,1790365490.502,0.753,0.743,0.009,0.227,0.922,,0.211,4.25,,1.191,1790365414.272,1790365504.119,1.88,demo_booking_classic,customer_hangup,0.0
1790365284,48,ee565739-6ba7-4350-acba-362832a99849,5,paired,short,finalizada,,,2.1657187250093557,3.2545945550079676,7.529,0.32,1790365493.33,1790365500.859,1.001,0.553,0.448,0.271,0.675,,0.17,3.78,,1.442,1790365414.272,1790365504.119,1.177,demo_booking_classic,customer_hangup,0.0
1790365284,48,c0851e49-2d29-489d-b0c1-418416b03876,0,paired,long,finalizada,,,4.196494289994007,2.8408480871835344,14.581,3.52,1790365423.147,1790365437.728,0.922,0.911,0.011,0.345,1.122,,0.267,5.61,,1.534,1790365414.521,1790365515.002,2.303,demo_booking_classic,customer_hangup,0.0
1790365284,48,c0851e49-2d29-489d-b0c1-418416b03876,1,paired,long,finalizada,,,3.3564162550028414,1.5061915057998327,14.962,3.52,1790365440.569,1790365455.531,0.84,0.827,0.012,0.152,1.219,,0.22,6.89,,1.211,1790365414.521,1790365515.002,2.274,demo_booking_classic,customer_hangup,0.0
1790365284,48,c0851e49-2d29-489d-b0c1-418416b03876,2,paired,long,finalizada,,,2.51700979101588,2.885372765718093,12.41,3.06,1790365457.038,1790365469.448,0.786,0.759,0.027,0.193,0.733,,0.145,5.62,,1.124,1790365414.521,1790365515.002,1.238,demo_booking_classic,customer_hangup,0.0
1790365284,48,c0851e49-2d29-489d-b0c1-418416b03876,3,paired,short,finalizada,,,2.3166063909884542,2.678241670172816,8.16,0.48,1790365472.334,1790365480.493,0.497,0.49,0.007,0.148,0.392,,0.188,4.17,,0.833,1790365414.521,1790365515.002,1.073,demo_booking_classic,customer_hangup,0.0
1790365284,48,c0851e49-2d29-489d-b0c1-418416b03876,4,paired,medium,finalizada,,,3.316792589990655,5.538254595075481,11.452,2.12,1790365483.173,1790365494.624,0.971,0.957,0.014,0.191,0.817,,0.318,4.74,,1.479,1790365414.521,1790365515.002,1.868,demo_booking_classic,customer_hangup,0.0
1790365284,48,c0851e49-2d29-489d-b0c1-418416b03876,5,paired,short,finalizada,,,2.0570125709928107,5.616506450704087,9.216,0.32,1790365500.164,1790365509.38,1.001,0.44,0.56,0.363,0.858,,0.129,5.62,,1.493,1790365414.521,1790365515.002,1.135,demo_booking_classic,customer_hangup,0.0
1790365284,48,75ab5987-5440-47d8-8aef-3799f58f1166,0,paired,long,finalizada,,,4.014349085016875,2.5349503845241093,13.52,3.52,1790365423.35,1790365436.869,0.719,0.708,0.011,0.217,1.145,,0.245,4.81,,1.18,1790365414.772,1790365499.05,2.102,demo_booking_classic,customer_hangup,0.0
1790365284,48,75ab5987-5440-47d8-8aef-3799f58f1166,1,paired,short,finalizada,,,2.4341193279833533,1.0481917256196271,8.546,0.32,1790365439.404,1790365447.95,1.0,0.594,0.406,0.235,0.632,,0.272,4.42,,1.507,1790365414.772,1790365499.05,1.294,demo_booking_classic,customer_hangup,0.0
1790365284,48,75ab5987-5440-47d8-8aef-3799f58f1166,2,paired,short,finalizada,,,2.154445886000758,4.153615012418491,8.113,0.32,1790365448.999,1790365457.112,1.001,0.464,0.537,0.162,0.453,,0.177,4.42,,1.34,1790365414.772,1790365499.05,1.181,demo_booking_classic,customer_hangup,0.0
1790365284,48,75ab5987-5440-47d8-8aef-3799f58f1166,3,paired,short,finalizada,,,2.4545447480049916,1.0155891856077692,8.89,0.32,1790365461.266,1790365470.156,1.001,0.465,0.536,0.185,0.416,,0.198,4.9,,1.385,1790365414.772,1790365499.05,1.204,demo_booking_classic,customer_hangup,0.0
1790365284,48,75ab5987-5440-47d8-8aef-3799f58f1166,4,paired,short,finalizada,,,2.4341014070087112,7.2035596317313555,8.549,0.38,1790365471.173,1790365479.722,1.001,0.528,0.473,0.196,0.678,,0.18,4.58,,1.376,1790365414.772,1790365499.05,1.184,demo_booking_classic,customer_hangup,0.0
1790365284,48,75ab5987-5440-47d8-8aef-3799f58f1166,5,paired,medium,finalizada,,,2.2742730710015167,2.139469381948157,9.98,2.24,1790365486.926,1790365496.906,0.87,0.857,0.013,0.212,1.097,,0.17,4.26,,1.252,1790365414.772,1790365499.05,1.343,demo_booking_classic,customer_hangup,0.0
1790365284,48,8686cf55-8fb6-42a2-a5ea-8b182dc24df5,0,paired,medium,finalizada,,,3.362030427000718,4.77017697785691,10.229,2.12,1790365423.238,1790365433.468,0.811,0.799,0.012,0.231,1.018,,0.259,3.53,,1.301,1790365414.588,1790365512.583,2.079,demo_booking_classic,customer_hangup,0.0
1790365284,48,8686cf55-8fb6-42a2-a5ea-8b182dc24df5,1,paired,long,finalizada,,,2.9016143240150996,4.997888098132639,13.921,3.06,1790365438.238,1790365452.159,0.664,0.655,0.009,0.149,0.658,,0.208,6.74,,1.021,1790365414.588,1790365512.583,1.416,demo_booking_classic,customer_hangup,0.0
1790365284,48,8686cf55-8fb6-42a2-a5ea-8b182dc24df5,2,paired,medium,finalizada,,,3.0418495240155607,2.7119785941826966,10.666,2.24,1790365457.157,1790365467.823,0.766,0.756,0.01,0.296,0.686,,0.197,4.17,,1.26,1790365414.588,1790365512.583,1.643,demo_booking_classic,customer_hangup,0.0
1790365284,48,8686cf55-8fb6-42a2-a5ea-8b182dc24df5,3,paired,medium,finalizada,,,2.5812614590104204,5.430449753927032,11.527,2.6,1790365470.536,1790365482.063,0.619,0.609,0.01,0.152,0.941,,0.164,5.14,,0.935,1790365414.588,1790365512.583,1.35,demo_booking_classic,customer_hangup,0.0
1790365284,48,8686cf55-8fb6-42a2-a5ea-8b182dc24df5,4,paired,short,finalizada,,,2.501196625002194,2.146296533720936,7.984,0.32,1790365487.494,1790365495.478,1.0,0.668,0.332,0.241,0.667,,0.231,4.02,,1.472,1790365414.588,1790365512.583,1.372,demo_booking_classic,customer_hangup,0.0
1790365284,48,8686cf55-8fb6-42a2-a5ea-8b182dc24df5,5,paired,medium,finalizada,,,2.5619093510031234,5.344510679765635,9.608,2.12,1790365497.626,1790365507.234,0.596,0.548,0.048,0.219,0.576,,0.157,3.69,,0.972,1790365414.588,1790365512.583,1.314,demo_booking_classic,customer_hangup,0.0
1790365284,48,4c3a2cd6-5a27-4df2-acc7-64298eb42d4e,0,paired,long,finalizada,,,3.8715142870205455,1.6035778343081315,13.611,3.06,1790365423.259,1790365436.87,0.92,0.907,0.013,0.392,1.299,,0.191,5.46,,1.503,1790365414.834,1790365505.241,2.053,demo_booking_classic,customer_hangup,0.0
1790365284,48,4c3a2cd6-5a27-4df2-acc7-64298eb42d4e,1,paired,short,finalizada,,,2.9719575039925985,2.3773977264070587,8.864,0.38,1790365438.474,1790365447.338,1.0,0.54,0.46,0.141,0.612,,0.222,4.33,,1.364,1790365414.834,1790365505.241,1.378,demo_booking_classic,customer_hangup,0.0
1790365284,48,4c3a2cd6-5a27-4df2-acc7-64298eb42d4e,2,paired,medium,finalizada,,,2.3917490710155107,5.787623941011076,11.955,2.12,1790365449.716,1790365461.671,0.534,0.52,0.013,0.162,0.735,,0.174,6.58,,0.869,1790365414.834,1790365505.241,1.275,demo_booking_classic,customer_hangup,0.0
1790365284,48,4c3a2cd6-5a27-4df2-acc7-64298eb42d4e,3,paired,short,finalizada,,,2.6713038040034007,1.0,9.405,0.38,1790365467.46,1790365476.864,1.001,0.45,0.551,0.172,0.656,,0.262,5.22,,1.435,1790365414.834,1790365505.241,1.268,demo_booking_classic,customer_hangup,0.0
1790365284,48,4c3a2cd6-5a27-4df2-acc7-64298eb42d4e,4,paired,short,finalizada,,,2.7113753719895612,3.387466610340521,11.154,0.48,1790365477.865,1790365489.019,0.502,0.492,0.01,0.18,0.861,,0.211,6.74,,0.894,1790365414.834,1790365505.241,1.294,demo_booking_classic,customer_hangup,0.0
1790365284,48,4c3a2cd6-5a27-4df2-acc7-64298eb42d4e,5,paired,medium,finalizada,,,2.6115264130057767,1.8451997539055034,10.983,2.6,1790365492.408,1790365503.391,0.728,0.717,0.011,0.347,0.805,,0.141,4.58,,1.216,1790365414.834,1790365505.241,1.491,demo_booking_classic,customer_hangup,0.0
1790365284,48,035812ab-74ce-4c36-83c2-a6822ecd0db2,0,paired,medium,finalizada,,,2.247803534992272,9.158369272758895,10.121,2.24,1790365423.923,1790365434.044,0.719,0.702,0.017,0.201,1.349,,0.185,4.1,,1.104,1790365415.083,1790365516.855,1.237,demo_booking_classic,customer_hangup,0.0
1790365284,48,035812ab-74ce-4c36-83c2-a6822ecd0db2,1,paired,medium,finalizada,,,2.1679058379959315,7.187164572821959,9.757,2.24,1790365443.202,1790365452.959,0.708,0.693,0.015,0.171,0.962,,0.187,4.18,,1.066,1790365415.083,1790365516.855,1.156,demo_booking_classic,customer_hangup,0.0
1790365284,48,035812ab-74ce-4c36-83c2-a6822ecd0db2,2,paired,long,finalizada,,,4.407835848018294,1.706844780926066,14.254,3.52,1790365460.147,1790365474.401,0.754,0.74,0.014,0.288,1.95,,0.286,5.13,,1.328,1790365415.083,1790365516.855,2.98,demo_booking_classic,customer_hangup,0.0
1790365284,48,035812ab-74ce-4c36-83c2-a6822ecd0db2,3,paired,short,finalizada,,,2.807733230001759,2.492505714538513,9.647,1.0,1790365476.109,1790365485.755,1.001,0.652,0.349,0.214,0.644,,0.174,4.89,,1.389,1790365415.083,1790365516.855,1.473,demo_booking_classic,customer_hangup,0.0
1790365284,48,035812ab-74ce-4c36-83c2-a6822ecd0db2,4,paired,long,finalizada,,,3.3279738480050582,1.2797742311846327,11.944,3.06,1790365488.249,1790365500.192,0.636,0.623,0.013,0.207,1.34,,0.213,4.41,,1.055,1790365415.083,1790365516.855,2.183,demo_booking_classic,customer_hangup,0.0
1790365284,48,035812ab-74ce-4c36-83c2-a6822ecd0db2,5,paired,medium,finalizada,,,2.367814726982033,5.684587641376173,9.692,2.24,1790365501.472,1790365511.165,0.758,0.749,0.009,0.389,1.007,,0.123,3.86,,1.27,1790365415.083,1790365516.855,1.644,demo_booking_classic,customer_hangup,0.0
1790365284,48,4ad5d8db-7525-4ad6-b0de-dc82d92fdebe,0,paired,medium,finalizada,,,4.360321346990531,2.1981189445476557,12.668,2.12,1790365423.78,1790365436.447,0.702,0.672,0.029,0.274,1.626,,0.245,4.97,,1.221,1790365415.333,1790365509.674,2.556,demo_booking_classic,customer_hangup,0.0
1790365284,48,4ad5d8db-7525-4ad6-b0de-dc82d92fdebe,1,paired,short,finalizada,,,3.07970428201952,3.90272862360377,10.013,1.0,1790365438.646,1790365448.659,1.002,0.489,0.512,0.151,0.709,,0.262,4.73,,1.414,1790365415.333,1790365509.674,1.465,demo_booking_classic,customer_hangup,0.0
1790365284,48,4ad5d8db-7525-4ad6-b0de-dc82d92fdebe,2,paired,long,finalizada,,,3.5604510490084067,1.2474014063105465,13.007,3.52,1790365452.562,1790365465.569,0.633,0.616,0.017,0.184,1.198,,0.154,4.89,,0.971,1790365415.333,1790365509.674,1.973,demo_booking_classic,customer_hangup,0.0
1790365284,48,4ad5d8db-7525-4ad6-b0de-dc82d92fdebe,3,paired,long,finalizada,,,3.021141459001228,2.476335057783934,11.758,3.06,1790365466.818,1790365478.576,1.001,0.662,0.338,0.175,0.55,,0.22,4.49,,1.396,1790365415.333,1790365509.674,1.443,demo_booking_classic,customer_hangup,0.0
1790365284,48,4ad5d8db-7525-4ad6-b0de-dc82d92fdebe,4,paired,short,finalizada,,,2.9004791519837454,3.6464166624209717,9.758,0.38,1790365481.053,1790365490.811,1.001,0.46,0.541,0.187,1.174,,0.2,5.3,,1.388,1790365415.333,1790365509.674,1.528,demo_booking_classic,customer_hangup,0.0
1790365284,48,4ad5d8db-7525-4ad6-b0de-dc82d92fdebe,5,paired,short,finalizada,,,2.6802264179859776,1.9318451672094499,13.279,0.48,1790365494.458,1790365507.737,0.51,0.489,0.021,0.237,1.795,,0.166,8.9,,0.913,1790365415.333,1790365509.674,1.29,demo_booking_classic,customer_hangup,0.0
1790365284,48,16f40e22-dec0-43e0-897b-eba76cf54a3a,0,paired,short,finalizada,,,4.685870727989823,3.7676745029832612,24.429,1.0,1790365424.272,1790365448.701,0.614,0.589,0.025,0.167,2.818,,0.19,17.54,,0.97,1790365415.967,1790365530.553,3.015,demo_booking_classic,customer_hangup,0.0
1790365284,48,16f40e22-dec0-43e0-897b-eba76cf54a3a,1,paired,long,finalizada,,,2.7050399309955537,4.95054349110825,15.005,3.06,1790365452.469,1790365467.474,0.717,0.71,0.007,0.247,1.623,,0.154,8.02,,1.117,1790365415.967,1790365530.553,1.541,demo_booking_classic,customer_hangup,0.0
1790365284,48,16f40e22-dec0-43e0-897b-eba76cf54a3a,2,paired,short,finalizada,,,2.7650957659934647,3.308453772679835,9.333,1.0,1790365472.425,1790365481.759,1.002,0.539,0.462,0.209,0.675,,0.21,4.33,,1.421,1790365415.967,1790365530.553,1.427,demo_booking_classic,customer_hangup,0.0
1790365284,48,16f40e22-dec0-43e0-897b-eba76cf54a3a,3,paired,long,finalizada,,,3.285741063009482,2.0993230499321585,13.475,3.52,1790365485.068,1790365498.543,0.607,0.598,0.009,0.448,1.11,,0.176,5.77,,1.231,1790365415.967,1790365530.553,1.888,demo_booking_classic,customer_hangup,0.0
1790365284,48,16f40e22-dec0-43e0-897b-eba76cf54a3a,4,paired,long,finalizada,,,3.2860231790109538,3.076043662782123,15.781,3.06,1790365500.643,1790365516.424,0.598,0.578,0.021,0.272,1.629,,0.128,8.66,,0.999,1790365415.967,1790365530.553,1.901,demo_booking_classic,customer_hangup,0.0
1790365284,48,16f40e22-dec0-43e0-897b-eba76cf54a3a,5,paired,short,finalizada,,,1.685657935013296,3.9213851768861363,7.124,0.32,1790365519.501,1790365526.625,1.001,0.53,0.471,0.068,0.357,,0.088,4.18,,1.157,1790365415.967,1790365530.553,1.091,demo_booking_classic,customer_hangup,0.0
1790365284,48,acbcdeb7-5f6e-4b51-88a0-fce7aa228c78,0,paired,short,finalizada,,,5.156402505002916,6.567419824972695,25.436,1.0,1790365424.581,1790365450.017,0.812,0.798,0.014,0.321,2.799,,0.251,18.1,,1.383,1790365416.211,1790365521.026,3.311,demo_booking_classic,customer_hangup,0.0
1790365284,48,acbcdeb7-5f6e-4b51-88a0-fce7aa228c78,1,paired,short,finalizada,,,2.176069593988359,3.908587196616067,7.737,0.32,1790365456.585,1790365464.323,1.001,0.71,0.291,0.255,0.585,,0.177,4.02,,1.432,1790365416.211,1790365521.026,1.246,demo_booking_classic,customer_hangup,0.0
1790365284,48,acbcdeb7-5f6e-4b51-88a0-fce7aa228c78,2,paired,short,finalizada,,,2.6961484019993804,3.5459858238416846,8.944,0.32,1790365468.232,1790365477.175,1.001,0.465,0.536,0.307,0.734,,0.218,4.74,,1.526,1790365416.211,1790365521.026,1.24,demo_booking_classic,customer_hangup,0.0
1790365284,48,acbcdeb7-5f6e-4b51-88a0-fce7aa228c78,3,paired,long,finalizada,,,2.7556474229786545,3.940355244923705,12.725,3.52,1790365480.722,1790365493.447,0.736,0.727,0.009,0.158,0.765,,0.202,5.3,,1.096,1790365416.211,1790365521.026,1.268,demo_booking_classic,customer_hangup,0.0
1790365284,48,acbcdeb7-5f6e-4b51-88a0-fce7aa228c78,4,paired,short,finalizada,,,2.5758474959875457,2.538026015666729,8.184,0.32,1790365497.388,1790365505.572,1.001,0.479,0.522,0.186,1.144,,0.177,4.02,,1.364,1790365416.211,1790365521.026,1.615,demo_booking_classic,customer_hangup,0.0
1790365284,48,acbcdeb7-5f6e-4b51-88a0-fce7aa228c78,5,paired,medium,finalizada,,,1.8164180839958135,1.5771164871934982,11.332,2.6,1790365508.111,1790365519.443,0.531,0.523,0.007,0.203,0.53,,0.103,5.7,,0.836,1790365416.211,1790365521.026,0.991,demo_booking_classic,customer_hangup,0.0
1790365284,48,5ba298c3-2ead-4016-92a1-8993244c5989,0,paired,short,finalizada,,,4.13902103799046,3.365442249788404,9.958,0.38,1790365425.158,1790365435.116,1.001,0.829,0.172,0.212,1.52,,0.189,4.25,,1.402,1790365416.461,1790365504.542,2.543,demo_booking_classic,customer_hangup,0.0
1790365284,48,5ba298c3-2ead-4016-92a1-8993244c5989,1,paired,short,finalizada,,,2.498605006985599,3.341459160357324,8.434,0.32,1790365438.482,1790365446.917,1.001,0.455,0.546,0.148,0.759,,0.184,4.42,,1.333,1790365416.461,1790365504.542,1.188,demo_booking_classic,customer_hangup,0.0
1790365284,48,5ba298c3-2ead-4016-92a1-8993244c5989,2,paired,short,finalizada,,,2.498825910995947,3.9339558473181766,9.159,1.0,1790365450.259,1790365459.418,1.001,0.646,0.355,0.274,0.633,,0.117,4.49,,1.392,1790365416.461,1790365504.542,1.401,demo_booking_classic,customer_hangup,0.0
1790365284,48,5ba298c3-2ead-4016-92a1-8993244c5989,3,paired,short,finalizada,,,3.8395227860019077,1.734225496549878,10.441,1.0,1790365463.353,1790365473.794,1.027,1.012,0.015,0.519,1.172,,0.222,5.05,,1.767,1790365416.461,1790365504.542,2.412,demo_booking_classic,customer_hangup,0.0
1790365284,48,5ba298c3-2ead-4016-92a1-8993244c5989,4,paired,short,finalizada,,,2.2987257500062697,1.0,12.99,0.32,1790365475.528,1790365488.518,1.001,0.521,0.48,0.183,0.912,,0.203,9.47,,1.387,1790365416.461,1790365504.542,1.206,demo_booking_classic,customer_hangup,0.0
1790365284,48,5ba298c3-2ead-4016-92a1-8993244c5989,5,paired,short,finalizada,,,2.3986277930089273,2.2782995335264253,12.74,0.32,1790365489.519,1790365502.259,1.0,0.625,0.375,0.559,1.753,,0.176,8.83,,1.735,1790365416.461,1790365504.542,1.494,demo_booking_classic,customer_hangup,0.0
1790365284,48,0a1f32ec-3417-4880-9dca-aaa6b5cb2d3b,0,paired,short,finalizada,,,5.091490281018196,2.515906988650756,28.559,1.0,1790365424.786,1790365453.345,0.818,0.801,0.017,0.291,2.826,,0.253,21.31,,1.361,1790365416.712,1790365513.003,3.156,demo_booking_classic,customer_hangup,0.0
1790365284,48,0a1f32ec-3417-4880-9dca-aaa6b5cb2d3b,1,paired,short,finalizada,,,3.451016523002181,2.1003708910484673,10.0,0.48,1790365455.862,1790365465.862,0.816,0.809,0.007,0.271,0.924,,0.195,4.89,,1.281,1790365416.712,1790365513.003,1.931,demo_booking_classic,customer_hangup,0.0
1790365284,48,0a1f32ec-3417-4880-9dca-aaa6b5cb2d3b,2,paired,short,finalizada,,,2.791107947996352,2.0746799766702138,8.956,0.32,1790365467.963,1790365476.919,1.001,0.519,0.482,0.173,0.697,,0.204,4.57,,1.378,1790365416.712,1790365513.003,1.426,demo_booking_classic,customer_hangup,0.0
1790365284,48,0a1f32ec-3417-4880-9dca-aaa6b5cb2d3b,3,paired,short,finalizada,,,2.8312044729827903,3.6599633498648467,8.321,0.48,1790365478.995,1790365487.315,0.697,0.69,0.006,0.213,0.487,,0.219,3.77,,1.129,1790365416.712,1790365513.003,1.4,demo_booking_classic,customer_hangup,0.0
1790365284,48,0a1f32ec-3417-4880-9dca-aaa6b5cb2d3b,4,paired,short,finalizada,,,3.491522830998292,1.0,9.579,0.48,1790365490.977,1790365500.556,0.74,0.719,0.022,0.511,1.403,,0.116,4.41,,1.367,1790365416.712,1790365513.003,2.252,demo_booking_classic,customer_hangup,0.0
1790365284,48,0a1f32ec-3417-4880-9dca-aaa6b5cb2d3b,5,paired,short,finalizada,,,2.6308012359950226,1.485678765512497,9.956,1.0,1790365501.557,1790365511.513,1.001,0.523,0.477,0.49,1.116,,0.088,5.29,,1.578,1790365416.712,1790365513.003,1.765,demo_booking_classic,customer_hangup,0.0
1790365284,48,8463efe0-202f-417a-b31d-ec8cb9b95b67,0,paired,short,finalizada,,,4.3555493539897725,4.509190800519576,27.625,1.0,1790365428.63,1790365456.255,0.672,0.662,0.009,0.219,2.348,,0.326,21.07,,1.217,1790365417.122,1790365528.351,2.455,demo_booking_classic,customer_hangup,0.0
1790365284,48,8463efe0-202f-417a-b31d-ec8cb9b95b67,1,paired,long,finalizada,,,3.9350568310183007,3.68992532807791,13.657,3.52,1790365460.765,1790365474.422,1.117,1.103,0.014,0.218,1.196,,0.197,5.13,,1.531,1790365417.122,1790365528.351,2.503,demo_booking_classic,customer_hangup,0.0
1790365284,48,8463efe0-202f-417a-b31d-ec8cb9b95b67,2,paired,medium,finalizada,,,2.695175425003981,1.191212538119023,11.941,2.6,1790365478.112,1790365490.053,0.622,0.615,0.007,0.305,0.907,,0.256,5.46,,1.183,1790365417.122,1790365528.351,1.348,demo_booking_classic,customer_hangup,0.0
1790365284,48,8463efe0-202f-417a-b31d-ec8cb9b95b67,3,paired,medium,finalizada,,,2.4155993899912573,1.6979709621686498,10.65,2.24,1790365491.245,1790365501.896,0.596,0.581,0.014,0.239,0.768,,0.198,4.82,,1.032,1790365417.122,1790365528.351,1.305,demo_booking_classic,customer_hangup,0.0
1790365284,48,8463efe0-202f-417a-b31d-ec8cb9b95b67,4,paired,short,finalizada,,,2.495678517007036,4.43453113276322,9.187,0.48,1790365503.595,1790365512.781,0.588,0.58,0.009,0.307,1.115,,0.116,4.98,,1.011,1790365417.122,1790365528.351,1.439,demo_booking_classic,customer_hangup,0.0
1790365284,48,8463efe0-202f-417a-b31d-ec8cb9b95b67,5,paired,long,finalizada,,,2.055372243979946,1.0,10.128,3.06,1790365517.216,1790365527.344,0.54,0.534,0.007,0.199,0.456,,0.088,4.09,,0.827,1790365417.122,1790365528.351,1.08,demo_booking_classic,customer_hangup,0.0
1790365284,48,b6455037-3328-441a-8843-435cd17b9696,0,paired,long,finalizada,,,2.9028357340139337,2.6075285938889636,14.112,3.06,1790365426.362,1790365440.474,0.639,0.63,0.01,0.163,1.18,,0.276,6.58,,1.078,1790365417.367,1790365529.219,1.359,demo_booking_classic,customer_hangup,0.0
1790365284,48,b6455037-3328-441a-8843-435cd17b9696,1,paired,medium,finalizada,,,3.481937488017138,2.7655778294166633,12.474,2.6,1790365443.082,1790365455.556,0.868,0.828,0.041,0.478,1.159,,0.195,5.46,,1.541,1790365417.367,1790365529.219,1.909,demo_booking_classic,customer_hangup,0.0
1790365284,48,b6455037-3328-441a-8843-435cd17b9696,2,paired,short,finalizada,,,3.883588245982537,1.6370313253287956,27.064,1.0,1790365458.322,1790365485.386,1.001,0.815,0.186,0.2,2.02,,0.193,20.99,,1.394,1790365417.367,1790365529.219,2.413,demo_booking_classic,customer_hangup,0.0
1790365284,48,b6455037-3328-441a-8843-435cd17b9696,3,paired,long,finalizada,,,2.722681513027055,2.003133238486406,15.884,3.52,1790365487.024,1790365502.908,0.592,0.585,0.008,0.196,1.883,,0.161,8.58,,0.948,1790365417.367,1790365529.219,1.465,demo_booking_classic,customer_hangup,0.0
1790365284,48,b6455037-3328-441a-8843-435cd17b9696,4,paired,short,finalizada,,,2.3232106440118514,5.081139907205649,8.72,1.0,1790365504.912,1790365513.631,1.0,0.479,0.522,0.207,0.474,,0.12,4.17,,1.327,1790365417.367,1790365529.219,1.123,demo_booking_classic,customer_hangup,0.0
1790365284,48,b6455037-3328-441a-8843-435cd17b9696,5,paired,short,finalizada,,,1.8433428999851458,2.054894461847919,8.443,1.0,1790365518.714,1790365527.157,0.494,0.487,0.007,0.07,0.389,,0.082,5.05,,0.646,1790365417.367,1790365529.219,0.962,demo_booking_classic,customer_hangup,0.0
1790365284,48,8a192257-83e6-4867-af4c-5ff07732a18f,0,paired,short,finalizada,,,4.212129556020955,1.5861043683011604,22.159,1.0,1790365426.363,1790365448.522,0.526,0.515,0.011,0.221,1.769,,0.345,15.78,,1.092,1790365417.615,1790365562.54,2.258,demo_booking_classic,customer_hangup,0.0
1790365284,48,8a192257-83e6-4867-af4c-5ff07732a18f,1,paired,medium,finalizada,,,2.3327292379981373,2.1371651247633183,11.448,2.6,1790365450.109,1790365461.557,0.551,0.546,0.005,0.161,0.592,,0.146,5.3,,0.858,1790365417.615,1790365562.54,1.11,demo_booking_classic,customer_hangup,0.0
1790365284,48,8a192257-83e6-4867-af4c-5ff07732a18f,2,paired,short,finalizada,,,5.87250664900057,1.8661581927189033,24.833,0.48,1790365463.696,1790365488.528,1.196,1.175,0.021,0.515,3.371,,0.258,17.3,,1.97,1790365417.615,1790365562.54,4.382,demo_booking_classic,customer_hangup,0.0
1790365284,48,8a192257-83e6-4867-af4c-5ff07732a18f,3,paired,short,finalizada,,,4.891254142014077,2.9706451743012408,23.05,1.0,1790365490.396,1790365513.446,1.001,0.785,0.216,0.22,2.991,,0.154,16.02,,1.374,1790365417.615,1790365562.54,3.468,demo_booking_classic,customer_hangup,0.0
1790365284,48,8a192257-83e6-4867-af4c-5ff07732a18f,4,paired,short,finalizada,,,1.9526762960013002,1.8474732895045853,19.949,1.0,1790365516.417,1790365536.366,1.001,0.373,0.627,0.181,1.095,,0.057,15.78,,1.238,1790365417.615,1790365562.54,1.26,demo_booking_classic,customer_hangup,0.0
1790365284,48,8a192257-83e6-4867-af4c-5ff07732a18f,5,paired,short,finalizada,,,1.8327224040112924,3.884372650072673,20.436,0.48,1790365538.215,1790365558.651,0.401,0.373,0.028,0.078,0.993,,0.045,16.9,,0.524,1790365417.615,1790365562.54,1.15,demo_booking_classic,customer_hangup,0.0
1790365284,48,f6d2b7a3-b981-47d5-8cdd-9bcb57c5c68f,0,paired,short,finalizada,,,2.5599556020169985,3.5827358025853653,8.388,0.32,1790365427.126,1790365435.514,1.001,0.541,0.459,0.219,0.688,,0.155,3.86,,1.374,1790365417.865,1790365491.148,1.164,demo_booking_classic,customer_hangup,0.0
1790365284,48,f6d2b7a3-b981-47d5-8cdd-9bcb57c5c68f,1,paired,long,finalizada,,,2.8798085569869727,4.640537942226629,11.38,3.06,1790365439.097,1790365450.477,0.768,0.759,0.009,0.12,0.466,,0.181,4.65,,1.069,1790365417.865,1790365491.148,1.411,demo_booking_classic,customer_hangup,0.0
1790365284,48,f6d2b7a3-b981-47d5-8cdd-9bcb57c5c68f,2,paired,short,finalizada,,,2.4998875340097584,1.0,5.999,0.38,1790365455.118,1790365461.117,1.001,0.743,0.257,0.154,0.663,,0.164,6.26,,1.319,1790365417.865,1790365491.148,1.295,demo_booking_classic,customer_hangup,0.0
1790365284,48,f6d2b7a3-b981-47d5-8cdd-9bcb57c5c68f,3,paired,medium,finalizada,,,-2.880088702979265,1.6656436561253791,2.232,2.12,1790365462.118,1790365464.351,0.728,0.727,0.001,0.24,1.528,,0.292,0.05,,1.261,1790365417.865,1790365491.148,,demo_booking_classic,customer_hangup,0.0
1790365284,48,f6d2b7a3-b981-47d5-8cdd-9bcb57c5c68f,4,paired,short,finalizada,,,3.4202018399955705,3.4715916561272473,11.948,1.0,1790365466.017,1790365477.965,1.002,0.607,0.395,0.186,1.016,,0.374,6.34,,1.562,1790365417.865,1790365491.148,2.128,demo_booking_classic,customer_hangup,0.0
1790365284,48,f6d2b7a3-b981-47d5-8cdd-9bcb57c5c68f,5,paired,short,finalizada,,,2.359814934025053,2.141813104863707,7.564,0.32,1790365481.437,1790365489.001,1.001,0.472,0.53,0.183,0.847,,0.208,3.7,,1.392,1790365417.865,1790365491.148,1.373,demo_booking_classic,customer_hangup,0.0
1790365284,48,43954e3a-d489-475f-97f7-1a3c120a3a56,0,paired,medium,finalizada,,,3.678648430010071,1.64322480650366,11.798,2.12,1790365429.859,1790365441.658,0.603,0.585,0.017,0.216,0.835,,0.304,4.89,,1.123,1790365417.916,1790365529.293,1.736,demo_booking_classic,customer_hangup,0.0
1790365284,48,43954e3a-d489-475f-97f7-1a3c120a3a56,1,paired,long,finalizada,,,2.6986121800146066,2.1346754155362806,15.267,3.52,1790365443.301,1790365458.569,0.607,0.598,0.008,0.147,1.139,,0.179,7.78,,0.932,1790365417.916,1790365529.293,1.289,demo_booking_classic,customer_hangup,0.0
1790365284,48,43954e3a-d489-475f-97f7-1a3c120a3a56,2,paired,long,finalizada,,,3.9587922600039747,3.4452640817703313,12.746,3.06,1790365460.704,1790365473.45,0.959,0.934,0.025,0.271,1.471,,0.165,4.57,,1.394,1790365417.916,1790365529.293,2.576,demo_booking_classic,customer_hangup,0.0
1790365284,48,43954e3a-d489-475f-97f7-1a3c120a3a56,3,paired,long,finalizada,,,2.998841468972387,4.048131093547052,15.033,3.52,1790365476.896,1790365491.929,0.699,0.686,0.014,0.172,1.159,,0.256,7.31,,1.127,1790365417.916,1790365529.293,1.581,demo_booking_classic,customer_hangup,0.0
1790365284,48,43954e3a-d489-475f-97f7-1a3c120a3a56,4,paired,short,finalizada,,,2.978777184995124,1.6868143214054225,12.826,0.38,1790365495.978,1790365508.804,1.001,0.604,0.398,0.413,1.435,,0.197,8.27,,1.612,1790365417.916,1790365529.293,1.783,demo_booking_classic,customer_hangup,0.0
1790365284,48,43954e3a-d489-475f-97f7-1a3c120a3a56,5,paired,long,finalizada,,,1.5988673079991713,4.796364912281907,14.0,3.52,1790365510.491,1790365524.491,0.402,0.396,0.006,0.237,0.764,,0.047,7.63,,0.686,1790365417.916,1790365529.293,0.9,demo_booking_classic,customer_hangup,0.0
1790365284,48,d91cb6fb-a6c4-4725-8c92-8888bc1e03b3,0,paired,short,finalizada,,,2.5934444250015076,2.9332399167506913,5.482,0.38,1790365426.834,1790365432.317,1.001,0.481,0.52,0.281,0.745,,0.142,1.29,,1.424,1790365418.159,1790365499.418,1.375,demo_booking_classic,customer_hangup,0.0
1790365284,48,d91cb6fb-a6c4-4725-8c92-8888bc1e03b3,1,paired,short,finalizada,,,3.213399849977577,3.0735946044877998,9.98,0.38,1790365435.25,1790365445.23,1.001,0.485,0.516,0.135,0.477,,0.299,5.29,,1.435,1790365418.159,1790365499.418,1.303,demo_booking_classic,customer_hangup,0.0
1790365284,48,d91cb6fb-a6c4-4725-8c92-8888bc1e03b3,2,paired,short,finalizada,,,2.8138684300065506,1.2159868272036352,8.579,0.48,1790365448.304,1790365456.883,0.613,0.606,0.007,0.256,0.698,,0.158,4.09,,1.026,1790365418.159,1790365499.418,1.466,demo_booking_classic,customer_hangup,0.0
1790365284,48,d91cb6fb-a6c4-4725-8c92-8888bc1e03b3,3,paired,short,finalizada,,,3.3940846259938553,1.5620013193287634,8.987,0.38,1790365458.1,1790365467.087,1.0,0.728,0.273,0.228,0.95,,0.2,5.21,,1.427,1790365418.159,1790365499.418,1.893,demo_booking_classic,customer_hangup,0.0
1790365284,48,d91cb6fb-a6c4-4725-8c92-8888bc1e03b3,4,paired,medium,finalizada,,,2.7532677790150046,8.043316490172945,12.472,2.6,1790365468.65,1790365481.122,0.673,0.663,0.009,0.153,0.848,,0.237,5.94,,1.062,1790365418.159,1790365499.418,1.346,demo_booking_classic,customer_hangup,0.0
1790365284,48,d91cb6fb-a6c4-4725-8c92-8888bc1e03b3,5,paired,short,finalizada,,,2.7535053770116065,1.4900931215357893,8.756,0.32,1790365489.166,1790365497.922,1.001,0.789,0.212,0.59,1.153,,0.189,4.5,,1.78,1790365418.159,1790365499.418,1.797,demo_booking_classic,customer_hangup,0.0
1790365284,48,bb91cc7f-71c8-43bb-a70c-3ebc6668ffb4,0,paired,medium,finalizada,,,3.035639262001496,2.9766875477636607,11.057,2.24,1790365426.752,1790365437.809,0.668,0.657,0.01,0.149,0.803,,0.192,4.58,,1.009,1790365418.408,1790365508.576,1.122,demo_booking_classic,customer_hangup,0.0
1790365284,48,bb91cc7f-71c8-43bb-a70c-3ebc6668ffb4,1,paired,long,finalizada,,,2.735599384002853,1.8064092733562975,11.037,3.06,1790365440.787,1790365451.824,0.677,0.647,0.031,0.184,0.465,,0.196,4.01,,1.057,1790365418.408,1790365508.576,1.323,demo_booking_classic,customer_hangup,0.0
1790365284,48,bb91cc7f-71c8-43bb-a70c-3ebc6668ffb4,2,paired,medium,finalizada,,,3.115526673005661,3.043495561083229,12.148,2.6,1790365453.631,1790365465.779,0.824,0.806,0.018,0.209,1.069,,0.146,5.22,,1.18,1790365418.408,1790365508.576,1.84,demo_booking_classic,customer_hangup,0.0
1790365284,48,bb91cc7f-71c8-43bb-a70c-3ebc6668ffb4,3,paired,short,finalizada,,,3.4356766170240007,3.03367451705092,9.318,0.48,1790365468.823,1790365478.141,0.569,0.556,0.014,0.184,0.703,,0.335,4.57,,1.088,1790365418.408,1790365508.576,1.599,demo_booking_classic,customer_hangup,0.0
1790365284,48,bb91cc7f-71c8-43bb-a70c-3ebc6668ffb4,4,paired,medium,finalizada,,,2.315857060981216,1.8762593001989891,11.165,2.6,1790365481.176,1790365492.34,0.595,0.585,0.01,0.186,0.51,,0.218,4.98,,0.998,1790365418.408,1790365508.576,1.158,demo_booking_classic,customer_hangup,0.0
1790365284,48,bb91cc7f-71c8-43bb-a70c-3ebc6668ffb4,5,paired,medium,finalizada,,,2.3556693069986068,2.361536408197819,11.993,2.6,1790365494.217,1790365506.21,0.604,0.588,0.016,0.22,0.784,,0.155,5.78,,0.979,1790365418.408,1790365508.576,1.293,demo_booking_classic,customer_hangup,0.0
1790365284,48,daacd809-b6f1-4a2d-a668-da701cf36f22,0,paired,medium,finalizada,,,2.5947799650020897,1.0,10.461,2.24,1790365428.073,1790365438.535,0.719,0.708,0.011,0.157,0.56,,0.274,3.86,,1.15,1790365418.658,1790365508.113,1.328,demo_booking_classic,customer_hangup,0.0
1790365284,48,daacd809-b6f1-4a2d-a668-da701cf36f22,1,paired,short,finalizada,,,2.2743737879791297,1.6194498455183581,11.283,0.48,1790365439.535,1790365450.818,0.49,0.477,0.014,0.168,0.868,,0.309,7.3,,0.968,1790365418.658,1790365508.113,1.049,demo_booking_classic,customer_hangup,0.0
1790365284,48,daacd809-b6f1-4a2d-a668-da701cf36f22,2,paired,short,finalizada,,,2.0546930889831856,1.9288210741956264,11.589,0.48,1790365452.438,1790365464.027,0.461,0.447,0.014,0.149,0.689,,0.149,7.86,,0.759,1790365418.658,1790365508.113,0.84,demo_booking_classic,customer_hangup,0.0
1790365284,48,daacd809-b6f1-4a2d-a668-da701cf36f22,3,paired,short,finalizada,,,3.3744983520009555,2.087478016865707,10.231,1.0,1790365465.957,1790365476.188,1.001,0.662,0.339,0.221,1.087,,0.266,4.65,,1.487,1790365418.658,1790365508.113,2.021,demo_booking_classic,customer_hangup,0.0
1790365284,48,daacd809-b6f1-4a2d-a668-da701cf36f22,4,paired,short,finalizada,,,2.0945905660046265,3.2707110623800846,11.947,0.48,1790365478.276,1790365490.222,0.507,0.497,0.01,0.179,0.772,,0.17,8.26,,0.856,1790365418.658,1790365508.113,1.011,demo_booking_classic,customer_hangup,0.0
1790365284,48,daacd809-b6f1-4a2d-a668-da701cf36f22,5,paired,long,finalizada,,,3.4146158549992833,2.0435692621444006,12.572,3.52,1790365493.493,1790365506.065,0.713,0.702,0.012,0.218,1.264,,0.169,4.41,,1.1,1790365418.658,1790365508.113,2.14,demo_booking_classic,customer_hangup,0.0
1790365284,48,d2b44433-cc32-464e-8cea-28948cf683b6,0,paired,medium,finalizada,,,-1.9927087470132392,2.165251600001675,2.248,2.12,1790365424.388,1790365426.636,1.024,1.021,0.004,0.33,1.131,,0.244,2.08,,1.598,1790365419.122,1790365494.696,,demo_booking_classic,customer_hangup,0.0
1790365284,48,d2b44433-cc32-464e-8cea-28948cf683b6,1,paired,medium,finalizada,,,3.588221246987814,1.0,12.192,2.12,1790365428.802,1790365440.994,0.565,0.564,0.002,0.213,0.741,,0.288,5.29,,1.067,1790365419.122,1790365494.696,1.632,demo_booking_classic,customer_hangup,0.0
1790365284,48,d2b44433-cc32-464e-8cea-28948cf683b6,2,paired,short,finalizada,,,2.8280966360180173,5.429529425361545,8.948,0.32,1790365441.995,1790365450.943,1.002,0.796,0.206,0.134,0.427,,0.21,4.98,,1.345,1790365419.122,1790365494.696,1.248,demo_booking_classic,customer_hangup,0.0
1790365284,48,d2b44433-cc32-464e-8cea-28948cf683b6,3,paired,medium,finalizada,,,3.1680469059792813,1.0664334799529531,12.139,2.6,1790365456.373,1790365468.511,0.71,0.68,0.03,0.361,1.15,,0.245,5.14,,1.317,1790365419.122,1790365494.696,1.893,demo_booking_classic,customer_hangup,0.0
1790365284,48,d2b44433-cc32-464e-8cea-28948cf683b6,4,paired,short,finalizada,,,2.9480486279935576,4.075474429102675,7.924,0.38,1790365469.578,1790365477.503,1.001,0.786,0.215,0.163,0.43,,0.221,3.69,,1.385,1790365419.122,1790365494.696,1.443,demo_booking_classic,customer_hangup,0.0
1790365284,48,d2b44433-cc32-464e-8cea-28948cf683b6,5,paired,short,finalizada,,,3.0078367380192503,3.6259685608301053,9.486,1.0,1790365481.578,1790365491.065,0.501,0.49,0.011,0.349,0.836,,0.194,4.57,,1.045,1790365419.122,1790365494.696,1.524,demo_booking_classic,customer_hangup,0.0
1790365284,48,6defc7ff-0d13-447c-8d39-a37b4539c943,0,paired,long,finalizada,,,3.4748397239891347,6.070582626649143,13.888,3.06,1790365428.322,1790365442.209,0.688,0.661,0.027,0.18,0.891,,0.325,6.1,,1.193,1790365419.363,1790365570.035,1.575,demo_booking_classic,customer_hangup,0.0
1790365284,48,6defc7ff-0d13-447c-8d39-a37b4539c943,1,paired,short,finalizada,,,3.2946209629881196,1.658847883871602,26.136,0.48,1790365448.28,1790365474.417,0.589,0.582,0.007,0.254,1.673,,0.192,21.15,,1.036,1790365419.363,1790365570.035,1.95,demo_booking_classic,customer_hangup,0.0
1790365284,48,6defc7ff-0d13-447c-8d39-a37b4539c943,2,paired,short,finalizada,,,3.1346548889996484,1.48882857394771,24.253,1.0,1790365476.076,1790365500.329,0.493,0.481,0.012,0.263,1.625,,0.183,18.99,,0.939,1790365419.363,1790365570.035,1.779,demo_booking_classic,customer_hangup,0.0
1790365284,48,6defc7ff-0d13-447c-8d39-a37b4539c943,3,paired,short,finalizada,,,3.954446137009654,3.7464833188291737,27.316,1.0,1790365501.818,1790365529.135,0.626,0.616,0.009,0.478,2.88,,0.143,21.15,,1.246,1790365419.363,1790365570.035,2.86,demo_booking_classic,customer_hangup,0.0
1790365284,48,6defc7ff-0d13-447c-8d39-a37b4539c943,4,paired,short,finalizada,,,2.014019300986547,1.1527704891815274,26.522,0.48,1790365532.881,1790365559.403,0.437,0.431,0.006,0.068,1.261,,0.048,22.83,,0.553,1790365419.363,1790365570.035,1.246,demo_booking_classic,customer_hangup,0.0
1790365284,48,6defc7ff-0d13-447c-8d39-a37b4539c943,5,paired,short,finalizada,,,1.7942170260066632,1.7387632583409482,7.731,0.38,1790365560.557,1790365568.288,1.001,0.376,0.625,0.097,0.326,,0.051,4.65,,1.148,1790365419.363,1790365570.035,1.054,demo_booking_classic,customer_hangup,0.0
1790365284,48,3b015c78-1810-4fe7-9f65-76ac0cfd5ab1,0,paired,medium,finalizada,,,3.6849139900004957,3.8710735749913376,13.486,2.12,1790365429.892,1790365443.377,0.649,0.606,0.043,0.261,0.881,,0.281,6.49,,1.191,1790365419.613,1790365506.363,1.775,demo_booking_classic,customer_hangup,0.0
1790365284,48,3b015c78-1810-4fe7-9f65-76ac0cfd5ab1,1,paired,short,finalizada,,,2.284777224995196,2.1926087217400374,7.922,0.32,1790365447.249,1790365455.171,1.001,0.538,0.463,0.167,0.763,,0.271,4.1,,1.439,1790365419.613,1790365506.363,1.277,demo_booking_classic,customer_hangup,0.0
1790365284,48,3b015c78-1810-4fe7-9f65-76ac0cfd5ab1,2,paired,long,finalizada,,,3.0244988949852996,1.0,13.571,3.06,1790365457.365,1790365470.936,0.711,0.703,0.008,0.276,0.703,,0.208,6.25,,1.195,1790365419.613,1790365506.363,1.618,demo_booking_classic,customer_hangup,0.0
1790365284,48,3b015c78-1810-4fe7-9f65-76ac0cfd5ab1,3,paired,medium,finalizada,,,2.3452080719871446,1.0134444743993969,10.08,2.12,1790365471.937,1790365482.017,0.696,0.677,0.019,0.327,0.81,,0.153,4.42,,1.176,1790365419.613,1790365506.363,1.372,demo_booking_classic,customer_hangup,0.0
1790365284,48,3b015c78-1810-4fe7-9f65-76ac0cfd5ab1,4,paired,medium,finalizada,,,3.5448698889813386,2.142433373163157,12.209,2.24,1790365483.031,1790365495.24,0.79,0.757,0.032,0.208,1.033,,0.238,5.29,,1.235,1790365419.613,1790365506.363,2.061,demo_booking_classic,customer_hangup,0.0
1790365284,48,3b015c78-1810-4fe7-9f65-76ac0cfd5ab1,5,paired,short,finalizada,,,2.505181429005461,1.187146570114707,7.787,0.32,1790365497.384,1790365505.171,1.001,0.75,0.251,0.475,1.144,,0.188,3.78,,1.664,1790365419.613,1790365506.363,1.67,demo_booking_classic,customer_hangup,0.0
1790365284,48,4d97a1f6-da18-4538-a87b-fb7aba0cc52d,0,paired,short,finalizada,,,4.248359915014589,1.557859863293754,25.99,0.48,1790365429.708,1790365455.698,0.527,0.513,0.015,0.199,2.298,,0.281,20.11,,1.007,1790365419.863,1790365528.787,2.228,demo_booking_classic,customer_hangup,0.0
1790365284,48,4d97a1f6-da18-4538-a87b-fb7aba0cc52d,1,paired,short,finalizada,,,2.488146180025069,2.759049193011426,8.46,0.32,1790365457.257,1790365465.717,1.0,0.824,0.177,0.296,0.599,,0.209,4.58,,1.505,1790365419.863,1790365528.787,1.434,demo_booking_classic,customer_hangup,0.0
1790365284,48,4d97a1f6-da18-4538-a87b-fb7aba0cc52d,2,paired,medium,finalizada,,,2.4678276400081813,2.087314834844585,11.627,2.6,1790365468.477,1790365480.104,0.644,0.632,0.012,0.153,0.703,,0.269,5.46,,1.066,1790365419.863,1790365528.787,1.308,demo_booking_classic,customer_hangup,0.0
1790365284,48,4d97a1f6-da18-4538-a87b-fb7aba0cc52d,3,paired,medium,finalizada,,,3.1480641959933564,5.476305411359326,12.349,2.24,1790365482.192,1790365494.54,0.82,0.812,0.008,0.318,0.735,,0.329,5.94,,1.467,1790365419.863,1790365528.787,1.645,demo_booking_classic,customer_hangup,0.0
1790365284,48,4d97a1f6-da18-4538-a87b-fb7aba0cc52d,4,paired,long,finalizada,,,2.267341013997793,4.030689725518976,15.02,3.06,1790365500.017,1790365515.037,0.65,0.642,0.008,0.292,1.549,,0.12,8.5,,1.062,1790365419.863,1790365528.787,1.437,demo_booking_classic,customer_hangup,0.0
1790365284,48,4d97a1f6-da18-4538-a87b-fb7aba0cc52d,5,paired,short,finalizada,,,1.7675731439958327,1.7088790775463,8.004,0.32,1790365519.069,1790365527.073,1.001,0.437,0.564,0.06,0.353,,0.08,5.31,,1.141,1790365419.863,1790365528.787,1.084,demo_booking_classic,customer_hangup,0.0
1790365284,48,44329755-cfe3-4584-9538-a3126cfdc9e5,0,paired,short,finalizada,,,3.2573820049874485,2.8320460046009552,9.425,0.38,1790365428.158,1790365437.584,1.001,0.464,0.537,0.147,0.587,,0.334,4.73,,1.483,1790365419.527,1790365520.564,1.389,demo_booking_classic,customer_hangup,0.0
1790365284,48,44329755-cfe3-4584-9538-a3126cfdc9e5,1,paired,short,finalizada,,,2.8567389500094578,2.5623343939715326,9.047,1.0,1790365440.416,1790365449.463,0.674,0.667,0.007,0.136,0.455,,0.194,4.41,,1.004,1790365419.527,1790365520.564,1.321,demo_booking_classic,customer_hangup,0.0
1790365284,48,44329755-cfe3-4584-9538-a3126cfdc9e5,2,paired,long,finalizada,,,2.4968363019870594,7.384193581818627,14.154,3.06,1790365452.026,1790365466.18,0.61,0.602,0.007,0.145,0.865,,0.106,7.38,,0.86,1790365419.527,1790365520.564,1.205,demo_booking_classic,customer_hangup,0.0
1790365284,48,44329755-cfe3-4584-9538-a3126cfdc9e5,3,paired,short,finalizada,,,2.9567853469925467,1.4055212908787291,9.064,0.38,1790365473.564,1790365482.628,1.001,0.552,0.449,0.226,0.884,,0.242,4.65,,1.47,1790365419.527,1790365520.564,1.684,demo_booking_classic,customer_hangup,0.0
1790365284,48,44329755-cfe3-4584-9538-a3126cfdc9e5,4,paired,medium,finalizada,,,2.9567204840132035,10.0,12.115,2.6,1790365484.034,1790365496.149,0.963,0.954,0.009,0.24,0.581,,0.254,5.38,,1.457,1790365419.527,1790365520.564,1.619,demo_booking_classic,customer_hangup,0.0
1790365284,48,44329755-cfe3-4584-9538-a3126cfdc9e5,5,paired,short,finalizada,,,2.396869344986044,4.848006579335356,9.563,1.0,1790365506.149,1790365515.712,0.573,0.563,0.01,0.199,0.543,,0.174,4.97,,0.945,1790365419.527,1790365520.564,1.282,demo_booking_classic,customer_hangup,0.0
1790365284,48,146d21eb-25fc-41d2-9e8f-b44689f33079,0,paired,short,finalizada,,,2.9719929329876322,4.304685931221938,8.887,0.32,1790365428.594,1790365437.481,1.007,0.487,0.52,0.144,0.524,,0.194,4.26,,1.345,1790365419.766,1790365511.351,1.219,demo_booking_classic,customer_hangup,0.0
1790365284,48,146d21eb-25fc-41d2-9e8f-b44689f33079,1,paired,long,finalizada,,,2.7918954439810477,1.6637263984071122,11.527,3.06,1790365441.786,1790365453.314,0.727,0.71,0.017,0.236,0.704,,0.16,4.49,,1.123,1790365419.766,1790365511.351,1.584,demo_booking_classic,customer_hangup,0.0
1790365284,48,146d21eb-25fc-41d2-9e8f-b44689f33079,2,paired,medium,finalizada,,,2.8113100139889866,1.8143750047716007,11.859,2.6,1790365454.979,1790365466.838,0.797,0.79,0.007,0.296,0.636,,0.161,8.18,,1.253,1790365419.766,1790365511.351,1.412,demo_booking_classic,customer_hangup,0.0
1790365284,48,146d21eb-25fc-41d2-9e8f-b44689f33079,3,paired,long,finalizada,,,2.7712837849976495,4.2371549767027314,11.274,3.06,1790365468.652,1790365479.926,0.7,0.689,0.011,0.187,0.55,,0.171,4.25,,1.058,1790365419.766,1790365511.351,1.415,demo_booking_classic,customer_hangup,0.0
1790365284,48,146d21eb-25fc-41d2-9e8f-b44689f33079,4,paired,short,finalizada,,,3.19184080400737,2.5607900754874025,9.908,1.0,1790365484.164,1790365494.072,0.512,0.484,0.028,0.199,1.055,,0.208,4.57,,0.919,1790365419.766,1790365511.351,1.752,demo_booking_classic,customer_hangup,0.0
1790365284,48,146d21eb-25fc-41d2-9e8f-b44689f33079,5,paired,medium,finalizada,,,2.7716576750099193,2.2274668956916184,12.483,2.12,1790365496.634,1790365509.117,0.559,0.55,0.009,0.271,0.779,,0.326,6.42,,1.156,1790365419.766,1790365511.351,1.505,demo_booking_classic,customer_hangup,0.0
1790365284,48,a9a22f8a-b7cf-46fa-992a-6b5751a786d1,0,paired,long,finalizada,,,3.7717977939755656,1.6939657414204519,12.674,3.52,1790365428.594,1790365441.268,0.941,0.924,0.016,0.165,0.623,,0.296,4.17,,1.402,1790365420.017,1790365500.513,1.849,demo_booking_classic,customer_hangup,0.0
1790365284,48,a9a22f8a-b7cf-46fa-992a-6b5751a786d1,1,paired,short,finalizada,,,2.632460616005119,2.8419328459409603,9.157,0.48,1790365442.962,1790365452.119,0.473,0.465,0.009,0.136,0.49,,0.231,4.81,,0.841,1790365420.017,1790365500.513,1.191,demo_booking_classic,customer_hangup,0.0
1790365284,48,a9a22f8a-b7cf-46fa-992a-6b5751a786d1,2,paired,short,finalizada,,,2.6322402649966534,1.330739104091736,8.522,0.48,1790365454.961,1790365463.483,0.53,0.522,0.008,0.141,0.695,,0.2,4.25,,0.871,1790365420.017,1790365500.513,1.421,demo_booking_classic,customer_hangup,0.0
1790365284,48,a9a22f8a-b7cf-46fa-992a-6b5751a786d1,3,paired,short,finalizada,,,2.3319861280033365,3.6317600187985843,7.895,0.32,1790365464.815,1790365472.71,1.0,0.712,0.288,0.297,0.831,,0.261,3.78,,1.559,1790365420.017,1790365500.513,1.496,demo_booking_classic,customer_hangup,0.0
1790365284,48,a9a22f8a-b7cf-46fa-992a-6b5751a786d1,4,paired,short,finalizada,,,2.3723320419958327,7.1288647507381455,8.101,0.48,1790365476.342,1790365484.443,0.538,0.526,0.012,0.343,0.875,,0.136,4.18,,1.017,1790365420.017,1790365500.513,1.339,demo_booking_classic,customer_hangup,0.0
1790365284,48,a9a22f8a-b7cf-46fa-992a-6b5751a786d1,5,paired,short,finalizada,,,2.371839165018173,1.1848512236878448,7.75,0.38,1790365491.573,1790365499.323,1.001,0.553,0.448,0.513,1.115,,0.256,3.86,,1.769,1790365420.017,1790365500.513,1.613,demo_booking_classic,customer_hangup,0.0
1790365284,48,10f81673-2af4-4d63-aed0-2c1f7d083d2e,0,paired,medium,finalizada,,,3.644501381990267,2.6669132581359487,15.005,2.24,1790365429.331,1790365444.336,0.755,0.745,0.01,0.274,1.069,,0.281,7.86,,1.311,1790365420.267,1790365504.319,1.766,demo_booking_classic,customer_hangup,0.0
1790365284,48,10f81673-2af4-4d63-aed0-2c1f7d083d2e,1,paired,short,finalizada,,,2.4843361179810017,1.5720274634179852,7.728,0.48,1790365447.004,1790365454.732,0.461,0.448,0.013,0.151,0.643,,0.204,3.54,,0.817,1790365420.267,1790365504.319,1.034,demo_booking_classic,customer_hangup,0.0
1790365284,48,10f81673-2af4-4d63-aed0-2c1f7d083d2e,2,paired,short,finalizada,,,2.964048569003353,1.4026183310722502,8.665,0.38,1790365456.305,1790365464.97,1.001,0.576,0.425,0.271,0.833,,0.219,4.25,,1.491,1790365420.267,1790365504.319,1.632,demo_booking_classic,customer_hangup,0.0
1790365284,48,10f81673-2af4-4d63-aed0-2c1f7d083d2e,3,paired,short,finalizada,,,3.302846786013106,7.209500602174775,10.042,0.48,1790365466.374,1790365476.416,0.497,0.473,0.024,0.208,1.039,,0.239,5.05,,0.944,1790365420.267,1790365504.319,1.757,demo_booking_classic,customer_hangup,0.0
1790365284,48,10f81673-2af4-4d63-aed0-2c1f7d083d2e,4,paired,medium,finalizada,,,2.823773437005002,1.654994497702718,9.832,2.12,1790365483.626,1790365493.458,0.764,0.755,0.009,0.248,0.613,,0.237,3.62,,1.249,1790365420.267,1790365504.319,1.385,demo_booking_classic,customer_hangup,0.0
1790365284,48,10f81673-2af4-4d63-aed0-2c1f7d083d2e,5,paired,short,finalizada,,,2.244756653002696,1.388930131303188,7.812,0.48,1790365495.113,1790365502.925,0.469,0.432,0.038,0.184,0.426,,0.165,3.86,,0.818,1790365420.267,1790365504.319,0.937,demo_booking_classic,customer_hangup,0.0
1790365284,64,e7193dae-8887-41dd-b2f2-995de2e4fa45,0,paired,long,finalizada,,,3.6743022850132547,1.3594449607085934,16.717,3.06,1790365583.724,1790365600.441,0.664,0.626,0.039,0.228,0.653,,0.319,8.65,,1.211,1790365575.792,1790365690.159,1.604,demo_booking_classic,customer_hangup,0.0
1790365284,64,e7193dae-8887-41dd-b2f2-995de2e4fa45,1,paired,long,finalizada,,,7.61462335800752,4.871130121807708,23.174,3.52,1790365601.801,1790365624.975,3.067,2.974,0.092,0.546,1.678,,0.525,10.33,,4.138,1790365575.792,1790365690.159,5.277,demo_booking_classic,customer_hangup,0.0
1790365284,64,e7193dae-8887-41dd-b2f2-995de2e4fa45,2,paired,short,finalizada,,,3.1544857130211312,2.8827222771630674,10.878,0.32,1790365629.847,1790365640.725,1.015,0.865,0.15,0.289,1.042,,0.608,4.82,,1.912,1790365575.792,1790365690.159,1.932,demo_booking_classic,customer_hangup,0.0
1790365284,64,e7193dae-8887-41dd-b2f2-995de2e4fa45,3,paired,short,finalizada,,,4.834406096022576,1.3650502215841513,11.674,0.32,1790365643.608,1790365655.283,1.417,1.344,0.072,0.67,3.391,,0.194,4.5,,2.281,1790365575.792,1790365690.159,3.716,demo_booking_classic,customer_hangup,0.0
1790365284,64,e7193dae-8887-41dd-b2f2-995de2e4fa45,4,paired,short,finalizada,,,4.3944924529932905,5.8139666961703815,10.603,0.32,1790365656.648,1790365667.252,1.132,1.073,0.059,0.864,1.546,,0.237,4.74,,2.233,1790365575.792,1790365690.159,2.672,demo_booking_classic,customer_hangup,0.0
1790365284,64,e7193dae-8887-41dd-b2f2-995de2e4fa45,5,paired,short,finalizada,,,4.213846997998189,6.833026930960582,10.254,0.48,1790365673.067,1790365683.321,1.605,1.399,0.206,0.941,1.822,,0.206,4.42,,2.752,1790365575.792,1790365690.159,2.865,demo_booking_classic,customer_hangup,0.0
1790365284,64,ed47cc66-57c2-440a-81a2-189450fb62b2,0,paired,medium,finalizada,,,3.7586918129818514,1.4125317290061539,30.673,2.6,1790365583.889,1790365614.563,0.595,0.585,0.01,0.145,1.663,,0.329,21.31,,1.069,1790365576.067,1790365687.196,1.848,demo_booking_classic,customer_hangup,0.0
1790365284,64,ed47cc66-57c2-440a-81a2-189450fb62b2,1,paired,medium,finalizada,,,5.898301038017962,1.5833122172326342,14.254,2.12,1790365615.976,1790365630.23,2.228,2.073,0.155,0.572,1.557,,0.197,5.13,,2.998,1790365576.067,1790365687.196,3.934,demo_booking_classic,customer_hangup,0.0
1790365284,64,ed47cc66-57c2-440a-81a2-189450fb62b2,2,paired,short,finalizada,,,4.6986619959934615,1.9817896022918695,10.098,0.32,1790365631.814,1790365641.912,1.395,1.354,0.041,0.36,0.891,,0.573,3.93,,2.328,1790365576.067,1790365687.196,2.978,demo_booking_classic,customer_hangup,0.0
1790365284,64,ed47cc66-57c2-440a-81a2-189450fb62b2,3,paired,short,finalizada,,,5.059251583006699,1.1327791437332042,11.142,0.32,1790365643.895,1790365655.036,1.998,1.967,0.031,0.699,2.542,,0.196,4.02,,2.893,1790365576.067,1790365687.196,3.855,demo_booking_classic,customer_hangup,0.0
1790365284,64,ed47cc66-57c2-440a-81a2-189450fb62b2,4,paired,long,finalizada,,,3.538620864012046,1.6127833465605295,12.07,3.06,1790365656.169,1790365668.24,0.853,0.842,0.01,0.41,0.756,,0.257,4.49,,1.52,1790365576.067,1790365687.196,1.861,demo_booking_classic,customer_hangup,0.0
1790365284,64,ed47cc66-57c2-440a-81a2-189450fb62b2,5,paired,short,finalizada,,,4.818886597000528,6.181241276734597,11.156,0.48,1790365669.853,1790365681.009,1.497,1.281,0.215,0.473,1.305,,0.317,4.49,,2.286,1790365576.067,1790365687.196,3.014,demo_booking_classic,customer_hangup,0.0
1790365284,64,f2e17917-fd39-485c-8898-17855db4eade,0,paired,short,finalizada,,,3.476842489995761,2.4018750642294755,27.276,0.48,1790365584.652,1790365611.928,1.001,0.477,0.524,0.132,1.794,,0.261,21.71,,1.395,1790365576.316,1790365686.04,1.835,demo_booking_classic,customer_hangup,0.0
1790365284,64,f2e17917-fd39-485c-8898-17855db4eade,1,paired,short,finalizada,,,5.236315034999279,6.293803170201915,11.038,0.32,1790365614.331,1790365625.369,1.438,1.39,0.048,0.622,1.404,,0.477,4.1,,2.537,1790365576.316,1790365686.04,2.832,demo_booking_classic,customer_hangup,0.0
1790365284,64,f2e17917-fd39-485c-8898-17855db4eade,2,paired,short,finalizada,,,4.957131864008261,2.2956590801912444,11.049,0.38,1790365631.664,1790365642.713,1.681,1.647,0.034,0.522,1.028,,0.409,4.01,,2.611,1790365576.316,1790365686.04,3.113,demo_booking_classic,customer_hangup,0.0
1790365284,64,f2e17917-fd39-485c-8898-17855db4eade,3,paired,short,finalizada,,,5.716251915000612,3.3467583290698086,12.183,0.48,1790365645.009,1790365657.192,1.335,1.322,0.013,0.902,1.891,,0.394,4.81,,2.63,1790365576.316,1790365686.04,3.642,demo_booking_classic,customer_hangup,0.0
1790365284,64,f2e17917-fd39-485c-8898-17855db4eade,4,paired,short,finalizada,,,3.576586547016632,1.3200452820082136,9.591,0.48,1790365660.54,1790365670.13,0.627,0.609,0.018,0.448,0.977,,0.386,4.41,,1.461,1790365576.316,1790365686.04,2.037,demo_booking_classic,customer_hangup,0.0
1790365284,64,f2e17917-fd39-485c-8898-17855db4eade,5,paired,short,finalizada,,,4.836600359005388,3.2805481960700287,11.303,0.48,1790365671.451,1790365682.754,1.499,1.421,0.078,0.613,1.256,,0.458,5.37,,2.57,1790365576.316,1790365686.04,3.151,demo_booking_classic,customer_hangup,0.0
1790365284,64,820feddc-9523-4ac4-a558-71dbe738b837,0,paired,short,finalizada,,,2.4002175059868023,4.717088386432505,8.358,0.32,1790365585.538,1790365593.896,1.001,0.5,0.501,0.193,0.537,,0.205,4.02,,1.399,1790365576.566,1790365689.979,1.212,demo_booking_classic,customer_hangup,0.0
1790365284,64,820feddc-9523-4ac4-a558-71dbe738b837,1,paired,short,finalizada,,,2.839453508000588,6.0892859880261305,13.868,0.48,1790365598.614,1790365612.482,0.651,0.631,0.02,0.201,0.798,,0.493,7.46,,1.345,1790365576.566,1790365689.979,1.476,demo_booking_classic,customer_hangup,0.0
1790365284,64,820feddc-9523-4ac4-a558-71dbe738b837,2,paired,long,finalizada,,,5.060090635000961,8.54884748668671,17.886,3.06,1790365618.572,1790365636.458,1.411,1.337,0.074,0.441,2.219,,0.263,8.18,,2.115,1790365576.566,1790365689.979,2.999,demo_booking_classic,customer_hangup,0.0
1790365284,64,820feddc-9523-4ac4-a558-71dbe738b837,3,paired,short,finalizada,,,5.639905998017639,4.997794521229874,13.358,0.48,1790365645.007,1790365658.365,1.429,1.332,0.096,0.372,2.367,,0.459,6.02,,2.26,1790365576.566,1790365689.979,3.564,demo_booking_classic,customer_hangup,0.0
1790365284,64,820feddc-9523-4ac4-a558-71dbe738b837,4,paired,short,finalizada,,,2.8796612459991593,1.0,5.844,0.48,1790365663.363,1790365669.208,0.621,0.571,0.05,0.702,3.149,,0.203,7.86,,1.526,1790365576.566,1790365689.979,1.839,demo_booking_classic,customer_hangup,0.0
1790365284,64,820feddc-9523-4ac4-a558-71dbe738b837,5,paired,long,finalizada,,,5.2608446960221045,1.8424105548598861,17.924,3.06,1790365670.208,1790365688.133,1.082,1.071,0.011,0.604,2.584,,0.215,8.5,,1.902,1790365576.566,1790365689.979,3.518,demo_booking_classic,customer_hangup,0.0
1790365284,64,bd035675-a5f1-4fb8-8442-86d867ef0362,0,paired,long,finalizada,,,6.47573661597562,2.1109585764552072,15.381,3.52,1790365587.459,1790365602.84,1.756,1.726,0.03,0.509,1.311,,0.43,4.41,,2.695,1790365576.373,1790365681.242,3.472,demo_booking_classic,customer_hangup,0.0
1790365284,64,bd035675-a5f1-4fb8-8442-86d867ef0362,1,paired,long,finalizada,,,6.495754446979845,2.233278051092362,17.404,3.52,1790365604.952,1790365622.355,2.169,2.122,0.047,0.583,1.023,,0.487,6.1,,3.238,1790365576.373,1790365681.242,3.475,demo_booking_classic,customer_hangup,0.0
1790365284,64,bd035675-a5f1-4fb8-8442-86d867ef0362,2,paired,medium,finalizada,,,5.215443216002313,3.9388769919086477,10.941,2.24,1790365624.589,1790365635.53,1.595,1.583,0.012,0.335,1.243,,0.252,2.25,,2.181,1790365576.373,1790365681.242,3.11,demo_booking_classic,customer_hangup,0.0
1790365284,64,bd035675-a5f1-4fb8-8442-86d867ef0362,3,paired,medium,finalizada,,,4.575259578006808,2.5536337876530255,11.973,2.24,1790365639.47,1790365651.443,1.242,1.221,0.021,0.329,0.959,,0.673,3.93,,2.244,1790365576.373,1790365681.242,2.862,demo_booking_classic,customer_hangup,0.0
1790365284,64,bd035675-a5f1-4fb8-8442-86d867ef0362,4,paired,short,finalizada,,,4.855768589011859,3.707616896653785,10.658,0.48,1790365653.998,1790365664.655,1.68,1.646,0.033,0.734,1.154,,0.494,4.09,,2.908,1790365576.373,1790365681.242,3.312,demo_booking_classic,customer_hangup,0.0
1790365284,64,bd035675-a5f1-4fb8-8442-86d867ef0362,5,paired,short,finalizada,,,5.07522023000638,2.5132388984623626,10.355,0.48,1790365668.364,1790365678.719,1.462,1.387,0.074,0.711,1.431,,0.501,3.61,,2.674,1790365576.373,1790365681.242,3.423,demo_booking_classic,customer_hangup,0.0
1790365284,64,205c556c-d59c-4392-a91d-22cf5ad7ea1b,0,paired,short,finalizada,,,3.7320553030003794,1.0,28.681,1.0,1790365584.662,1790365613.343,0.497,0.488,0.009,0.16,1.793,,0.226,22.27,,0.884,1790365576.623,1790365686.055,1.902,demo_booking_classic,customer_hangup,0.0
1790365284,64,205c556c-d59c-4392-a91d-22cf5ad7ea1b,1,paired,short,finalizada,,,5.351773575996049,3.0961221115908217,11.196,0.48,1790365614.343,1790365625.54,1.52,1.464,0.056,0.463,0.935,,0.582,4.25,,2.565,1790365576.623,1790365686.055,3.118,demo_booking_classic,customer_hangup,0.0
1790365284,64,205c556c-d59c-4392-a91d-22cf5ad7ea1b,2,paired,medium,finalizada,,,4.632188364979811,1.6585069564292505,11.994,2.12,1790365628.637,1790365640.631,1.628,1.595,0.033,0.439,0.795,,0.29,4.01,,2.357,1790365576.623,1790365686.055,2.708,demo_booking_classic,customer_hangup,0.0
1790365284,64,205c556c-d59c-4392-a91d-22cf5ad7ea1b,3,paired,medium,finalizada,,,5.852550484007224,1.5916996107342878,14.622,2.6,1790365642.29,1790365656.911,1.966,1.897,0.069,0.308,1.918,,0.358,5.3,,2.631,1790365576.623,1790365686.055,3.832,demo_booking_classic,customer_hangup,0.0
1790365284,64,205c556c-d59c-4392-a91d-22cf5ad7ea1b,4,paired,medium,finalizada,,,3.632622181001352,2.6579451447459044,11.208,2.24,1790365658.503,1790365669.711,0.668,0.62,0.048,0.647,1.116,,0.455,4.65,,1.77,1790365576.623,1790365686.055,2.222,demo_booking_classic,customer_hangup,0.0
1790365284,64,205c556c-d59c-4392-a91d-22cf5ad7ea1b,5,paired,short,finalizada,,,3.491720707999775,3.4224851966981125,10.258,0.48,1790365672.37,1790365682.627,0.907,0.819,0.088,0.497,1.326,,0.271,5.06,,1.675,1790365576.623,1790365686.055,1.75,demo_booking_classic,customer_hangup,0.0
1790365284,64,498d9fc8-76ea-4d34-a85c-e39b869f5805,0,paired,medium,finalizada,,,3.5710287529800553,1.4633939323669176,15.238,2.24,1790365585.444,1790365600.682,0.738,0.729,0.009,0.141,0.678,,0.282,8.18,,1.161,1790365576.873,1790365687.575,1.59,demo_booking_classic,customer_hangup,0.0
1790365284,64,498d9fc8-76ea-4d34-a85c-e39b869f5805,1,paired,medium,finalizada,,,7.691124379984103,5.444929063860948,16.219,2.6,1790365602.146,1790365618.365,2.529,2.458,0.072,1.185,2.169,,0.442,4.01,,4.156,1790365576.873,1790365687.575,5.516,demo_booking_classic,customer_hangup,0.0
1790365284,64,498d9fc8-76ea-4d34-a85c-e39b869f5805,2,paired,medium,finalizada,,,4.390102393022971,3.776251821870297,12.274,2.12,1790365623.811,1790365636.084,1.207,1.186,0.021,0.655,1.215,,0.18,4.57,,2.042,1790365576.873,1790365687.575,2.595,demo_booking_classic,customer_hangup,0.0
1790365284,64,498d9fc8-76ea-4d34-a85c-e39b869f5805,3,paired,long,finalizada,,,7.829979200003436,1.0879797132504008,17.376,3.52,1790365639.861,1790365657.238,1.936,1.908,0.028,1.015,3.231,,0.569,4.57,,3.52,1790365576.873,1790365687.575,5.776,demo_booking_classic,customer_hangup,0.0
1790365284,64,498d9fc8-76ea-4d34-a85c-e39b869f5805,4,paired,long,finalizada,,,6.550820522999857,1.8137520676871126,15.998,3.52,1790365658.327,1790365674.325,1.825,1.762,0.062,0.581,2.913,,0.155,4.73,,2.56,1790365576.873,1790365687.575,4.843,demo_booking_classic,customer_hangup,0.0
1790365284,64,498d9fc8-76ea-4d34-a85c-e39b869f5805,5,paired,short,finalizada,,,3.5905388230166864,2.4415521284947177,8.99,0.48,1790365676.139,1790365685.129,0.763,0.735,0.028,0.4,0.752,,0.323,3.93,,1.486,1790365576.873,1790365687.575,1.816,demo_booking_classic,customer_hangup,0.0
1790365284,64,bd8a197f-1e74-425c-bfda-ad69aa16f29f,0,paired,short,finalizada,,,2.287497028009966,2.0991669068647485,8.369,0.32,1790365585.136,1790365593.506,1.002,0.47,0.532,0.131,0.472,,0.193,4.18,,1.326,1790365577.122,1790365678.889,1.206,demo_booking_classic,customer_hangup,0.0
1790365284,64,bd8a197f-1e74-425c-bfda-ad69aa16f29f,1,paired,short,finalizada,,,4.4085072920133825,4.438638728608751,14.817,0.48,1790365595.605,1790365610.422,1.591,1.58,0.011,0.258,1.418,,0.458,7.46,,2.307,1790365577.122,1790365678.889,2.901,demo_booking_classic,customer_hangup,0.0
1790365284,64,bd8a197f-1e74-425c-bfda-ad69aa16f29f,2,paired,long,finalizada,,,4.808274765993701,1.3949542517818523,13.431,3.06,1790365614.861,1790365628.292,1.709,1.555,0.154,0.626,1.05,,0.45,4.01,,2.785,1790365577.122,1790365678.889,3.162,demo_booking_classic,customer_hangup,0.0
1790365284,64,bd8a197f-1e74-425c-bfda-ad69aa16f29f,3,paired,long,finalizada,,,5.66749807697488,3.3096650647181707,14.209,3.06,1790365629.688,1790365643.898,1.874,1.683,0.191,0.626,1.807,,0.231,4.41,,2.731,1790365577.122,1790365678.889,3.78,demo_booking_classic,customer_hangup,0.0
1790365284,64,bd8a197f-1e74-425c-bfda-ad69aa16f29f,4,paired,short,finalizada,,,5.68826862500282,1.543041826806584,13.17,1.0,1790365647.208,1790365660.378,1.152,1.068,0.085,0.671,1.555,,0.289,5.21,,2.112,1790365577.122,1790365678.889,2.935,demo_booking_classic,customer_hangup,0.0
1790365284,64,bd8a197f-1e74-425c-bfda-ad69aa16f29f,5,paired,long,finalizada,,,5.107550587999867,3.4624402486280044,13.495,3.06,1790365661.921,1790365675.416,1.089,1.057,0.032,0.418,1.511,,0.257,4.17,,1.765,1790365577.122,1790365678.889,2.842,demo_booking_classic,customer_hangup,0.0
1790365284,64,9119671e-6626-4976-be5a-0e0e48e5bdb8,0,paired,medium,finalizada,,,5.035623695992399,3.8974228388427132,14.435,2.6,1790365586.338,1790365600.773,1.548,1.45,0.098,0.498,1.134,,0.469,5.29,,2.516,1790365577.857,1790365686.65,3.108,demo_booking_classic,customer_hangup,0.0
1790365284,64,9119671e-6626-4976-be5a-0e0e48e5bdb8,1,paired,short,finalizada,,,7.575332900014473,2.097973581066479,14.023,0.48,1790365604.671,1790365618.694,3.365,3.286,0.079,0.552,1.564,,0.455,4.57,,4.372,1790365577.857,1790365686.65,5.388,demo_booking_classic,customer_hangup,0.0
1790365284,64,9119671e-6626-4976-be5a-0e0e48e5bdb8,2,paired,long,finalizada,,,4.315462691010907,2.3160929416178346,15.581,3.06,1790365620.793,1790365636.374,1.398,1.34,0.059,0.266,0.854,,0.435,6.97,,2.099,1790365577.857,1790365686.65,2.687,demo_booking_classic,customer_hangup,0.0
1790365284,64,9119671e-6626-4976-be5a-0e0e48e5bdb8,3,paired,medium,finalizada,,,4.755697169981431,4.758005332627004,12.306,2.24,1790365638.69,1790365650.996,1.584,1.438,0.146,0.571,1.086,,0.315,4.17,,2.47,1790365577.857,1790365686.65,2.866,demo_booking_classic,customer_hangup,0.0
1790365284,64,9119671e-6626-4976-be5a-0e0e48e5bdb8,4,paired,short,finalizada,,,5.2553689909982495,3.7484251399514523,11.526,1.0,1790365655.755,1790365667.281,1.336,1.288,0.047,0.747,1.696,,0.333,3.77,,2.415,1790365577.857,1790365686.65,3.375,demo_booking_classic,customer_hangup,0.0
1790365284,64,9119671e-6626-4976-be5a-0e0e48e5bdb8,5,paired,medium,finalizada,,,5.575510103983106,2.0743731055344097,13.54,2.12,1790365671.03,1790365684.571,1.653,1.581,0.072,0.654,1.791,,0.268,4.65,,2.575,1790365577.857,1790365686.65,3.664,demo_booking_classic,customer_hangup,0.0
1790365284,64,57ab0a40-0c96-4082-b8c2-3603488fcc57,0,paired,medium,finalizada,,,3.7234915640146937,3.0685669856218944,11.163,2.12,1790365586.42,1790365597.583,0.694,0.638,0.056,0.337,0.846,,0.273,4.33,,1.304,1790365578.108,1790365677.668,1.775,demo_booking_classic,customer_hangup,0.0
1790365284,64,57ab0a40-0c96-4082-b8c2-3603488fcc57,1,paired,medium,finalizada,,,5.683580296987202,2.2661141788779613,13.312,2.24,1790365600.652,1790365613.965,1.966,1.77,0.196,0.627,1.002,,0.272,4.09,,2.864,1790365578.108,1790365677.668,3.11,demo_booking_classic,customer_hangup,0.0
1790365284,64,57ab0a40-0c96-4082-b8c2-3603488fcc57,2,paired,long,finalizada,,,5.723952019994613,3.6914373572041383,14.783,3.06,1790365616.231,1790365631.014,2.058,2.04,0.018,0.247,1.496,,0.184,4.73,,2.489,1790365578.108,1790365677.668,3.732,demo_booking_classic,customer_hangup,0.0
1790365284,64,57ab0a40-0c96-4082-b8c2-3603488fcc57,3,paired,short,finalizada,,,4.023789058992406,3.41219962826259,8.556,0.48,1790365634.706,1790365643.262,0.994,0.93,0.064,0.327,0.901,,0.451,2.81,,1.773,1790365578.108,1790365677.668,2.382,demo_booking_classic,customer_hangup,0.0
1790365284,64,57ab0a40-0c96-4082-b8c2-3603488fcc57,4,paired,short,finalizada,,,6.0631151080015115,1.5850962233161072,14.574,1.0,1790365646.675,1790365661.249,1.444,1.423,0.021,0.843,2.098,,0.312,6.26,,2.599,1790365578.108,1790365677.668,3.509,demo_booking_classic,customer_hangup,0.0
1790365284,64,57ab0a40-0c96-4082-b8c2-3603488fcc57,5,paired,medium,finalizada,,,3.9839481209928636,2.334820764157483,12.493,2.24,1790365662.834,1790365675.327,1.353,1.315,0.037,0.592,1.76,,0.351,3.94,,2.295,1790365578.108,1790365677.668,2.547,demo_booking_classic,customer_hangup,0.0
1790365284,64,ed559e75-20e7-4c9d-bc5c-585c3e023815,0,paired,short,finalizada,,,3.3899607619969174,2.138344330728134,10.235,0.38,1790365587.144,1790365597.379,1.002,0.604,0.397,0.142,0.693,,0.24,5.38,,1.383,1790365578.356,1790365679.822,1.272,demo_booking_classic,customer_hangup,0.0
1790365284,64,ed559e75-20e7-4c9d-bc5c-585c3e023815,1,paired,short,finalizada,,,4.949941942002624,5.000969344889189,11.417,0.48,1790365599.517,1790365610.934,1.652,1.572,0.08,0.21,0.768,,0.351,4.73,,2.212,1790365578.356,1790365679.822,2.742,demo_booking_classic,customer_hangup,0.0
1790365284,64,ed559e75-20e7-4c9d-bc5c-585c3e023815,2,paired,short,finalizada,,,4.009897893993184,2.449980791505509,11.284,1.0,1790365615.936,1790365627.22,1.085,0.918,0.166,0.307,0.585,,0.446,4.81,,1.838,1790365578.356,1790365679.822,2.001,demo_booking_classic,customer_hangup,0.0
1790365284,64,ed559e75-20e7-4c9d-bc5c-585c3e023815,3,paired,long,finalizada,,,5.829751474986551,1.0,14.763,3.52,1790365629.671,1790365644.434,2.126,1.961,0.165,0.569,1.279,,0.527,4.17,,3.223,1790365578.356,1790365679.822,3.873,demo_booking_classic,customer_hangup,0.0
1790365284,64,ed559e75-20e7-4c9d-bc5c-585c3e023815,4,paired,medium,finalizada,,,4.829867477004882,4.565667650916057,14.436,2.6,1790365645.434,1790365659.871,1.066,1.054,0.012,0.429,2.005,,0.424,5.38,,1.919,1790365578.356,1790365679.822,2.802,demo_booking_classic,customer_hangup,0.0
1790365284,64,ed559e75-20e7-4c9d-bc5c-585c3e023815,5,paired,medium,finalizada,,,4.909946972009493,2.982597978991745,12.395,2.12,1790365664.437,1790365676.833,1.092,1.058,0.035,0.474,1.005,,0.568,4.17,,2.134,1790365578.356,1790365679.822,2.647,demo_booking_classic,customer_hangup,0.0
1790365284,64,0b1e5cee-4c63-4e48-bd12-83a209ee8630,0,paired,medium,finalizada,,,5.556963184004417,3.1952258629453243,14.508,2.12,1790365587.926,1790365602.434,1.848,1.804,0.044,0.367,0.86,,0.454,4.81,,2.669,1790365578.606,1790365697.266,3.138,demo_booking_classic,customer_hangup,0.0
1790365284,64,0b1e5cee-4c63-4e48-bd12-83a209ee8630,1,paired,medium,finalizada,,,6.036961117002647,2.7704748226745224,15.846,2.6,1790365605.63,1790365621.476,1.688,1.617,0.072,0.471,1.09,,0.348,6.1,,2.507,1790365578.606,1790365697.266,2.774,demo_booking_classic,customer_hangup,0.0
1790365284,64,0b1e5cee-4c63-4e48-bd12-83a209ee8630,2,paired,short,finalizada,,,7.376894904999062,2.080345319795529,32.351,1.0,1790365624.248,1790365656.599,1.253,1.206,0.047,0.392,5.264,,0.424,22.11,,2.069,1790365578.606,1790365697.266,5.117,demo_booking_classic,customer_hangup,0.0
1790365284,64,0b1e5cee-4c63-4e48-bd12-83a209ee8630,3,paired,medium,finalizada,,,4.356647890992463,1.0,13.873,2.6,1790365658.68,1790365672.553,1.601,1.568,0.034,0.71,2.471,,0.242,5.7,,2.554,1790365578.606,1790365697.266,3.032,demo_booking_classic,customer_hangup,0.0
1790365284,64,0b1e5cee-4c63-4e48-bd12-83a209ee8630,4,paired,medium,finalizada,,,2.876502539991634,2.672156560416809,11.369,2.24,1790365673.553,1790365684.923,0.755,0.74,0.015,0.276,0.855,,0.258,6.18,,1.29,1790365578.606,1790365697.266,1.43,demo_booking_classic,customer_hangup,0.0
1790365284,64,0b1e5cee-4c63-4e48-bd12-83a209ee8630,5,paired,short,finalizada,,,2.216236599982949,1.416430905602996,8.248,0.38,1790365687.596,1790365695.843,1.0,0.476,0.525,0.333,0.76,,0.174,4.42,,1.508,1790365578.606,1790365697.266,1.18,demo_booking_classic,customer_hangup,0.0
1790365284,64,d0eec67f-efc5-4282-9055-e68f2f1d2e57,0,paired,medium,finalizada,,,5.131392670999048,4.226485114767785,13.326,2.12,1790365587.306,1790365600.632,1.661,1.621,0.041,0.578,0.842,,0.48,4.33,,2.719,1790365578.56,1790365689.913,3.076,demo_booking_classic,customer_hangup,0.0
1790365284,64,d0eec67f-efc5-4282-9055-e68f2f1d2e57,1,paired,long,finalizada,,,7.049399691983126,2.6824234921871604,15.97,3.52,1790365604.86,1790365620.83,2.566,2.551,0.015,0.418,0.995,,0.726,3.85,,3.71,1790365578.56,1790365689.913,4.421,demo_booking_classic,customer_hangup,0.0
1790365284,64,d0eec67f-efc5-4282-9055-e68f2f1d2e57,2,paired,medium,finalizada,,,4.071091510006227,4.388598258268207,11.754,2.12,1790365623.513,1790365635.266,1.393,1.353,0.04,0.767,1.658,,0.268,4.74,,2.428,1790365578.56,1790365689.913,2.582,demo_booking_classic,customer_hangup,0.0
1790365284,64,d0eec67f-efc5-4282-9055-e68f2f1d2e57,3,paired,long,finalizada,,,8.009562384017045,2.281880597826306,17.096,3.52,1790365639.655,1790365656.752,2.686,2.658,0.028,0.649,2.663,,0.366,4.73,,3.701,1790365578.56,1790365689.913,5.72,demo_booking_classic,customer_hangup,0.0
1790365284,64,d0eec67f-efc5-4282-9055-e68f2f1d2e57,4,paired,long,finalizada,,,5.771609865973005,3.735715338680551,14.197,3.06,1790365659.035,1790365673.232,1.496,1.42,0.076,0.423,2.51,,0.245,4.25,,2.164,1790365578.56,1790365689.913,4.203,demo_booking_classic,customer_hangup,0.0
1790365284,64,d0eec67f-efc5-4282-9055-e68f2f1d2e57,5,paired,medium,finalizada,,,3.1316554410150275,1.8329040353301436,11.107,2.12,1790365676.969,1790365688.075,1.05,1.043,0.008,0.22,0.792,,0.28,4.66,,1.551,1790365578.56,1790365689.913,1.864,demo_booking_classic,customer_hangup,0.0
1790365284,64,16297a49-5544-47aa-86b0-68a938f102ef,0,paired,short,finalizada,,timeout esperando que el agente termine de hablar,3.9963006490143016,1.957056675214939,29.477,0.48,1790365587.471,1790365616.949,0.605,0.591,0.014,0.152,1.67,,0.315,22.51,,1.072,1790365578.808,1790365699.673,1.856,demo_booking_classic,customer_hangup,0.0
1790365284,64,16297a49-5544-47aa-86b0-68a938f102ef,1,paired,short,finalizada,,,4.716202304000035,1.9577180337515823,10.665,0.32,1790365618.907,1790365629.572,2.256,2.195,0.06,0.746,1.615,,0.156,4.5,,3.158,1790365578.808,1790365699.673,3.218,demo_booking_classic,customer_hangup,0.0
1790365284,64,16297a49-5544-47aa-86b0-68a938f102ef,2,paired,medium,finalizada,,,6.856046973000048,1.3029669433792697,16.807,2.24,1790365631.531,1790365648.337,1.897,1.511,0.386,0.696,1.975,,0.356,6.65,,2.949,1790365578.808,1790365699.673,4.592,demo_booking_classic,customer_hangup,0.0
1790365284,64,16297a49-5544-47aa-86b0-68a938f102ef,3,paired,long,finalizada,,,5.315821153024444,4.015469827814797,17.971,3.06,1790365649.641,1790365667.612,2.084,1.943,0.141,0.362,1.451,,0.26,8.42,,2.705,1790365578.808,1790365699.673,3.445,demo_booking_classic,customer_hangup,0.0
1790365284,64,16297a49-5544-47aa-86b0-68a938f102ef,4,paired,long,finalizada,,,4.415353107993724,1.5374013908776547,15.149,3.06,1790365671.628,1790365686.777,1.617,1.608,0.01,0.264,0.894,,0.241,6.41,,2.122,1790365578.808,1790365699.673,2.75,demo_booking_classic,customer_hangup,0.0
1790365284,64,16297a49-5544-47aa-86b0-68a938f102ef,5,paired,medium,finalizada,,,1.5746897679928225,2.4914432920033303,8.859,2.24,1790365688.315,1790365697.174,0.541,0.532,0.01,0.089,0.685,,0.118,3.86,,0.748,1790365578.808,1790365699.673,0.843,demo_booking_classic,customer_hangup,0.0
1790365284,64,305f4d16-7900-4255-81a7-3d31675ec29c,0,paired,short,finalizada,,,4.254168438987108,4.395514235330391,29.126,1.0,1790365587.574,1790365616.699,1.178,1.028,0.15,0.3,2.223,,0.322,21.63,,1.8,1790365579.057,1790365693.997,2.339,demo_booking_classic,customer_hangup,0.0
1790365284,64,305f4d16-7900-4255-81a7-3d31675ec29c,1,paired,short,finalizada,,,4.6342588199768215,3.298517774119389,11.173,0.32,1790365621.095,1790365632.268,1.803,1.62,0.183,0.719,1.436,,0.285,5.06,,2.806,1790365579.057,1790365693.997,2.811,demo_booking_classic,customer_hangup,0.0
1790365284,64,305f4d16-7900-4255-81a7-3d31675ec29c,2,paired,short,finalizada,,,5.854311943985522,1.1033279505426337,12.934,1.0,1790365635.568,1790365648.502,1.473,1.423,0.05,0.309,1.504,,0.446,4.89,,2.228,1790365579.057,1790365693.997,3.455,demo_booking_classic,customer_hangup,0.0
1790365284,64,305f4d16-7900-4255-81a7-3d31675ec29c,3,paired,medium,finalizada,,,4.414358517009532,1.9120091102071484,12.972,2.24,1790365649.606,1790365662.578,2.274,2.068,0.206,0.731,1.385,,0.213,4.82,,3.218,1790365579.057,1790365693.997,3.196,demo_booking_classic,customer_hangup,0.0
1790365284,64,305f4d16-7900-4255-81a7-3d31675ec29c,4,paired,short,finalizada,,,4.053709376981715,5.216589507670613,10.363,0.32,1790365664.491,1790365674.854,1.001,0.676,0.325,0.51,2.085,,0.224,4.34,,1.735,1790365579.057,1790365693.997,2.578,demo_booking_classic,customer_hangup,0.0
1790365284,64,305f4d16-7900-4255-81a7-3d31675ec29c,5,paired,medium,finalizada,,,3.5142408100073226,2.3607890073900144,11.556,2.24,1790365680.071,1790365691.627,0.953,0.92,0.033,0.622,1.86,,0.229,4.74,,1.804,1790365579.057,1790365693.997,2.155,demo_booking_classic,customer_hangup,0.0
1790365284,64,0f883a03-05f4-4e65-a2ad-60fe0a47ea20,0,paired,short,finalizada,,,5.010170060006203,3.0793893090204296,11.165,0.48,1790365588.377,1790365599.542,1.596,1.484,0.112,0.579,1.039,,0.451,4.25,,2.626,1790365579.308,1790365682.581,2.999,demo_booking_classic,customer_hangup,0.0
1790365284,64,0f883a03-05f4-4e65-a2ad-60fe0a47ea20,1,paired,short,finalizada,,,6.8708155489875935,1.9851977580489752,13.481,0.48,1790365602.622,1790365616.103,2.722,2.573,0.15,0.601,1.383,,0.485,4.89,,3.808,1790365579.308,1790365682.581,4.535,demo_booking_classic,customer_hangup,0.0
1790365284,64,0f883a03-05f4-4e65-a2ad-60fe0a47ea20,2,paired,short,finalizada,,,4.410240272001829,2.3550252482572107,10.29,0.32,1790365618.089,1790365628.379,2.188,2.109,0.079,0.362,0.926,,0.199,4.26,,2.749,1790365579.308,1790365682.581,3.046,demo_booking_classic,customer_hangup,0.0
1790365284,64,0f883a03-05f4-4e65-a2ad-60fe0a47ea20,3,paired,medium,finalizada,,,5.490783080022084,1.6078684183803513,13.082,2.12,1790365630.735,1790365643.817,2.093,1.778,0.315,0.717,1.705,,0.203,4.25,,3.013,1790365579.308,1790365682.581,3.707,demo_booking_classic,customer_hangup,0.0
1790365284,64,0f883a03-05f4-4e65-a2ad-60fe0a47ea20,4,paired,medium,finalizada,,,4.830771704000654,7.368655351965879,14.227,2.6,1790365645.426,1790365659.654,1.131,1.114,0.017,0.508,1.88,,0.459,5.46,,2.097,1790365579.308,1790365682.581,2.882,demo_booking_classic,customer_hangup,0.0
1790365284,64,0f883a03-05f4-4e65-a2ad-60fe0a47ea20,5,paired,long,finalizada,,,4.290546934993472,1.0,14.552,3.06,1790365667.023,1790365681.576,1.182,1.144,0.038,0.276,1.168,,0.281,6.09,,1.74,1790365579.308,1790365682.581,2.601,demo_booking_classic,customer_hangup,0.0
1790365284,64,b3914505-5839-4d4f-ae16-e05e5d650b33,0,paired,medium,finalizada,,timeout esperando que el agente termine de hablar,7.994755653984612,4.470134896841047,35.597,2.6,1790365588.306,1790365623.903,1.83,1.81,0.02,0.505,3.542,,0.567,22.67,,2.901,1790365579.605,1790365706.901,5.125,demo_booking_classic,customer_hangup,0.0
1790365284,64,b3914505-5839-4d4f-ae16-e05e5d650b33,1,paired,short,finalizada,,,4.433927787002176,4.596202634925569,10.716,1.0,1790365628.374,1790365639.09,1.012,0.666,0.346,0.552,1.728,,0.235,3.61,,1.8,1790365579.605,1790365706.901,2.676,demo_booking_classic,customer_hangup,0.0
1790365284,64,b3914505-5839-4d4f-ae16-e05e5d650b33,2,paired,medium,finalizada,,,5.414226564986166,5.410459693264381,15.37,2.24,1790365643.687,1790365659.057,1.637,1.602,0.034,0.562,1.389,,0.467,6.57,,2.667,1790365579.605,1790365706.901,3.471,demo_booking_classic,customer_hangup,0.0
1790365284,64,b3914505-5839-4d4f-ae16-e05e5d650b33,3,paired,short,finalizada,,,5.5140967599872965,2.194302267032363,11.349,0.38,1790365664.468,1790365675.817,1.012,0.65,0.363,0.556,2.013,,0.254,4.49,,1.822,1790365579.605,1790365706.901,3.049,demo_booking_classic,customer_hangup,0.0
1790365284,64,b3914505-5839-4d4f-ae16-e05e5d650b33,4,paired,long,finalizada,,,3.9143333790125325,3.270996469523789,13.28,3.52,1790365678.012,1790365691.292,0.954,0.926,0.028,0.263,1.57,,0.17,4.65,,1.387,1790365579.605,1790365706.901,2.677,demo_booking_classic,customer_hangup,0.0
1790365284,64,b3914505-5839-4d4f-ae16-e05e5d650b33,5,paired,long,finalizada,,,1.7947420050040819,2.036380257709273,10.296,3.06,1790365694.564,1790365704.86,0.561,0.555,0.006,0.068,0.323,,0.072,4.49,,0.701,1790365579.605,1790365706.901,0.952,demo_booking_classic,customer_hangup,0.0
1790365284,64,71f34189-a918-4df0-9d55-219467ada01f,0,paired,short,finalizada,,,4.735846421011956,10.0,11.349,0.38,1790365589.215,1790365600.564,1.478,1.454,0.024,0.366,0.831,,0.379,4.73,,2.223,1790365579.853,1790365725.189,2.678,demo_booking_classic,customer_hangup,0.0
1790365284,64,71f34189-a918-4df0-9d55-219467ada01f,1,paired,long,finalizada,,,5.675435049022781,4.38113162485287,14.947,3.52,1790365610.565,1790365625.513,1.853,1.791,0.061,0.629,1.092,,0.569,4.33,,3.051,1790365579.853,1790365725.189,3.514,demo_booking_classic,customer_hangup,0.0
1790365284,64,71f34189-a918-4df0-9d55-219467ada01f,2,paired,short,finalizada,,,5.315501375996973,3.973315988615076,29.346,1.0,1790365629.895,1790365659.241,1.525,1.392,0.132,0.814,3.139,,0.546,22.03,,2.885,1790365579.853,1790365725.189,3.823,demo_booking_classic,customer_hangup,0.0
1790365284,64,71f34189-a918-4df0-9d55-219467ada01f,3,paired,medium,finalizada,,,4.195403771009296,4.492320544705171,13.671,2.6,1790365663.216,1790365676.887,0.961,0.931,0.031,0.417,1.658,,0.477,5.38,,1.855,1790365579.853,1790365725.189,2.197,demo_booking_classic,customer_hangup,0.0
1790365284,64,71f34189-a918-4df0-9d55-219467ada01f,4,paired,short,finalizada,,,5.576060694991611,2.6955129612788156,28.899,1.0,1790365681.38,1790365710.28,1.001,0.836,0.165,0.62,3.613,,0.228,21.55,,1.849,1790365579.853,1790365725.189,3.986,demo_booking_classic,customer_hangup,0.0
1790365284,64,71f34189-a918-4df0-9d55-219467ada01f,5,paired,short,finalizada,,,2.0359422829933465,4.181288707185435,8.027,0.48,1790365712.975,1790365721.002,0.4,0.37,0.03,0.06,0.42,,0.044,4.73,,0.504,1790365579.853,1790365725.189,0.836,demo_booking_classic,customer_hangup,0.0
1790365284,64,249b38d6-0c00-4b28-bcb1-51b33edf9604,0,paired,short,finalizada,,,4.554255143011687,3.8965890104466006,7.462,0.32,1790365588.947,1790365596.409,1.874,1.832,0.043,0.592,0.8,,0.431,4.66,,2.898,1790365580.102,1790365681.536,3.049,demo_booking_classic,customer_hangup,0.0
1790365284,64,249b38d6-0c00-4b28-bcb1-51b33edf9604,1,paired,long,finalizada,,,6.214545921975514,1.1914913439497221,18.51,3.06,1790365600.307,1790365618.817,2.507,2.329,0.178,0.872,1.351,,0.472,7.62,,3.851,1790365580.102,1790365681.536,4.126,demo_booking_classic,customer_hangup,0.0
1790365284,64,249b38d6-0c00-4b28-bcb1-51b33edf9604,2,paired,short,finalizada,,,4.0145309869840275,1.0,10.046,0.38,1790365620.009,1790365630.055,1.988,1.98,0.008,0.303,1.409,,0.265,4.02,,2.555,1790365580.102,1790365681.536,2.859,demo_booking_classic,customer_hangup,0.0
1790365284,64,249b38d6-0c00-4b28-bcb1-51b33edf9604,3,paired,medium,finalizada,,,5.994657456991263,2.3411436573997837,17.882,2.24,1790365631.056,1790365648.937,1.97,1.937,0.033,0.744,1.995,,0.635,8.5,,3.35,1790365580.102,1790365681.536,3.594,demo_booking_classic,customer_hangup,0.0
1790365284,64,249b38d6-0c00-4b28-bcb1-51b33edf9604,4,paired,short,finalizada,,,5.494883253995795,1.0037147364524495,14.333,1.0,1790365651.28,1790365665.612,1.846,1.659,0.188,0.558,1.694,,0.611,7.06,,3.015,1790365580.102,1790365681.536,3.701,demo_booking_classic,customer_hangup,0.0
1790365284,64,249b38d6-0c00-4b28-bcb1-51b33edf9604,5,paired,short,finalizada,,,4.394154803012498,1.9093675723303227,13.006,0.48,1790365666.616,1790365679.622,0.952,0.926,0.026,0.28,0.809,,0.566,6.74,,1.799,1790365580.102,1790365681.536,2.157,demo_booking_classic,customer_hangup,0.0
1790365284,64,3ccebae2-e39b-489d-a8ca-7886c895b49a,0,paired,long,finalizada,,,6.174351472989656,1.0,15.656,3.06,1790365588.946,1790365604.602,1.204,1.189,0.014,0.249,1.315,,0.633,5.05,,2.085,1790365580.352,1790365667.628,3.147,demo_booking_classic,customer_hangup,0.0
1790365284,64,3ccebae2-e39b-489d-a8ca-7886c895b49a,1,paired,short,finalizada,,,5.993841083982261,1.9012262440277508,8.842,0.38,1790365605.603,1790365614.445,2.468,2.334,0.133,0.647,1.47,,0.407,6.5,,3.521,1790365580.352,1790365667.628,3.852,demo_booking_classic,customer_hangup,0.0
1790365284,64,3ccebae2-e39b-489d-a8ca-7886c895b49a,2,paired,short,finalizada,,,-2.825788386981003,2.7342364785802507,2.545,1.0,1790365616.348,1790365618.893,2.176,2.159,0.017,0.416,2.765,,0.231,7.97,,2.823,1790365580.352,1790365667.628,4.028,demo_booking_classic,customer_hangup,0.0
1790365284,64,3ccebae2-e39b-489d-a8ca-7886c895b49a,3,paired,medium,finalizada,,,5.854856534017017,2.388579163146559,15.114,2.6,1790365621.628,1790365636.742,1.729,1.656,0.074,1.015,2.275,,0.275,5.46,,3.019,1790365580.352,1790365667.628,4.098,demo_booking_classic,customer_hangup,0.0
1790365284,64,3ccebae2-e39b-489d-a8ca-7886c895b49a,4,paired,short,finalizada,,,3.754156528011663,3.4640432089558097,9.971,0.32,1790365639.131,1790365649.101,1.003,0.643,0.36,0.356,0.768,,0.655,4.26,,2.014,1790365580.352,1790365667.628,1.843,demo_booking_classic,customer_hangup,0.0
1790365284,64,3ccebae2-e39b-489d-a8ca-7886c895b49a,5,paired,medium,finalizada,,,4.814723524992587,2.202940602105094,12.852,2.24,1790365652.566,1790365665.419,1.426,1.372,0.054,0.502,1.466,,0.326,4.65,,2.253,1790365580.352,1790365667.628,3.219,demo_booking_classic,customer_hangup,0.0
1790365284,64,900e300e-4c2c-4911-bd76-8186ba8e5fed,0,paired,short,finalizada,,,4.6887133510026615,2.632965188979271,11.518,0.32,1790365591.951,1790365603.469,1.041,0.997,0.044,0.601,1.316,,0.424,4.34,,2.066,1790365580.361,1790365695.149,2.222,demo_booking_classic,customer_hangup,0.0
1790365284,64,900e300e-4c2c-4911-bd76-8186ba8e5fed,1,paired,medium,finalizada,,,6.609548102016561,4.81030991339605,19.566,2.24,1790365606.102,1790365625.668,2.061,1.955,0.106,0.31,1.582,,0.508,8.42,,2.879,1790365580.361,1790365695.149,3.19,demo_booking_classic,customer_hangup,0.0
1790365284,64,900e300e-4c2c-4911-bd76-8186ba8e5fed,2,paired,long,finalizada,,,5.349579834000906,4.567770026454925,13.403,3.52,1790365630.479,1790365643.881,1.271,1.234,0.037,0.706,1.767,,0.418,3.37,,2.395,1790365580.361,1790365695.149,3.483,demo_booking_classic,customer_hangup,0.0
1790365284,64,900e300e-4c2c-4911-bd76-8186ba8e5fed,3,paired,short,finalizada,,,3.629135105002206,3.5679378364211005,10.214,0.32,1790365648.45,1790365658.664,1.003,0.731,0.272,0.559,1.317,,0.501,4.42,,2.063,1790365580.361,1790365695.149,2.061,demo_booking_classic,customer_hangup,0.0
1790365284,64,900e300e-4c2c-4911-bd76-8186ba8e5fed,4,paired,medium,finalizada,,,5.628764313994907,3.996958471302998,13.035,2.12,1790365662.232,1790365675.267,1.105,1.075,0.03,0.3,1.929,,0.217,4.33,,1.621,1790365580.361,1790365695.149,3.227,demo_booking_classic,customer_hangup,0.0
1790365284,64,900e300e-4c2c-4911-bd76-8186ba8e5fed,5,paired,medium,finalizada,,,2.9295422099821735,3.830839781194772,12.049,2.6,1790365679.265,1790365691.314,0.834,0.805,0.029,0.225,1.66,,0.166,5.38,,1.225,1790365580.361,1790365695.149,1.731,demo_booking_classic,customer_hangup,0.0
1790365284,64,5bdda372-8371-4953-b96d-22e913aa9fd0,0,paired,short,finalizada,,,5.03211562600336,1.4414678831753014,11.879,0.38,1790365589.058,1790365600.937,1.728,1.616,0.112,0.48,0.742,,0.422,5.13,,2.63,1790365580.607,1790365682.749,2.834,demo_booking_classic,customer_hangup,0.0
1790365284,64,5bdda372-8371-4953-b96d-22e913aa9fd0,1,paired,medium,finalizada,,,7.2321917839872185,3.4518235005828153,18.889,2.12,1790365602.379,1790365621.267,2.818,2.515,0.303,1.185,2.716,,0.551,6.1,,4.554,1790365580.607,1790365682.749,5.299,demo_booking_classic,customer_hangup,0.0
1790365284,64,5bdda372-8371-4953-b96d-22e913aa9fd0,2,paired,short,finalizada,,,4.171948562026955,1.4624749853728107,9.862,0.32,1790365624.72,1790365634.582,1.435,1.405,0.03,0.774,1.952,,0.234,4.18,,2.442,1790365580.607,1790365682.749,3.082,demo_booking_classic,customer_hangup,0.0
1790365284,64,5bdda372-8371-4953-b96d-22e913aa9fd0,3,paired,medium,finalizada,,,3.251426419010386,4.855516319873105,13.097,2.6,1790365636.045,1790365649.142,0.66,0.65,0.01,0.198,0.746,,0.36,5.78,,1.218,1790365580.607,1790365682.749,1.416,demo_booking_classic,customer_hangup,0.0
1790365284,64,5bdda372-8371-4953-b96d-22e913aa9fd0,4,paired,short,finalizada,,,5.132464614987839,1.6727273354227485,12.378,0.38,1790365653.998,1790365666.375,1.906,1.872,0.034,0.687,1.284,,0.315,5.85,,2.909,1790365580.607,1790365682.749,3.498,demo_booking_classic,customer_hangup,0.0
1790365284,64,5bdda372-8371-4953-b96d-22e913aa9fd0,5,paired,short,finalizada,,,5.392254842008697,2.43901232547886,12.252,0.38,1790365668.049,1790365680.301,1.963,1.935,0.028,0.25,1.572,,0.369,5.29,,2.582,1790365580.607,1790365682.749,3.894,demo_booking_classic,customer_hangup,0.0
1790365284,64,9702e664-611d-434f-b3a6-dd9b52401c83,0,client_only,short,finalizada,,timeout esperando que el agente empiece a responder,,1.2960017692283115,15.311,0.32,1790365589.849,1790365605.16,,,,,,,,,,,1790365580.857,1790365687.544,,demo_booking_classic,customer_hangup,0.0
1790365284,64,9702e664-611d-434f-b3a6-dd9b52401c83,1,client_only,short,finalizada,,,6.4913596809783485,1.6713481329444377,12.674,0.38,1790365606.457,1790365619.131,,,,,,,,,,,1790365580.857,1790365687.544,,demo_booking_classic,customer_hangup,0.0
1790365284,64,9702e664-611d-434f-b3a6-dd9b52401c83,2,client_only,long,finalizada,,,4.431601810007123,8.784199250887422,12.402,3.06,1790365620.802,1790365633.204,,,,,,,,,,,1790365580.857,1790365687.544,,demo_booking_classic,customer_hangup,0.0
1790365284,64,9702e664-611d-434f-b3a6-dd9b52401c83,3,client_only,short,finalizada,,,4.471632892003981,2.2601746974955623,11.788,1.0,1790365641.989,1790365653.777,,,,,,,,,,,1790365580.857,1790365687.544,,demo_booking_classic,customer_hangup,0.0
1790365284,64,9702e664-611d-434f-b3a6-dd9b52401c83,4,client_only,short,finalizada,,,5.351946523995139,2.1525578399962964,11.686,0.38,1790365656.038,1790365667.724,,,,,,,,,,,1790365580.857,1790365687.544,,demo_booking_classic,customer_hangup,0.0
1790365284,64,9702e664-611d-434f-b3a6-dd9b52401c83,5,client_only,medium,finalizada,,,4.2111278630036395,4.482168772140204,13.18,2.24,1790365669.877,1790365683.057,,,,,,,,,,,1790365580.857,1790365687.544,,demo_booking_classic,customer_hangup,0.0
1790365284,64,9702e664-611d-434f-b3a6-dd9b52401c83,0,server_only,,finalizada,,,,,,,,,2.105,2.087,0.018,0.605,1.077,,0.544,4.41,,3.253,1790365580.857,1790365687.544,3.833,demo_booking_classic,customer_hangup,0.0
1790365284,64,9702e664-611d-434f-b3a6-dd9b52401c83,1,server_only,,finalizada,,,,,,,,,1.508,1.39,0.119,0.597,0.993,,0.36,3.69,,2.465,1790365580.857,1790365687.544,2.753,demo_booking_classic,customer_hangup,0.0
1790365284,64,9702e664-611d-434f-b3a6-dd9b52401c83,2,server_only,,finalizada,,,,,,,,,1.686,1.572,0.115,0.452,0.918,,0.385,4.98,,2.523,1790365580.857,1790365687.544,2.709,demo_booking_classic,customer_hangup,0.0
1790365284,64,9702e664-611d-434f-b3a6-dd9b52401c83,3,server_only,,finalizada,,,,,,,,,1.225,1.126,0.099,0.304,2.119,,0.214,4.89,,1.743,1790365580.857,1790365687.544,3.494,demo_booking_classic,customer_hangup,0.0
1790365284,64,9702e664-611d-434f-b3a6-dd9b52401c83,4,server_only,,finalizada,,,,,,,,,1.264,1.215,0.049,0.34,1.175,,0.369,5.54,,1.973,1790365580.857,1790365687.544,2.43,demo_booking_classic,customer_hangup,0.0
1790365284,64,7b0a1db3-9f95-4304-a684-7e781d43b8e6,0,paired,short,finalizada,,,5.223880767996889,2.1936646238123125,12.433,0.38,1790365589.706,1790365602.14,2.046,1.95,0.097,0.255,1.036,,0.466,4.58,,2.766,1790365581.106,1790365686.077,2.958,demo_booking_classic,customer_hangup,0.0
1790365284,64,7b0a1db3-9f95-4304-a684-7e781d43b8e6,1,paired,medium,finalizada,,,6.363840264995815,1.5628200279672726,14.813,2.12,1790365604.334,1790365619.147,2.745,2.728,0.017,0.39,0.799,,0.457,4.41,,3.592,1790365581.106,1790365686.077,4.033,demo_booking_classic,customer_hangup,0.0
1790365284,64,7b0a1db3-9f95-4304-a684-7e781d43b8e6,2,paired,long,finalizada,,,4.563913432997651,1.332394599596578,13.314,3.06,1790365620.711,1790365634.025,1.066,0.995,0.071,0.434,1.264,,0.403,4.65,,1.902,1790365581.106,1790365686.077,3.007,demo_booking_classic,customer_hangup,0.0
1790365284,64,7b0a1db3-9f95-4304-a684-7e781d43b8e6,3,paired,short,finalizada,,,5.423885664000409,1.0,13.109,1.0,1790365635.358,1790365648.468,1.844,1.678,0.166,0.72,1.355,,0.275,4.5,,2.838,1790365581.106,1790365686.077,3.162,demo_booking_classic,customer_hangup,0.0
1790365284,64,7b0a1db3-9f95-4304-a684-7e781d43b8e6,4,paired,medium,finalizada,,,3.8638479800138157,3.796922747575245,15.12,2.24,1790365649.469,1790365664.588,1.316,1.298,0.018,0.509,1.013,,0.359,7.78,,2.183,1790365581.106,1790365686.077,2.326,demo_booking_classic,customer_hangup,0.0
1790365284,64,7b0a1db3-9f95-4304-a684-7e781d43b8e6,5,paired,medium,finalizada,,,4.723699566005962,1.690622401527692,15.993,2.12,1790365668.386,1790365684.379,1.65,1.345,0.305,0.693,2.452,,0.203,8.34,,2.545,1790365581.106,1790365686.077,2.804,demo_booking_classic,customer_hangup,0.0
1790365284,64,cf1dbc3d-a2e6-4a2e-a590-27c61a243dc8,0,paired,short,finalizada,,timeout esperando que el agente termine de hablar,7.273671003000345,2.6780359041166606,32.765,0.48,1790365589.721,1790365622.486,1.707,1.5,0.207,0.54,3.809,,0.438,22.19,,2.684,1790365581.356,1790365698.692,4.179,demo_booking_classic,customer_hangup,0.0
1790365284,64,cf1dbc3d-a2e6-4a2e-a590-27c61a243dc8,1,paired,short,finalizada,,,5.153348674997687,5.037143878474999,11.3,0.38,1790365625.165,1790365636.465,1.413,1.394,0.019,0.516,1.462,,0.553,4.41,,2.482,1790365581.356,1790365698.692,3.42,demo_booking_classic,customer_hangup,0.0
1790365284,64,cf1dbc3d-a2e6-4a2e-a590-27c61a243dc8,2,paired,short,finalizada,,,3.8734083989984356,1.3355430868298785,10.04,1.0,1790365641.503,1790365651.543,1.0,0.725,0.275,0.312,0.753,,0.302,4.01,,1.615,1790365581.356,1790365698.692,1.796,demo_booking_classic,customer_hangup,0.0
1790365284,64,cf1dbc3d-a2e6-4a2e-a590-27c61a243dc8,3,paired,long,finalizada,,,6.093463951983722,1.2147938483579255,14.659,3.06,1790365652.879,1790365667.538,2.074,1.884,0.191,0.474,1.939,,0.33,4.25,,2.878,1790365581.356,1790365698.692,4.227,demo_booking_classic,customer_hangup,0.0
1790365284,64,cf1dbc3d-a2e6-4a2e-a590-27c61a243dc8,4,paired,short,finalizada,,,3.752885811001761,1.0,10.664,1.0,1790365668.753,1790365679.417,1.023,0.614,0.409,0.582,1.439,,0.357,4.66,,1.962,1790365581.356,1790365698.692,2.063,demo_booking_classic,customer_hangup,0.0
1790365284,64,cf1dbc3d-a2e6-4a2e-a590-27c61a243dc8,5,paired,long,finalizada,,,4.113356393005233,5.592429685365454,12.676,3.06,1790365680.418,1790365693.095,0.794,0.778,0.016,0.304,1.598,,0.192,4.41,,1.29,1790365581.356,1790365698.692,2.575,demo_booking_classic,customer_hangup,0.0
1790365284,64,41c9833d-d36c-4d6b-a637-1053f8aba0a3,0,paired,short,finalizada,,,6.589672219997738,2.2170726747339837,13.421,1.0,1790365589.914,1790365603.335,1.453,1.439,0.014,0.241,1.486,,0.426,4.49,,2.119,1790365581.6,1790365685.824,3.359,demo_booking_classic,customer_hangup,0.0
1790365284,64,41c9833d-d36c-4d6b-a637-1053f8aba0a3,1,paired,medium,finalizada,,,5.549878408986842,1.7041976713788325,14.894,2.24,1790365605.553,1790365620.447,2.432,2.313,0.119,0.476,1.153,,0.396,5.94,,3.304,1790365581.6,1790365685.824,3.511,demo_booking_classic,customer_hangup,0.0
1790365284,64,41c9833d-d36c-4d6b-a637-1053f8aba0a3,2,paired,short,finalizada,,,4.850207190000219,2.9450005131491874,14.58,0.38,1790365622.152,1790365636.733,1.581,1.337,0.244,0.536,2.057,,0.215,8.42,,2.332,1790365581.6,1790365685.824,2.579,demo_booking_classic,customer_hangup,0.0
1790365284,64,41c9833d-d36c-4d6b-a637-1053f8aba0a3,3,paired,short,finalizada,,,4.709735291020479,1.1809353605324853,15.57,0.38,1790365639.678,1790365655.248,1.33,1.295,0.035,0.384,1.228,,0.565,8.9,,2.279,1790365581.6,1790365685.824,2.537,demo_booking_classic,customer_hangup,0.0
1790365284,64,41c9833d-d36c-4d6b-a637-1053f8aba0a3,4,paired,short,finalizada,,,4.650590038974769,1.5715141614119306,14.547,0.38,1790365656.43,1790365670.976,1.258,1.225,0.033,0.745,1.898,,0.22,8.42,,2.224,1790365581.6,1790365685.824,2.828,demo_booking_classic,customer_hangup,0.0
1790365284,64,41c9833d-d36c-4d6b-a637-1053f8aba0a3,5,paired,short,finalizada,,,5.39006371400319,1.799643428124142,11.47,1.0,1790365672.549,1790365684.019,1.443,1.431,0.012,1.098,1.919,,0.248,3.85,,2.789,1790365581.6,1790365685.824,3.607,demo_booking_classic,customer_hangup,0.0
1790365284,64,34ec967a-3058-4d47-bee8-cd42fae2e56b,0,paired,short,finalizada,,,4.766330179991201,3.0107766853717837,7.674,0.32,1790365590.498,1790365598.171,1.872,1.853,0.019,0.487,1.356,,0.43,4.26,,2.789,1790365581.85,1790365678.533,2.851,demo_booking_classic,customer_hangup,0.0
1790365284,64,34ec967a-3058-4d47-bee8-cd42fae2e56b,1,paired,short,finalizada,,,-3.1332683600194287,4.191230604213196,1.401,0.48,1790365601.183,1790365602.583,1.567,1.501,0.067,0.403,1.094,,0.286,7.62,,2.255,1790365581.85,1790365678.533,2.504,demo_booking_classic,customer_hangup,0.0
1790365284,64,34ec967a-3058-4d47-bee8-cd42fae2e56b,2,paired,long,finalizada,,,6.186950068018632,3.872621129297471,17.564,3.06,1790365606.775,1790365624.34,2.083,2.079,0.004,0.316,1.156,,0.471,6.9,,2.87,1790365581.85,1790365678.533,3.682,demo_booking_classic,customer_hangup,0.0
1790365284,64,34ec967a-3058-4d47-bee8-cd42fae2e56b,3,paired,short,finalizada,,,3.886326578009175,3.389355715198708,12.004,0.48,1790365628.213,1790365640.217,0.617,0.592,0.025,0.372,2.029,,0.363,6.34,,1.351,1790365581.85,1790365678.533,1.861,demo_booking_classic,customer_hangup,0.0
1790365284,64,34ec967a-3058-4d47-bee8-cd42fae2e56b,4,paired,long,finalizada,,,6.086827284976607,1.0307848985883001,15.362,3.52,1790365643.607,1790365658.969,1.142,1.011,0.132,0.638,2.325,,0.269,4.49,,2.049,1790365581.85,1790365678.533,3.62,demo_booking_classic,customer_hangup,0.0
1790365284,64,34ec967a-3058-4d47-bee8-cd42fae2e56b,5,paired,long,finalizada,,,5.346854042989435,1.9523475042035285,16.574,3.06,1790365660.001,1790365676.575,1.097,1.079,0.018,0.786,3.189,,0.122,6.9,,2.005,1790365581.85,1790365678.533,3.602,demo_booking_classic,customer_hangup,0.0
1790365284,64,9a4e409e-e090-4749-8c20-51140e453f70,0,paired,short,finalizada,,timeout esperando que el agente termine de hablar,7.3333891419752035,2.0379220036999426,33.348,1.0,1790365590.601,1790365623.949,1.585,1.549,0.037,0.434,3.141,,0.5,22.19,,2.52,1790365582.1,1790365695.096,4.471,demo_booking_classic,customer_hangup,0.0
1790365284,64,9a4e409e-e090-4749-8c20-51140e453f70,1,paired,short,finalizada,,,4.173232008004561,2.180690560595213,11.464,0.32,1790365625.988,1790365637.452,1.529,1.476,0.053,0.359,2.222,,0.277,3.78,,2.165,1790365582.1,1790365695.096,2.762,demo_booking_classic,customer_hangup,0.0
1790365284,64,9a4e409e-e090-4749-8c20-51140e453f70,2,paired,medium,finalizada,,,3.8135103619715665,1.7451082135511364,11.292,2.24,1790365639.634,1790365650.925,1.197,1.127,0.071,0.581,1.032,,0.591,3.86,,2.369,1790365582.1,1790365695.096,2.459,demo_booking_classic,customer_hangup,0.0
1790365284,64,9a4e409e-e090-4749-8c20-51140e453f70,3,paired,short,finalizada,,,5.213639270979911,1.4004521342001506,12.37,1.0,1790365652.672,1790365665.042,1.769,1.745,0.024,0.372,1.462,,0.24,5.53,,2.382,1790365582.1,1790365695.096,3.454,demo_booking_classic,customer_hangup,0.0
1790365284,64,9a4e409e-e090-4749-8c20-51140e453f70,4,paired,medium,finalizada,,,5.473674874985591,6.870373974285006,12.891,2.12,1790365666.444,1790365679.335,1.632,1.607,0.025,0.408,1.734,,0.436,4.01,,2.476,1790365582.1,1790365695.096,3.802,demo_booking_classic,customer_hangup,0.0
1790365284,64,9a4e409e-e090-4749-8c20-51140e453f70,5,paired,short,finalizada,,,2.4335751019825693,1.0,7.886,1.0,1790365686.206,1790365694.091,1.001,0.495,0.506,0.252,0.484,,0.226,3.29,,1.48,1790365582.1,1790365695.096,1.231,demo_booking_classic,customer_hangup,0.0
1790365284,64,84c0adba-369b-4a3c-b747-4625864fa24d,0,paired,short,finalizada,,,4.728113396995468,1.2502561605043347,7.632,0.32,1790365591.256,1790365598.888,1.686,1.66,0.027,0.427,1.318,,0.44,3.94,,2.553,1790365581.863,1790365648.62,2.868,demo_booking_classic,customer_hangup,0.0
1790365284,64,84c0adba-369b-4a3c-b747-4625864fa24d,1,paired,short,finalizada,,,-1.3715415429905988,1.0497424627754064,2.394,0.32,1790365600.139,1790365602.533,1.171,1.126,0.045,0.401,0.692,,0.318,4.98,,1.891,1790365581.863,1790365648.62,2.104,demo_booking_classic,customer_hangup,0.0
1790365284,64,84c0adba-369b-4a3c-b747-4625864fa24d,2,paired,medium,finalizada,,,2.9081920129829086,1.1551854148761243,6.827,2.12,1790365603.584,1790365610.411,2.625,2.623,0.002,0.591,1.997,,0.321,2.54,,3.537,1790365581.863,1790365648.62,3.845,demo_booking_classic,customer_hangup,0.0
1790365284,64,84c0adba-369b-4a3c-b747-4625864fa24d,3,paired,short,finalizada,,,-0.09191013299277984,1.0,2.817,0.38,1790365611.568,1790365614.384,1.083,1.081,0.002,0.326,0.976,,1.118,2.57,,2.526,1790365581.863,1790365648.62,2.828,demo_booking_classic,customer_hangup,0.0
1790365284,64,84c0adba-369b-4a3c-b747-4625864fa24d,4,paired,short,finalizada,,,4.808100864000153,1.2438451226419385,14.681,0.38,1790365615.384,1790365630.065,1.211,0.96,0.251,0.591,1.282,,0.297,8.26,,2.1,1790365581.863,1790365648.62,2.824,demo_booking_classic,customer_hangup,0.0
1790365284,64,84c0adba-369b-4a3c-b747-4625864fa24d,5,paired,short,finalizada,,,5.7277402309991885,1.3554879389500298,15.949,0.38,1790365631.31,1790365647.258,2.135,1.927,0.208,0.931,3.043,,0.297,8.66,,3.363,1790365581.863,1790365648.62,3.985,demo_booking_classic,customer_hangup,0.0
1790365284,64,3acc1d54-15bb-4e16-bc6d-302e8fbfc89c,0,paired,short,finalizada,,,4.369932227011304,3.632359901123083,7.244,0.32,1790365590.884,1790365598.128,1.545,1.468,0.077,0.507,1.358,,0.434,4.18,,2.485,1790365582.107,1790365700.879,2.501,demo_booking_classic,customer_hangup,0.0
1790365284,64,3acc1d54-15bb-4e16-bc6d-302e8fbfc89c,1,paired,medium,finalizada,,,6.649711684003705,10.0,19.727,2.12,1790365601.761,1790365621.488,2.014,1.846,0.168,0.531,1.816,,0.809,9.06,,3.354,1790365582.107,1790365700.879,4.222,demo_booking_classic,customer_hangup,0.0
1790365284,64,3acc1d54-15bb-4e16-bc6d-302e8fbfc89c,2,paired,short,finalizada,,,6.069707021000795,1.5669645936529524,16.633,0.48,1790365631.489,1790365648.122,2.272,1.745,0.527,1.144,2.997,,0.551,8.74,,3.967,1790365582.107,1790365700.879,4.046,demo_booking_classic,customer_hangup,0.0
1790365284,64,3acc1d54-15bb-4e16-bc6d-302e8fbfc89c,3,paired,short,finalizada,,,3.9495142539963126,5.4266999020242475,14.199,0.48,1790365649.69,1790365663.889,0.728,0.664,0.065,0.267,1.383,,0.584,8.5,,1.579,1790365582.107,1790365700.879,2.059,demo_booking_classic,customer_hangup,0.0
1790365284,64,3acc1d54-15bb-4e16-bc6d-302e8fbfc89c,4,paired,short,finalizada,,,5.448407174000749,2.369223603452353,12.246,1.0,1790365669.316,1790365681.563,1.852,1.605,0.248,0.69,1.698,,0.262,5.05,,2.804,1790365582.107,1790365700.879,3.621,demo_booking_classic,customer_hangup,0.0
1790365284,64,3acc1d54-15bb-4e16-bc6d-302e8fbfc89c,5,paired,medium,finalizada,,,2.62988256601966,2.714453161796216,14.227,2.24,1790365683.932,1790365698.159,0.601,0.582,0.02,0.223,0.927,,0.169,8.18,,0.994,1790365582.107,1790365700.879,1.082,demo_booking_classic,customer_hangup,0.0
1790365284,64,d661dc2d-ccfc-4130-a01b-9f40bf7dfa6d,0,paired,long,finalizada,,,5.033136624988401,5.048207820828115,16.194,3.52,1790365591.35,1790365607.545,1.169,1.097,0.071,0.259,0.92,,0.544,6.09,,1.972,1790365582.358,1790365709.931,2.608,demo_booking_classic,customer_hangup,0.0
1790365284,64,d661dc2d-ccfc-4130-a01b-9f40bf7dfa6d,1,paired,long,finalizada,,,4.653240015992196,3.5836555370894954,13.19,3.52,1790365612.593,1790365625.783,1.525,1.413,0.112,0.43,0.859,,0.467,3.77,,2.422,1790365582.358,1790365709.931,2.813,demo_booking_classic,customer_hangup,0.0
1790365284,64,d661dc2d-ccfc-4130-a01b-9f40bf7dfa6d,2,paired,short,finalizada,,,5.373720678995596,3.743379071917994,29.533,1.0,1790365629.368,1790365658.901,1.163,1.118,0.044,0.405,2.607,,0.432,21.55,,1.999,1790365582.358,1790365709.931,3.573,demo_booking_classic,customer_hangup,0.0
1790365284,64,d661dc2d-ccfc-4130-a01b-9f40bf7dfa6d,3,paired,medium,finalizada,,,5.693125947989756,3.082274948059977,14.137,2.24,1790365662.646,1790365676.783,1.206,1.191,0.014,0.23,1.988,,0.303,5.05,,1.738,1790365582.358,1790365709.931,3.496,demo_booking_classic,customer_hangup,0.0
1790365284,64,d661dc2d-ccfc-4130-a01b-9f40bf7dfa6d,4,paired,medium,finalizada,,,3.553346019994933,1.3977667708477464,11.946,2.24,1790365679.866,1790365691.812,0.854,0.839,0.015,0.374,2.431,,0.224,4.98,,1.452,1790365582.358,1790365709.931,2.362,demo_booking_classic,customer_hangup,0.0
1790365284,64,d661dc2d-ccfc-4130-a01b-9f40bf7dfa6d,5,paired,long,finalizada,,,1.9735723359917756,4.14105994577802,12.573,3.52,1790365693.211,1790365705.784,0.552,0.544,0.007,0.079,0.533,,0.09,6.01,,0.72,1790365582.358,1790365709.931,1.171,demo_booking_classic,customer_hangup,0.0
1790365284,64,4a592a99-408e-4ec3-ba9b-2343c95d9875,0,paired,short,finalizada,,,6.949743870005477,2.1106710782360576,13.801,0.38,1790365590.843,1790365604.644,1.658,1.615,0.043,0.435,1.359,,0.589,4.89,,2.682,1790365582.607,1790365690.561,3.579,demo_booking_classic,customer_hangup,0.0
1790365284,64,4a592a99-408e-4ec3-ba9b-2343c95d9875,1,paired,short,finalizada,,,6.130005996994441,1.6152007218435085,14.3,0.32,1790365606.756,1790365621.055,2.411,1.987,0.424,0.947,1.52,,0.768,4.42,,4.127,1790365582.607,1790365690.561,4.152,demo_booking_classic,customer_hangup,0.0
1790365284,64,4a592a99-408e-4ec3-ba9b-2343c95d9875,2,paired,short,finalizada,,,3.7301460090093315,1.0,9.408,0.32,1790365622.671,1790365632.079,1.009,0.991,0.018,0.219,1.125,,0.289,4.18,,1.517,1790365582.607,1790365690.561,1.63,demo_booking_classic,customer_hangup,0.0
1790365284,64,4a592a99-408e-4ec3-ba9b-2343c95d9875,3,paired,medium,finalizada,,,5.0898923949862365,2.8751050358508197,14.486,2.6,1790365633.08,1790365647.566,1.656,1.543,0.113,0.798,2.035,,0.303,5.22,,2.757,1790365582.607,1790365690.561,3.163,demo_booking_classic,customer_hangup,0.0
1790365284,64,4a592a99-408e-4ec3-ba9b-2343c95d9875,4,paired,long,finalizada,,,5.00844643599703,4.697453786844178,15.275,3.52,1790365650.442,1790365665.717,1.494,1.476,0.017,0.232,1.494,,0.211,5.53,,1.937,1790365582.607,1790365690.561,3.204,demo_booking_classic,customer_hangup,0.0
1790365284,64,4a592a99-408e-4ec3-ba9b-2343c95d9875,5,paired,long,finalizada,,,4.989659056009259,4.499517093686655,15.638,3.52,1790365670.415,1790365686.053,1.644,1.61,0.034,0.633,1.423,,0.34,5.93,,2.617,1790365582.607,1790365690.561,3.392,demo_booking_classic,customer_hangup,0.0
1790365284,64,b5badbca-67cd-4151-8956-443e594c40fe,0,paired,medium,finalizada,,,4.597505995014217,7.067594739173988,12.98,2.24,1790365593.102,1790365606.082,0.901,0.877,0.024,0.453,0.746,,0.544,4.74,,1.898,1790365583.622,1790365688.457,2.021,demo_booking_classic,customer_hangup,0.0
1790365284,64,b5badbca-67cd-4151-8956-443e594c40fe,1,paired,short,finalizada,,,5.777545289020054,6.803536370594699,12.022,1.0,1790365613.15,1790365625.172,1.697,1.672,0.025,0.912,1.262,,0.597,4.01,,3.205,1790365583.622,1790365688.457,3.543,demo_booking_classic,customer_hangup,0.0
1790365284,64,b5badbca-67cd-4151-8956-443e594c40fe,2,paired,short,finalizada,,,7.057533564977348,1.0,12.596,0.38,1790365631.976,1790365644.572,2.208,2.195,0.013,0.676,2.207,,0.423,4.01,,3.307,1790365583.622,1790365688.457,5.102,demo_booking_classic,customer_hangup,0.0
1790365284,64,b5badbca-67cd-4151-8956-443e594c40fe,3,paired,short,finalizada,,,5.857801073987503,3.331725428789031,13.475,0.38,1790365645.573,1790365659.048,1.725,1.644,0.081,0.588,1.517,,0.201,5.21,,2.514,1790365583.622,1790365688.457,3.563,demo_booking_classic,customer_hangup,0.0
1790365284,64,b5badbca-67cd-4151-8956-443e594c40fe,4,paired,short,finalizada,,,6.817535696987761,1.4586086136019103,13.43,0.38,1790365662.381,1790365675.811,1.355,1.312,0.042,0.507,3.03,,0.307,5.37,,2.169,1790365583.622,1790365688.457,4.678,demo_booking_classic,customer_hangup,0.0
1790365284,64,b5badbca-67cd-4151-8956-443e594c40fe,5,paired,short,finalizada,,,3.857711004995508,1.9222844688398257,9.26,0.48,1790365677.27,1790365686.529,0.894,0.844,0.05,0.308,1.013,,0.275,3.77,,1.477,1790365583.622,1790365688.457,2.176,demo_booking_classic,customer_hangup,0.0
1790365284,64,41e6011f-cb7a-41d4-9532-b3abfed7b092,0,paired,short,finalizada,,,5.751346253993688,3.8557229096433114,30.708,1.0,1790365595.349,1790365626.057,1.389,1.361,0.028,0.546,2.356,,0.538,22.19,,2.473,1790365583.865,1790365700.314,3.642,demo_booking_classic,customer_hangup,0.0
1790365284,64,41e6011f-cb7a-41d4-9532-b3abfed7b092,1,paired,short,finalizada,,,4.531209723994834,1.6441333633473896,10.856,0.48,1790365629.913,1790365640.769,0.897,0.773,0.123,0.456,1.315,,0.388,5.05,,1.74,1790365583.865,1790365700.314,2.499,demo_booking_classic,customer_hangup,0.0
1790365284,64,41e6011f-cb7a-41d4-9532-b3abfed7b092,2,paired,medium,finalizada,,,6.591388312983327,1.1656456838234703,17.352,2.24,1790365642.414,1790365659.766,1.706,1.522,0.185,0.612,2.382,,0.459,6.65,,2.777,1790365583.865,1790365700.314,4.547,demo_booking_classic,customer_hangup,0.0
1790365284,64,41e6011f-cb7a-41d4-9532-b3abfed7b092,3,paired,short,finalizada,,,3.710814668011153,1.7822551206868942,9.569,0.32,1790365660.933,1790365670.502,1.547,1.535,0.011,0.432,1.59,,0.175,4.34,,2.154,1790365583.865,1790365700.314,2.528,demo_booking_classic,customer_hangup,0.0
1790365284,64,41e6011f-cb7a-41d4-9532-b3abfed7b092,4,paired,short,finalizada,,,5.65075120999245,1.2837114498164248,11.998,1.0,1790365672.284,1790365684.282,1.937,1.864,0.073,0.883,1.782,,0.247,4.17,,3.067,1790365583.865,1790365700.314,3.938,demo_booking_classic,customer_hangup,0.0
1790365284,64,41e6011f-cb7a-41d4-9532-b3abfed7b092,5,paired,long,finalizada,,,2.1303978619980626,2.7410880122747012,12.001,3.52,1790365685.566,1790365697.568,0.586,0.578,0.007,0.229,0.572,,0.11,5.21,,0.925,1790365583.865,1790365700.314,1.264,demo_booking_classic,customer_hangup,0.0
1790365284,64,270dd2f8-7f7e-418b-8248-4516eb094bf7,0,paired,medium,finalizada,,,4.8004400309873745,2.077349110634362,13.823,2.24,1790365593.43,1790365607.253,1.509,1.463,0.046,0.416,0.695,,0.454,5.38,,2.378,1790365584.115,1790365669.704,2.402,demo_booking_classic,customer_hangup,0.0
1790365284,64,270dd2f8-7f7e-418b-8248-4516eb094bf7,1,paired,short,finalizada,,,5.399948234990006,1.5156058718879357,8.33,0.32,1790365609.331,1790365617.661,2.033,2.025,0.008,0.397,1.264,,0.388,4.02,,2.819,1790365584.115,1790365669.704,3.112,demo_booking_classic,customer_hangup,0.0
1790365284,64,270dd2f8-7f7e-418b-8248-4516eb094bf7,2,paired,medium,finalizada,,,-3.7203459620068315,2.55906242424277,2.566,2.24,1790365619.177,1790365621.743,1.639,1.605,0.035,0.517,1.294,,0.21,1.58,,2.367,1790365584.115,1790365669.704,2.661,demo_booking_classic,customer_hangup,0.0
1790365284,64,270dd2f8-7f7e-418b-8248-4516eb094bf7,3,paired,short,finalizada,,,4.360854955011746,1.6856084881273838,10.911,1.0,1790365624.303,1790365635.214,1.039,1.038,0.001,0.397,1.671,,0.359,4.19,,1.796,1790365584.115,1790365669.704,2.999,demo_booking_classic,customer_hangup,0.0
1790365284,64,270dd2f8-7f7e-418b-8248-4516eb094bf7,4,paired,medium,finalizada,,,4.4006185040052515,3.1236477713655977,14.638,2.12,1790365636.9,1790365651.539,0.944,0.86,0.083,0.351,1.095,,0.315,7.05,,1.61,1790365584.115,1790365669.704,2.314,demo_booking_classic,customer_hangup,0.0
1790365284,64,270dd2f8-7f7e-418b-8248-4516eb094bf7,5,paired,medium,finalizada,,,4.399999438988743,2.405379972797937,12.63,2.24,1790365654.663,1790365667.293,1.104,1.079,0.025,0.741,1.552,,0.241,6.19,,2.086,1790365584.115,1790365669.704,2.664,demo_booking_classic,customer_hangup,0.0
1790365284,64,6d6537b5-7659-457a-a0bc-7e9cd8d10120,0,paired,short,finalizada,,,3.5698299979849253,3.1099861892044056,6.52,0.32,1790365592.669,1790365599.19,1.001,0.584,0.417,0.37,1.005,,0.409,4.18,,1.78,1790365584.365,1790365689.033,1.484,demo_booking_classic,customer_hangup,0.0
1790365284,64,6d6537b5-7659-457a-a0bc-7e9cd8d10120,1,paired,long,finalizada,,,6.370996670011664,1.0,15.607,3.52,1790365602.301,1790365617.908,2.536,2.473,0.063,0.375,1.086,,0.397,4.41,,3.308,1790365584.365,1790365689.033,4.012,demo_booking_classic,customer_hangup,0.0
1790365284,64,6d6537b5-7659-457a-a0bc-7e9cd8d10120,2,paired,short,finalizada,,,5.5298741509905085,2.8702429547973582,11.279,0.48,1790365618.909,1790365630.188,2.048,1.877,0.171,0.676,1.581,,0.24,4.09,,2.965,1790365584.365,1790365689.033,3.774,demo_booking_classic,customer_hangup,0.0
1790365284,64,6d6537b5-7659-457a-a0bc-7e9cd8d10120,3,paired,long,finalizada,,,5.210770884004887,10.0,15.083,3.52,1790365633.06,1790365648.143,1.801,1.765,0.036,0.429,1.13,,0.458,4.66,,2.688,1790365584.365,1790365689.033,3.089,demo_booking_classic,customer_hangup,0.0
1790365284,64,6d6537b5-7659-457a-a0bc-7e9cd8d10120,4,paired,long,finalizada,,,5.1307350230054,1.169930230780133,15.242,3.52,1790365658.144,1790365673.386,1.474,1.213,0.261,0.628,2.383,,0.128,5.37,,2.23,1790365584.365,1790365689.033,3.8,demo_booking_classic,customer_hangup,0.0
1790365284,64,6d6537b5-7659-457a-a0bc-7e9cd8d10120,5,paired,long,finalizada,,,2.9503094920073636,2.725474406656316,11.746,3.52,1790365674.557,1790365686.303,1.098,1.081,0.017,0.205,1.033,,0.293,3.94,,1.596,1790365584.365,1790365689.033,1.936,demo_booking_classic,customer_hangup,0.0
1790365284,64,5593f219-a57c-4662-8c19-1b769c8569d2,0,paired,short,finalizada,,,5.069451007002499,1.0,12.194,0.38,1790365592.313,1790365604.508,0.744,0.734,0.01,0.399,1.423,,0.376,5.22,,1.52,1790365584.054,1790365694.835,2.079,demo_booking_classic,customer_hangup,0.0
1790365284,64,5593f219-a57c-4662-8c19-1b769c8569d2,1,paired,long,finalizada,,,6.789715513004921,4.593258591855339,18.479,3.06,1790365605.508,1790365623.987,2.499,2.247,0.252,0.617,0.984,,0.541,6.81,,3.658,1790365584.054,1790365694.835,3.847,demo_booking_classic,customer_hangup,0.0
1790365284,64,5593f219-a57c-4662-8c19-1b769c8569d2,2,paired,short,finalizada,,,4.170029850996798,3.7744527339479506,10.442,1.0,1790365628.581,1790365639.024,1.089,0.923,0.165,0.541,1.057,,0.308,4.09,,1.938,1790365584.054,1790365694.835,2.406,demo_booking_classic,customer_hangup,0.0
1790365284,64,5593f219-a57c-4662-8c19-1b769c8569d2,3,paired,short,finalizada,,,7.5092661539965775,4.0570015689629715,15.002,1.0,1790365642.799,1790365657.801,1.51,1.475,0.035,0.252,3.425,,0.555,5.13,,2.317,1790365584.054,1790365694.835,5.559,demo_booking_classic,customer_hangup,0.0
1790365284,64,5593f219-a57c-4662-8c19-1b769c8569d2,4,paired,short,finalizada,,,6.889488512999378,6.934902749947405,13.693,1.0,1790365661.858,1790365675.552,1.372,1.287,0.084,0.776,3.092,,0.264,4.57,,2.412,1790365584.054,1790365694.835,4.663,demo_booking_classic,customer_hangup,0.0
1790365284,64,5593f219-a57c-4662-8c19-1b769c8569d2,5,paired,long,finalizada,,,2.729556975013111,1.437405143638296,10.905,3.06,1790365682.488,1790365693.393,0.649,0.633,0.016,0.219,0.511,,0.17,3.93,,1.037,1790365584.054,1790365694.835,1.318,demo_booking_classic,customer_hangup,0.0
1790365284,64,55fade57-2311-4cc1-a340-f08744bad75e,0,paired,short,finalizada,,,5.0475069349922705,4.190906630136736,30.165,0.48,1790365593.945,1790365624.11,1.002,0.595,0.408,0.302,2.084,,0.453,22.11,,1.757,1790365584.297,1790365693.0,2.323,demo_booking_classic,customer_hangup,0.0
1790365284,64,55fade57-2311-4cc1-a340-f08744bad75e,1,paired,medium,finalizada,,,3.6083143510040827,1.5022282570106504,12.838,2.24,1790365628.301,1790365641.139,1.119,1.091,0.028,0.435,1.485,,0.446,4.9,,1.999,1790365584.297,1790365693.0,2.226,demo_booking_classic,customer_hangup,0.0
1790365284,64,55fade57-2311-4cc1-a340-f08744bad75e,2,paired,short,finalizada,,,3.7886260639934335,1.6372952725467944,9.412,0.32,1790365642.642,1790365652.054,1.612,1.508,0.104,0.451,0.909,,0.236,4.1,,2.298,1790365584.297,1790365693.0,2.44,demo_booking_classic,customer_hangup,0.0
1790365284,64,55fade57-2311-4cc1-a340-f08744bad75e,3,paired,long,finalizada,,,4.608853748999536,1.601388709857152,13.528,3.52,1790365653.692,1790365667.22,0.932,0.918,0.014,0.707,1.504,,0.291,4.57,,1.93,1790365584.297,1790365693.0,2.718,demo_booking_classic,customer_hangup,0.0
1790365284,64,55fade57-2311-4cc1-a340-f08744bad75e,4,paired,short,finalizada,,,4.288696429983247,2.42786519576815,11.049,1.0,1790365668.823,1790365679.872,1.001,0.736,0.265,0.675,1.138,,0.589,4.33,,2.266,1790365584.297,1790365693.0,2.501,demo_booking_classic,customer_hangup,0.0
1790365284,64,55fade57-2311-4cc1-a340-f08744bad75e,5,paired,short,finalizada,,,2.8087248879892286,2.0934777016451074,8.602,0.32,1790365682.3,1790365690.902,1.001,0.627,0.374,0.623,2.14,,0.227,4.02,,1.851,1790365584.297,1790365693.0,1.864,demo_booking_classic,customer_hangup,0.0
1790365284,64,1dd12364-80ce-4ed8-86f3-aebab8543850,0,paired,medium,finalizada,,,4.957768224994652,1.0090844706898685,12.316,2.12,1790365593.305,1790365605.621,0.962,0.933,0.029,0.448,0.74,,0.732,4.09,,2.142,1790365584.546,1790365676.163,2.435,demo_booking_classic,customer_hangup,0.0
1790365284,64,1dd12364-80ce-4ed8-86f3-aebab8543850,1,paired,medium,finalizada,,,7.417298068990931,1.4466594322437478,16.493,2.12,1790365606.631,1790365623.124,2.253,2.235,0.018,0.289,1.321,,0.432,4.73,,2.974,1790365584.546,1790365676.163,4.004,demo_booking_classic,customer_hangup,0.0
1790365284,64,1dd12364-80ce-4ed8-86f3-aebab8543850,2,paired,short,finalizada,,,5.237340338993818,3.3741057229473093,11.274,0.32,1790365624.571,1790365635.845,1.546,1.531,0.015,0.848,1.995,,0.314,4.58,,2.707,1790365584.546,1790365676.163,3.229,demo_booking_classic,customer_hangup,0.0
1790365284,64,1dd12364-80ce-4ed8-86f3-aebab8543850,3,paired,short,finalizada,,,4.557573657017201,1.5382443757619615,11.271,1.0,1790365639.219,1790365650.491,1.091,1.071,0.02,0.42,0.864,,0.465,4.25,,1.976,1790365584.546,1790365676.163,2.439,demo_booking_classic,customer_hangup,0.0
1790365284,64,1dd12364-80ce-4ed8-86f3-aebab8543850,4,paired,short,finalizada,,,4.17824563299655,1.7322566751455901,10.299,0.32,1790365652.03,1790365662.329,1.675,1.627,0.048,0.559,1.087,,0.28,4.5,,2.514,1790365584.546,1790365676.163,2.904,demo_booking_classic,customer_hangup,0.0
1790365284,64,1dd12364-80ce-4ed8-86f3-aebab8543850,5,paired,short,finalizada,,,4.357970678014681,1.535394401011516,10.561,0.32,1790365664.061,1790365674.622,1.099,1.068,0.031,0.508,2.065,,0.231,4.26,,1.838,1790365584.546,1790365676.163,2.95,demo_booking_classic,customer_hangup,0.0
1790365284,64,fe1709b5-26c2-44c8-b773-2e9c13ced7f1,0,paired,medium,finalizada,,,5.529093548015226,2.814382206342993,30.723,2.6,1790365593.904,1790365624.626,1.682,1.672,0.01,0.319,1.938,,0.481,20.59,,2.482,1790365584.796,1790365715.247,3.559,demo_booking_classic,customer_hangup,0.0
1790365284,64,fe1709b5-26c2-44c8-b773-2e9c13ced7f1,1,paired,medium,finalizada,,,3.6692298720008694,2.1492442025889162,12.672,2.24,1790365627.441,1790365640.114,0.943,0.928,0.015,0.428,1.18,,0.391,5.38,,1.761,1790365584.796,1790365715.247,2.131,demo_booking_classic,customer_hangup,0.0
1790365284,64,fe1709b5-26c2-44c8-b773-2e9c13ced7f1,2,paired,long,finalizada,,,5.908912684011739,1.5439752990711868,14.117,3.06,1790365642.264,1790365656.381,1.629,1.491,0.138,0.454,1.798,,0.377,4.01,,2.46,1790365584.796,1790365715.247,3.809,demo_booking_classic,customer_hangup,0.0
1790365284,64,fe1709b5-26c2-44c8-b773-2e9c13ced7f1,3,paired,short,finalizada,,,2.7291106530174147,2.196291499082799,8.491,0.32,1790365657.925,1790365666.416,1.001,0.712,0.289,0.235,0.923,,0.163,3.78,,1.399,1790365584.796,1790365715.247,1.353,demo_booking_classic,customer_hangup,0.0
1790365284,64,fe1709b5-26c2-44c8-b773-2e9c13ced7f1,4,paired,medium,finalizada,,,5.848959850001847,1.4886214547769074,31.299,2.6,1790365668.613,1790365699.912,1.411,1.271,0.14,0.4,4.54,,0.233,21.63,,2.043,1790365584.796,1790365715.247,4.252,demo_booking_classic,customer_hangup,0.0
1790365284,64,fe1709b5-26c2-44c8-b773-2e9c13ced7f1,5,paired,short,finalizada,,,1.94868646399118,4.649369664604389,9.191,1.0,1790365701.401,1790365710.593,1.001,0.392,0.609,0.089,0.446,,0.049,5.13,,1.139,1790365584.796,1790365715.247,1.053,demo_booking_classic,customer_hangup,0.0
1790365284,64,49ef461f-6b55-4ae8-834f-23d643cbc3ef,0,paired,medium,finalizada,,,5.080376335012261,1.8356168584635328,13.234,2.12,1790365593.727,1790365606.961,1.193,1.16,0.033,0.49,1.317,,0.371,4.81,,2.055,1790365584.854,1790365691.825,2.853,demo_booking_classic,customer_hangup,0.0
1790365284,64,49ef461f-6b55-4ae8-834f-23d643cbc3ef,1,paired,medium,finalizada,,,6.040447481005685,4.536784053972268,14.231,2.12,1790365608.798,1790365623.029,1.817,1.799,0.018,0.386,1.267,,0.733,4.89,,2.936,1790365584.854,1790365691.825,3.875,demo_booking_classic,customer_hangup,0.0
1790365284,64,49ef461f-6b55-4ae8-834f-23d643cbc3ef,2,paired,short,finalizada,,,3.6397879970027134,4.484301176804305,10.153,0.32,1790365627.567,1790365637.72,1.126,1.039,0.088,0.55,1.391,,0.216,4.1,,1.892,1790365584.854,1790365691.825,2.073,demo_booking_classic,customer_hangup,0.0
1790365284,64,49ef461f-6b55-4ae8-834f-23d643cbc3ef,3,paired,short,finalizada,,,3.619700526993256,2.2392140343246374,9.554,0.38,1790365642.204,1790365651.759,1.034,0.783,0.251,0.374,0.782,,0.353,4.34,,1.76,1790365584.854,1790365691.825,1.863,demo_booking_classic,customer_hangup,0.0
1790365284,64,49ef461f-6b55-4ae8-834f-23d643cbc3ef,4,paired,medium,finalizada,,,4.920281480008271,2.0335854094802523,17.198,2.24,1790365653.999,1790365671.196,1.356,1.264,0.092,0.275,2.073,,0.144,8.82,,1.774,1790365584.854,1790365691.825,2.914,demo_booking_classic,customer_hangup,0.0
1790365284,64,49ef461f-6b55-4ae8-834f-23d643cbc3ef,5,paired,short,finalizada,,,4.440735860000132,4.467804927418643,14.122,0.48,1790365673.231,1790365687.353,1.321,1.291,0.03,0.428,2.06,,0.158,8.02,,1.907,1790365584.854,1790365691.825,2.661,demo_booking_classic,customer_hangup,0.0
1790365284,64,643e2d04-6399-432c-a1c8-2a6706feb113,0,paired,short,finalizada,,,5.20328501999029,2.0946149177966507,30.717,1.0,1790365594.224,1790365624.941,1.114,1.095,0.019,0.522,2.751,,0.356,21.23,,1.992,1790365585.095,1790365701.439,2.878,demo_booking_classic,customer_hangup,0.0
1790365284,64,643e2d04-6399-432c-a1c8-2a6706feb113,1,paired,short,finalizada,,,4.303314755001338,2.2115892360726668,10.378,0.32,1790365627.037,1790365637.415,1.501,1.477,0.024,0.611,1.467,,0.225,4.34,,2.337,1790365585.095,1790365701.439,2.599,demo_booking_classic,customer_hangup,0.0
1790365284,64,643e2d04-6399-432c-a1c8-2a6706feb113,2,paired,long,finalizada,,,7.1033658439992,2.348005617486493,19.041,3.52,1790365639.626,1790365658.667,2.149,2.086,0.063,0.664,3.546,,0.299,7.15,,3.112,1790365585.095,1790365701.439,5.663,demo_booking_classic,customer_hangup,0.0
1790365284,64,643e2d04-6399-432c-a1c8-2a6706feb113,3,paired,long,finalizada,,,5.702696016989648,2.6775840022695085,14.774,3.06,1790365661.016,1790365675.79,1.096,1.067,0.028,0.304,2.159,,0.258,4.73,,1.658,1790365585.095,1790365701.439,3.504,demo_booking_classic,customer_hangup,0.0
1790365284,64,643e2d04-6399-432c-a1c8-2a6706feb113,4,paired,short,finalizada,,,3.7231768399942666,3.172930057891552,9.826,0.38,1790365678.468,1790365688.295,1.001,0.927,0.074,0.476,1.216,,0.291,4.5,,1.768,1790365585.095,1790365701.439,2.249,demo_booking_classic,customer_hangup,0.0
1790365284,64,643e2d04-6399-432c-a1c8-2a6706feb113,5,paired,short,finalizada,,,2.083138260000851,1.4139988849195713,8.553,0.38,1790365691.468,1790365700.021,1.001,0.441,0.56,0.392,0.81,,0.069,4.9,,1.462,1790365585.095,1790365701.439,1.142,demo_booking_classic,customer_hangup,0.0
1790365284,64,93694e10-c28c-4b00-81ea-25ff67fe61ca,0,paired,medium,finalizada,,,5.2443073370086495,2.1059324999361815,13.231,2.24,1790365593.854,1790365607.084,1.56,1.549,0.011,0.543,1.142,,0.423,4.41,,2.526,1790365585.344,1790365689.133,3.118,demo_booking_classic,customer_hangup,0.0
1790365284,64,93694e10-c28c-4b00-81ea-25ff67fe61ca,1,paired,long,finalizada,,,4.143253620015457,2.3017686811233125,15.172,3.52,1790365609.192,1790365624.364,1.359,1.331,0.029,0.442,0.786,,0.385,5.22,,2.186,1790365585.344,1790365689.133,2.469,demo_booking_classic,customer_hangup,0.0
1790365284,64,93694e10-c28c-4b00-81ea-25ff67fe61ca,2,paired,short,finalizada,,,5.643641736998688,4.843813086177804,10.992,0.38,1790365626.667,1790365637.659,1.287,1.186,0.101,0.718,1.528,,0.451,3.61,,2.456,1790365585.344,1790365689.133,3.255,demo_booking_classic,customer_hangup,0.0
1790365284,64,93694e10-c28c-4b00-81ea-25ff67fe61ca,3,paired,short,finalizada,,,7.023987135995412,2.6538490212327615,14.391,1.0,1790365642.503,1790365656.895,2.088,1.791,0.297,1.141,3.267,,0.384,5.14,,3.613,1790365585.344,1790365689.133,5.212,demo_booking_classic,customer_hangup,0.0
1790365284,64,93694e10-c28c-4b00-81ea-25ff67fe61ca,4,paired,medium,finalizada,,,5.5443655840063,1.837450142718852,14.695,2.6,1790365659.549,1790365674.244,1.996,1.969,0.027,0.745,3.023,,0.232,5.62,,2.973,1790365585.344,1790365689.133,3.733,demo_booking_classic,customer_hangup,0.0
1790365284,64,93694e10-c28c-4b00-81ea-25ff67fe61ca,5,paired,short,finalizada,,,3.403454282990424,2.9096185661558174,10.137,1.0,1790365676.082,1790365686.219,1.001,0.609,0.392,0.264,0.765,,0.235,4.49,,1.5,1790365585.344,1790365689.133,1.633,demo_booking_classic,customer_hangup,0.0
1790365284,64,915fe71c-f1d9-4b0e-af74-8b4d92bac910,0,paired,short,finalizada,,,4.322531418001745,1.8001909113153682,10.757,0.32,1790365593.895,1790365604.652,1.097,0.677,0.419,0.414,0.847,,0.553,4.42,,2.064,1790365585.595,1790365690.581,1.714,demo_booking_classic,customer_hangup,0.0
1790365284,64,915fe71c-f1d9-4b0e-af74-8b4d92bac910,1,paired,medium,finalizada,,,5.7635008090001065,1.3446202682980328,17.19,2.12,1790365606.453,1790365623.643,2.481,2.429,0.052,0.303,1.197,,0.491,6.82,,3.275,1790365585.595,1790365690.581,3.635,demo_booking_classic,customer_hangup,0.0
1790365284,64,915fe71c-f1d9-4b0e-af74-8b4d92bac910,2,paired,short,finalizada,,,4.143478265003068,1.2615039268352295,14.539,0.48,1790365624.989,1790365639.528,1.181,1.137,0.044,0.79,2.701,,0.157,8.02,,2.128,1790365585.595,1790365690.581,2.122,demo_booking_classic,customer_hangup,0.0
1790365284,64,915fe71c-f1d9-4b0e-af74-8b4d92bac910,3,paired,medium,finalizada,,,3.8634758970001712,2.3572929064747097,15.137,2.12,1790365640.79,1790365655.927,1.563,1.521,0.043,0.435,2.136,,0.285,7.86,,2.283,1790365585.595,1790365690.581,2.453,demo_booking_classic,customer_hangup,0.0
1790365284,64,915fe71c-f1d9-4b0e-af74-8b4d92bac910,4,paired,short,finalizada,,,3.9633122950035613,3.5067059254777826,11.116,1.0,1790365658.285,1790365669.402,1.008,0.965,0.042,0.289,0.662,,0.315,5.21,,1.612,1790365585.595,1790365690.581,1.947,demo_booking_classic,customer_hangup,0.0
1790365284,64,915fe71c-f1d9-4b0e-af74-8b4d92bac910,5,paired,long,finalizada,,,3.8233750950021204,3.883956134790413,13.784,3.52,1790365672.909,1790365686.693,0.783,0.766,0.017,0.424,1.068,,0.335,5.29,,1.542,1790365585.595,1790365690.581,2.181,demo_booking_classic,customer_hangup,0.0
1790365284,64,3070f550-54db-4f1c-a85f-8220e49027f6,0,paired,short,finalizada,,,5.71230464198743,2.626282816284318,13.888,0.38,1790365595.673,1790365609.561,1.624,1.59,0.034,0.816,1.333,,0.245,6.25,,2.685,1790365586.351,1790365694.146,3.177,demo_booking_classic,customer_hangup,0.0
1790365284,64,3070f550-54db-4f1c-a85f-8220e49027f6,1,paired,short,finalizada,,,3.692578804999357,7.242938081870006,10.419,0.32,1790365612.188,1790365622.606,1.16,0.797,0.363,0.261,0.953,,0.584,4.1,,2.006,1790365586.351,1790365694.146,1.767,demo_booking_classic,customer_hangup,0.0
1790365284,64,3070f550-54db-4f1c-a85f-8220e49027f6,2,paired,long,finalizada,,,6.032574470009422,4.537463982217288,16.187,3.52,1790365629.85,1790365646.036,1.857,1.827,0.031,0.298,1.731,,0.381,5.21,,2.536,1790365586.351,1790365694.146,4.162,demo_booking_classic,customer_hangup,0.0
1790365284,64,3070f550-54db-4f1c-a85f-8220e49027f6,3,paired,medium,finalizada,,,4.292995933996281,1.314565838573458,13.216,2.6,1790365650.575,1790365663.791,1.643,1.607,0.036,0.298,1.249,,0.593,5.06,,2.535,1790365586.351,1790365694.146,2.953,demo_booking_classic,customer_hangup,0.0
1790365284,64,3070f550-54db-4f1c-a85f-8220e49027f6,4,paired,long,finalizada,,,4.272622421995038,2.490708589013561,12.846,3.06,1790365665.106,1790365677.953,1.456,1.332,0.125,0.338,0.63,,0.226,4.17,,2.02,1790365586.351,1790365694.146,2.233,demo_booking_classic,customer_hangup,0.0
1790365284,64,3070f550-54db-4f1c-a85f-8220e49027f6,5,paired,short,finalizada,,,2.672131162020378,4.8681335528921625,8.828,1.0,1790365680.444,1790365689.272,1.001,0.546,0.456,0.216,0.571,,0.148,4.01,,1.365,1790365586.351,1790365694.146,1.281,demo_booking_classic,customer_hangup,0.0
1790365284,64,282cd7cc-65e1-43d8-ba69-0c5642b4bab8,0,paired,short,finalizada,,,5.687272036011564,1.105546282953095,30.275,1.0,1790365595.218,1790365625.493,1.477,1.457,0.019,0.559,2.386,,0.458,21.79,,2.494,1790365586.591,1790365712.946,3.653,demo_booking_classic,customer_hangup,0.0
1790365284,64,282cd7cc-65e1-43d8-ba69-0c5642b4bab8,1,paired,medium,finalizada,,,4.206929545005551,1.112762555437577,12.729,2.12,1790365626.599,1790365639.328,1.082,1.067,0.015,0.228,1.003,,0.313,4.41,,1.623,1790365586.591,1790365712.946,2.398,demo_booking_classic,customer_hangup,0.0
1790365284,64,282cd7cc-65e1-43d8-ba69-0c5642b4bab8,2,paired,medium,finalizada,,,7.087795808009105,2.231641933489167,16.767,2.6,1790365640.441,1790365657.208,2.227,2.161,0.066,0.677,3.296,,0.151,5.86,,3.056,1790365586.591,1790365712.946,5.206,demo_booking_classic,customer_hangup,0.0
1790365284,64,282cd7cc-65e1-43d8-ba69-0c5642b4bab8,3,paired,short,finalizada,,,3.7271253659855574,2.061194985150374,27.377,1.0,1790365659.44,1790365686.817,1.002,0.615,0.387,0.196,1.861,,0.338,21.55,,1.535,1790365586.591,1790365712.946,2.105,demo_booking_classic,customer_hangup,0.0
1790365284,64,282cd7cc-65e1-43d8-ba69-0c5642b4bab8,4,paired,medium,finalizada,,,2.1669820389943197,2.408119967460834,9.665,2.12,1790365688.879,1790365698.545,0.567,0.56,0.007,0.234,0.614,,0.088,4.17,,0.889,1790365586.591,1790365712.946,1.265,demo_booking_classic,customer_hangup,0.0
1790365284,64,282cd7cc-65e1-43d8-ba69-0c5642b4bab8,5,paired,long,finalizada,,,1.4062520489969756,1.5623003116300334,10.424,3.06,1790365700.955,1790365711.379,0.518,0.512,0.006,0.063,0.37,,0.039,4.9,,0.619,1790365586.591,1790365712.946,0.741,demo_booking_classic,customer_hangup,0.0
1790365284,64,e3a245fd-c0eb-4f5f-b37d-d78199eb792a,0,paired,long,finalizada,,,4.609997342020506,2.4298124566346573,14.278,3.52,1790365596.396,1790365610.674,1.38,1.334,0.047,0.275,0.622,,0.437,4.33,,2.092,1790365586.841,1790365689.05,2.407,demo_booking_classic,customer_hangup,0.0
1790365284,64,e3a245fd-c0eb-4f5f-b37d-d78199eb792a,1,paired,short,finalizada,,,5.0896922899992205,6.093941567564495,11.419,0.32,1790365613.105,1790365624.523,1.679,1.67,0.009,0.336,0.939,,0.896,4.18,,2.911,1790365586.841,1790365689.05,3.097,demo_booking_classic,customer_hangup,0.0
1790365284,64,e3a245fd-c0eb-4f5f-b37d-d78199eb792a,2,paired,medium,finalizada,,,4.9698583759891335,2.2864544321664098,14.82,2.6,1790365630.618,1790365645.438,1.974,1.891,0.084,0.516,1.749,,0.243,5.46,,2.733,1790365586.841,1790365689.05,3.249,demo_booking_classic,customer_hangup,0.0
1790365284,64,e3a245fd-c0eb-4f5f-b37d-d78199eb792a,3,paired,long,finalizada,,,4.590049130987609,1.797217001591755,14.066,3.52,1790365647.725,1790365661.792,1.0,0.953,0.047,0.402,0.823,,0.531,4.97,,1.933,1790365586.841,1790365689.05,2.397,demo_booking_classic,customer_hangup,0.0
1790365284,64,e3a245fd-c0eb-4f5f-b37d-d78199eb792a,4,paired,short,finalizada,,,2.929996860999381,1.9643100096771402,9.81,0.32,1790365663.59,1790365673.399,1.001,0.752,0.25,0.556,2.318,,0.134,4.74,,1.692,1790365586.841,1790365689.05,1.784,demo_booking_classic,customer_hangup,0.0
1790365284,64,e3a245fd-c0eb-4f5f-b37d-d78199eb792a,5,paired,medium,finalizada,,,3.5501317940070294,2.2485496118293233,11.432,2.24,1790365675.365,1790365686.797,0.989,0.962,0.027,0.215,0.598,,0.355,4.41,,1.559,1790365586.841,1790365689.05,1.929,demo_booking_classic,customer_hangup,0.0
1790365284,64,1e7c6f1b-a12e-4052-a393-04b5a9b9717c,0,paired,medium,finalizada,,,3.8096779480110854,7.32474538111442,12.237,2.12,1790365597.096,1790365609.333,0.923,0.895,0.027,0.236,0.837,,0.284,4.9,,1.443,1790365587.091,1790365697.443,1.598,demo_booking_classic,customer_hangup,0.0
1790365284,64,1e7c6f1b-a12e-4052-a393-04b5a9b9717c,1,paired,short,finalizada,,,4.610013236000668,3.0127544984951578,12.566,0.38,1790365616.658,1790365629.224,1.427,1.353,0.075,0.403,0.93,,0.467,5.86,,2.297,1790365587.091,1790365697.443,2.545,demo_booking_classic,customer_hangup,0.0
1790365284,64,1e7c6f1b-a12e-4052-a393-04b5a9b9717c,2,paired,long,finalizada,,,4.4705575709813274,1.5889419232640367,15.658,3.06,1790365632.237,1790365647.895,1.357,1.231,0.127,0.568,0.955,,0.368,6.58,,2.293,1790365587.091,1790365697.443,2.399,demo_booking_classic,customer_hangup,0.0
1790365284,64,1e7c6f1b-a12e-4052-a393-04b5a9b9717c,3,paired,long,finalizada,,,4.249954822007567,1.3185805470013763,14.254,3.52,1790365649.485,1790365663.739,1.631,1.535,0.097,0.587,1.284,,0.232,5.38,,2.45,1790365587.091,1790365697.443,2.535,demo_booking_classic,customer_hangup,0.0
1790365284,64,1e7c6f1b-a12e-4052-a393-04b5a9b9717c,4,paired,long,finalizada,,,5.0298594330088235,3.1044076816585284,15.281,3.52,1790365665.058,1790365680.34,1.74,1.669,0.07,0.873,1.602,,0.664,5.22,,3.276,1790365587.091,1790365697.443,3.629,demo_booking_classic,customer_hangup,0.0
1790365284,64,1e7c6f1b-a12e-4052-a393-04b5a9b9717c,5,paired,short,finalizada,,,3.730145387002267,3.9791942008398657,10.014,0.48,1790365683.445,1790365693.459,0.951,0.941,0.01,0.494,1.075,,0.174,4.57,,1.618,1790365587.091,1790365697.443,2.195,demo_booking_classic,customer_hangup,0.0
1790365284,64,3805d95f-77ab-49be-bcb7-afabcfb18781,0,paired,short,finalizada,,,4.613235097000143,8.580762360707885,12.472,0.38,1790365596.778,1790365609.25,1.069,1.059,0.01,0.325,0.816,,0.266,6.33,,1.66,1790365587.024,1790365693.29,2.145,demo_booking_classic,customer_hangup,0.0
1790365284,64,3805d95f-77ab-49be-bcb7-afabcfb18781,1,paired,long,finalizada,,,4.273128989996621,1.1598996088895985,14.963,3.06,1790365617.831,1790365632.793,1.535,1.498,0.037,0.41,1.919,,0.265,6.02,,2.21,1790365587.024,1790365693.29,2.662,demo_booking_classic,customer_hangup,0.0
1790365284,64,3805d95f-77ab-49be-bcb7-afabcfb18781,2,paired,medium,finalizada,,,5.093627845984884,2.950077778568173,14.643,2.6,1790365633.954,1790365648.596,1.442,1.419,0.023,0.42,1.471,,0.403,5.3,,2.265,1790365587.024,1790365693.29,2.903,demo_booking_classic,customer_hangup,0.0
1790365284,64,3805d95f-77ab-49be-bcb7-afabcfb18781,3,paired,medium,finalizada,,,3.7734958530054428,1.7076693880244012,13.099,2.6,1790365651.547,1790365664.646,1.333,1.205,0.128,0.502,1.461,,0.264,5.46,,2.099,1790365587.024,1790365693.29,2.171,demo_booking_classic,customer_hangup,0.0
1790365284,64,3805d95f-77ab-49be-bcb7-afabcfb18781,4,paired,short,finalizada,,,4.094233173003886,3.227286185813117,9.966,0.32,1790365666.355,1790365676.32,1.015,0.985,0.03,0.46,1.083,,0.507,4.02,,1.981,1790365587.024,1790365693.29,2.272,demo_booking_classic,customer_hangup,0.0
1790365284,64,3805d95f-77ab-49be-bcb7-afabcfb18781,5,paired,long,finalizada,,,3.9337226829957217,1.0,12.736,3.52,1790365679.549,1790365692.285,0.878,0.86,0.017,0.233,1.442,,0.132,4.25,,1.243,1790365587.024,1790365693.29,2.445,demo_booking_classic,customer_hangup,0.0
1790365284,64,f3467aef-da7c-4539-a300-b6c89210dd0f,0,paired,short,finalizada,,,3.8897714680060744,2.3652708857067775,23.401,1.0,1790365597.171,1790365620.572,1.0,0.487,0.513,0.209,1.476,,0.343,16.66,,1.553,1790365587.263,1790365703.043,1.942,demo_booking_classic,customer_hangup,0.0
1790365284,64,f3467aef-da7c-4539-a300-b6c89210dd0f,1,paired,medium,finalizada,,,5.509771337005077,1.8943164154676393,12.986,2.24,1790365622.938,1790365635.924,1.42,1.208,0.213,1.035,1.899,,0.595,4.01,,3.051,1790365587.263,1790365703.043,3.807,demo_booking_classic,customer_hangup,0.0
1790365284,64,f3467aef-da7c-4539-a300-b6c89210dd0f,2,paired,medium,finalizada,,,4.149984510004288,1.8398566083830656,12.632,2.12,1790365637.819,1790365650.451,0.968,0.9,0.069,0.456,1.165,,0.483,4.66,,1.908,1790365587.263,1790365703.043,2.095,demo_booking_classic,customer_hangup,0.0
1790365284,64,f3467aef-da7c-4539-a300-b6c89210dd0f,3,paired,short,finalizada,,,4.129779879003763,1.5225198154672546,10.751,0.48,1790365652.292,1790365663.043,1.34,1.213,0.127,0.4,1.292,,0.425,4.9,,2.166,1790365587.263,1790365703.043,2.491,demo_booking_classic,customer_hangup,0.0
1790365284,64,f3467aef-da7c-4539-a300-b6c89210dd0f,4,paired,short,finalizada,,,4.7294258949987125,1.5714920133451835,11.447,0.48,1790365664.566,1790365676.013,1.384,1.294,0.091,0.624,1.627,,0.26,4.98,,2.268,1790365587.263,1790365703.043,2.492,demo_booking_classic,customer_hangup,0.0
1790365284,64,f3467aef-da7c-4539-a300-b6c89210dd0f,5,paired,short,finalizada,,,4.5102244169975165,3.5832134606532824,21.869,1.0,1790365677.586,1790365699.454,1.001,0.753,0.248,0.32,2.443,,0.171,15.14,,1.492,1790365587.263,1790365703.043,2.939,demo_booking_classic,customer_hangup,0.0
1790365284,64,f611b1be-63f6-4854-b542-7487c6c081c4,0,paired,short,finalizada,,,-0.13758937001693994,1.9283534996916467,2.509,0.38,1790365593.849,1790365596.358,1.003,0.75,0.253,0.185,0.532,,0.459,5.85,,1.647,1790365587.512,1790365690.518,2.024,demo_booking_classic,customer_hangup,0.0
1790365284,64,f611b1be-63f6-4854-b542-7487c6c081c4,1,paired,medium,finalizada,,,4.242249269998865,1.0527356572309612,13.629,2.6,1790365598.287,1790365611.916,1.522,1.517,0.004,0.462,0.824,,0.385,5.22,,2.368,1790365587.512,1790365690.518,2.393,demo_booking_classic,customer_hangup,0.0
1790365284,64,f611b1be-63f6-4854-b542-7487c6c081c4,2,paired,short,finalizada,,,6.402367064991267,1.86876748798364,29.829,1.0,1790365612.97,1790365642.798,1.917,1.844,0.074,0.394,2.489,,0.495,21.15,,2.807,1790365587.512,1790365690.518,4.233,demo_booking_classic,customer_hangup,0.0
1790365284,64,f611b1be-63f6-4854-b542-7487c6c081c4,3,paired,short,finalizada,,,5.4621228980249725,2.915208459718448,11.647,0.32,1790365644.667,1790365656.314,2.062,1.974,0.087,0.872,1.803,,0.554,4.34,,3.487,1790365587.512,1790365690.518,4.064,demo_booking_classic,customer_hangup,0.0
1790365284,64,f611b1be-63f6-4854-b542-7487c6c081c4,4,paired,long,finalizada,,,6.301783134986181,1.0,15.053,3.06,1790365659.23,1790365674.283,1.821,1.798,0.022,0.557,2.415,,0.236,4.49,,2.614,1790365587.512,1790365690.518,4.457,demo_booking_classic,customer_hangup,0.0
1790365284,64,f611b1be-63f6-4854-b542-7487c6c081c4,5,paired,long,finalizada,,,3.682389866997255,1.8599577621723709,13.365,3.52,1790365675.284,1790365688.649,0.971,0.944,0.027,0.5,1.202,,0.257,5.06,,1.728,1790365587.512,1790365690.518,2.158,demo_booking_classic,customer_hangup,0.0
1790365284,64,820933e8-a625-480e-a972-ee3a5cea5992,0,paired,long,finalizada,,,5.425112864002585,3.863670169439532,18.203,3.06,1790365598.447,1790365616.65,1.634,1.613,0.021,0.641,1.108,,0.541,7.45,,2.817,1790365587.763,1790365695.651,3.28,demo_booking_classic,customer_hangup,0.0
1790365284,64,820933e8-a625-480e-a972-ee3a5cea5992,1,paired,medium,finalizada,,,3.5652786509890575,1.208847285823123,11.684,2.12,1790365620.514,1790365632.198,1.006,0.988,0.018,0.266,1.215,,0.37,4.26,,1.642,1790365587.763,1790365695.651,1.965,demo_booking_classic,customer_hangup,0.0
1790365284,64,820933e8-a625-480e-a972-ee3a5cea5992,2,paired,short,finalizada,,,5.52487078300328,3.6853631507622886,12.595,1.0,1790365633.407,1790365646.002,1.602,1.429,0.173,0.7,1.467,,0.367,4.81,,2.669,1790365587.763,1790365695.651,3.409,demo_booking_classic,customer_hangup,0.0
1790365284,64,820933e8-a625-480e-a972-ee3a5cea5992,3,paired,short,finalizada,,,4.665022561006481,4.850833432072458,11.434,0.48,1790365649.687,1790365661.121,0.891,0.872,0.02,0.229,0.673,,0.63,6.89,,1.75,1790365587.763,1790365695.651,2.285,demo_booking_classic,customer_hangup,0.0
1790365284,64,820933e8-a625-480e-a972-ee3a5cea5992,4,paired,medium,finalizada,,,5.304618694004603,1.8294157890050082,13.581,2.24,1790365665.972,1790365679.553,2.078,1.993,0.085,0.747,1.557,,0.276,4.42,,3.101,1790365587.763,1790365695.651,3.405,demo_booking_classic,customer_hangup,0.0
1790365284,64,820933e8-a625-480e-a972-ee3a5cea5992,5,paired,medium,finalizada,,,3.4648469460080378,1.278971045996782,12.984,2.6,1790365681.383,1790365694.367,0.884,0.874,0.01,0.47,1.269,,0.176,5.7,,1.53,1790365587.763,1790365695.651,1.969,demo_booking_classic,customer_hangup,0.0
1790365284,64,cb0f1a06-b402-40e4-ab2b-3f3ccd37fd1f,0,paired,long,finalizada,,,6.840761637984542,3.0372533779321187,16.121,3.52,1790365601.925,1790365618.046,3.324,2.908,0.417,0.77,1.249,,0.472,4.25,,4.565,1790365588.697,1790365697.718,4.795,demo_booking_classic,customer_hangup,0.0
1790365284,64,cb0f1a06-b402-40e4-ab2b-3f3ccd37fd1f,1,paired,short,finalizada,,,5.341512568003964,1.1089694535761923,10.483,0.38,1790365621.083,1790365631.566,1.538,1.503,0.035,0.295,1.404,,0.426,3.53,,2.259,1790365588.697,1790365697.718,3.444,demo_booking_classic,customer_hangup,0.0
1790365284,64,cb0f1a06-b402-40e4-ab2b-3f3ccd37fd1f,2,paired,long,finalizada,,,6.120676479011308,2.6345094989637103,16.287,3.52,1790365632.676,1790365648.963,1.811,1.761,0.049,0.763,1.424,,0.313,5.13,,2.887,1790365588.697,1790365697.718,3.547,demo_booking_classic,customer_hangup,0.0
1790365284,64,cb0f1a06-b402-40e4-ab2b-3f3ccd37fd1f,3,paired,medium,finalizada,,,5.440988133981591,5.794306862422297,13.559,2.24,1790365651.597,1790365665.156,2.011,1.945,0.066,0.283,1.108,,0.26,4.57,,2.554,1790365588.697,1790365697.718,3.366,demo_booking_classic,customer_hangup,0.0
1790365284,64,cb0f1a06-b402-40e4-ab2b-3f3ccd37fd1f,4,paired,short,finalizada,,,4.120997625985183,1.166577668834517,10.602,0.48,1790365670.951,1790365681.553,1.386,1.37,0.015,0.228,1.429,,0.294,4.66,,1.908,1790365588.697,1790365697.718,2.436,demo_booking_classic,customer_hangup,0.0
1790365284,64,cb0f1a06-b402-40e4-ab2b-3f3ccd37fd1f,5,paired,medium,finalizada,,,2.7603167860070243,2.8804063639531807,12.113,2.6,1790365682.72,1790365694.833,0.578,0.55,0.028,0.242,0.742,,0.22,5.78,,1.04,1790365588.697,1790365697.718,1.309,demo_booking_classic,customer_hangup,0.0
1790365284,64,59d62a5f-3060-4165-bf75-4b7baef61be2,0,paired,medium,finalizada,,,4.800045187002979,5.189772249789945,12.921,2.12,1790365598.956,1790365611.877,1.324,1.304,0.02,0.382,0.721,,0.615,3.77,,2.321,1790365588.936,1790365694.353,2.66,demo_booking_classic,customer_hangup,0.0
1790365284,64,59d62a5f-3060-4165-bf75-4b7baef61be2,1,paired,short,finalizada,,,4.799736561981263,1.8456944425487414,10.285,0.48,1790365617.067,1790365627.352,1.901,1.877,0.024,0.298,0.784,,0.273,3.85,,2.472,1790365588.936,1790365694.353,2.948,demo_booking_classic,customer_hangup,0.0
1790365284,64,59d62a5f-3060-4165-bf75-4b7baef61be2,2,paired,short,finalizada,,,3.699771950021386,3.1041156087541752,16.179,0.32,1790365629.198,1790365645.377,1.043,1.021,0.022,0.414,1.812,,0.411,10.19,,1.868,1790365588.936,1790365694.353,2.291,demo_booking_classic,customer_hangup,0.0
1790365284,64,59d62a5f-3060-4165-bf75-4b7baef61be2,3,paired,short,finalizada,,,4.0598525349923875,2.494298601994002,12.032,1.0,1790365648.482,1790365660.513,1.001,0.573,0.427,0.208,1.02,,0.2,5.77,,1.409,1790365588.936,1790365694.353,1.8,demo_booking_classic,customer_hangup,0.0
1790365284,64,59d62a5f-3060-4165-bf75-4b7baef61be2,4,paired,medium,finalizada,,,4.180351343005896,5.039866186310701,13.569,2.6,1790365663.009,1790365676.577,0.829,0.806,0.023,0.605,1.973,,0.228,5.62,,1.662,1790365588.936,1790365694.353,1.99,demo_booking_classic,customer_hangup,0.0
1790365284,64,59d62a5f-3060-4165-bf75-4b7baef61be2,5,paired,short,finalizada,,,4.7998735700093675,1.0,11.73,1.0,1790365681.618,1790365693.348,1.009,0.857,0.152,0.503,2.224,,0.18,4.73,,1.692,1790365588.936,1790365694.353,3.266,demo_booking_classic,customer_hangup,0.0
1790365284,64,1a634e7d-79ab-44c9-96ea-6f40a12ce5ff,0,paired,short,finalizada,,,3.7544487029954325,10.0,6.668,0.32,1790365600.661,1790365607.329,1.444,1.406,0.038,0.339,0.623,,0.52,3.78,,2.303,1790365589.185,1790365696.894,2.354,demo_booking_classic,customer_hangup,0.0
1790365284,64,1a634e7d-79ab-44c9-96ea-6f40a12ce5ff,1,paired,long,finalizada,,,5.214870616997359,2.8993601132739455,13.678,3.06,1790365617.329,1790365631.007,1.969,1.954,0.016,0.44,1.275,,0.172,4.73,,2.581,1790365589.185,1790365696.894,3.408,demo_booking_classic,customer_hangup,0.0
1790365284,64,1a634e7d-79ab-44c9-96ea-6f40a12ce5ff,2,paired,medium,finalizada,,,5.614879127009772,2.14468009998446,18.893,2.24,1790365633.907,1790365652.8,2.161,2.008,0.153,0.355,1.644,,0.425,9.14,,2.941,1790365589.185,1790365696.894,3.47,demo_booking_classic,customer_hangup,0.0
1790365284,64,1a634e7d-79ab-44c9-96ea-6f40a12ce5ff,3,paired,long,finalizada,,,3.8353868830017745,1.0,12.335,3.06,1790365654.946,1790365667.281,0.919,0.901,0.018,0.188,0.775,,0.246,4.25,,1.354,1790365589.185,1790365696.894,1.938,demo_booking_classic,customer_hangup,0.0
1790365284,64,1a634e7d-79ab-44c9-96ea-6f40a12ce5ff,4,paired,long,finalizada,,,5.215010366984643,1.0,13.52,3.06,1790365668.282,1790365681.802,1.631,1.613,0.018,0.44,1.436,,0.488,4.09,,2.559,1790365589.185,1790365696.894,3.56,demo_booking_classic,customer_hangup,0.0
1790365284,64,1a634e7d-79ab-44c9-96ea-6f40a12ce5ff,5,paired,long,finalizada,,,2.954372115986189,2.3227397384452164,11.763,3.52,1790365682.803,1790365694.566,0.851,0.839,0.012,0.203,0.582,,0.128,4.09,,1.182,1790365589.185,1790365696.894,1.554,demo_booking_classic,customer_hangup,0.0
1790365284,64,331a6e92-c76c-406a-962e-07db65d9f51c,0,paired,medium,finalizada,,,6.2398764489917085,1.4754667177116991,15.52,2.12,1790365601.306,1790365616.827,2.175,2.158,0.017,0.446,1.174,,0.675,5.61,,3.296,1790365589.435,1790365688.389,4.044,demo_booking_classic,customer_hangup,0.0
1790365284,64,331a6e92-c76c-406a-962e-07db65d9f51c,1,paired,long,finalizada,,,4.700368471996626,2.1302546992481606,13.88,3.06,1790365618.302,1790365632.182,1.675,1.582,0.092,0.451,1.422,,0.25,5.14,,2.376,1790365589.435,1790365688.389,2.801,demo_booking_classic,customer_hangup,0.0
1790365284,64,331a6e92-c76c-406a-962e-07db65d9f51c,2,paired,long,finalizada,,,4.279930017015431,1.1782545623518654,13.494,3.06,1790365634.313,1790365647.807,1.658,1.601,0.057,0.27,0.871,,0.418,4.58,,2.347,1790365589.435,1790365688.389,2.648,demo_booking_classic,customer_hangup,0.0
1790365284,64,331a6e92-c76c-406a-962e-07db65d9f51c,3,paired,short,finalizada,,,3.959863856987795,1.7988098748639707,10.705,1.0,1790365648.986,1790365659.691,1.002,0.534,0.468,0.255,0.872,,0.244,4.41,,1.501,1790365589.435,1790365688.389,1.667,demo_booking_classic,customer_hangup,0.0
1790365284,64,331a6e92-c76c-406a-962e-07db65d9f51c,4,paired,short,finalizada,,,5.7400847989774775,2.3536083324161146,11.136,0.38,1790365661.49,1790365672.626,1.958,1.727,0.231,0.67,2.172,,0.197,3.85,,2.825,1790365589.435,1790365688.389,4.149,demo_booking_classic,customer_hangup,0.0
1790365284,64,331a6e92-c76c-406a-962e-07db65d9f51c,5,paired,medium,finalizada,,,3.3597945609944873,1.1373596663759582,12.267,2.24,1790365674.98,1790365687.247,0.999,0.979,0.02,0.248,0.814,,0.198,5.54,,1.444,1790365589.435,1790365688.389,1.57,demo_booking_classic,customer_hangup,0.0
1790365284,64,f5b1a253-d2e6-4684-bb91-7df3893f7902,0,paired,long,finalizada,,,5.090850959008094,3.1287192292838744,16.208,3.52,1790365599.051,1790365615.259,1.042,0.967,0.075,1.021,1.269,,0.41,5.77,,2.473,1790365588.851,1790365691.955,2.665,demo_booking_classic,customer_hangup,0.0
1790365284,64,f5b1a253-d2e6-4684-bb91-7df3893f7902,1,paired,medium,finalizada,,,5.309423797996715,1.0,12.706,2.12,1790365618.388,1790365631.093,1.891,1.832,0.06,0.536,1.295,,0.247,4.09,,2.674,1790365588.851,1790365691.955,3.4,demo_booking_classic,customer_hangup,0.0
1790365284,64,f5b1a253-d2e6-4684-bb91-7df3893f7902,2,paired,short,finalizada,,,3.9902330759796314,2.314581018592039,10.352,0.48,1790365632.094,1790365642.446,1.057,1.043,0.014,0.596,1.041,,0.229,4.33,,1.881,1790365588.851,1790365691.955,2.368,demo_booking_classic,customer_hangup,0.0
1790365284,64,f5b1a253-d2e6-4684-bb91-7df3893f7902,3,paired,short,finalizada,,,6.010398843995063,2.6715300290677844,11.969,0.48,1790365644.761,1790365656.73,1.911,1.855,0.056,0.713,1.667,,0.487,4.25,,3.11,1790365588.851,1790365691.955,4.06,demo_booking_classic,customer_hangup,0.0
1790365284,64,f5b1a253-d2e6-4684-bb91-7df3893f7902,4,paired,medium,finalizada,,,5.010392668977147,6.398463762217585,14.092,2.6,1790365659.402,1790365673.494,1.64,1.575,0.064,0.3,3.063,,0.189,5.3,,2.129,1790365588.851,1790365691.955,3.674,demo_booking_classic,customer_hangup,0.0
1790365284,64,f5b1a253-d2e6-4684-bb91-7df3893f7902,5,paired,short,finalizada,,,2.9495858890004456,2.5037192372864756,9.552,0.48,1790365679.893,1790365689.445,0.623,0.591,0.032,0.262,0.677,,0.236,5.13,,1.12,1790365588.851,1790365691.955,1.517,demo_booking_classic,customer_hangup,0.0
1790365284,64,409eb8a5-ba48-41e4-96d7-85cb48d9e0b8,0,paired,short,finalizada,,,4.728829842992127,2.565856025783874,12.072,1.0,1790365599.462,1790365611.535,1.339,1.199,0.14,0.337,0.976,,0.303,4.41,,1.98,1790365589.088,1790365685.632,2.566,demo_booking_classic,customer_hangup,0.0
1790365284,64,409eb8a5-ba48-41e4-96d7-85cb48d9e0b8,1,paired,long,finalizada,,,4.94833743898198,1.0,14.073,3.06,1790365614.102,1790365628.174,2.495,2.418,0.077,0.388,0.934,,0.338,4.9,,3.221,1790365589.088,1790365685.632,3.625,demo_booking_classic,customer_hangup,0.0
1790365284,64,409eb8a5-ba48-41e4-96d7-85cb48d9e0b8,2,paired,long,finalizada,,,5.76903324900195,1.376388757796522,15.09,3.52,1790365629.175,1790365644.266,1.941,1.823,0.118,0.522,1.821,,0.214,4.41,,2.677,1790365589.088,1790365685.632,3.932,demo_booking_classic,customer_hangup,0.0
1790365284,64,409eb8a5-ba48-41e4-96d7-85cb48d9e0b8,3,paired,short,finalizada,,,5.069959690008545,1.4048228270388061,12.031,0.48,1790365645.642,1790365657.673,1.421,1.379,0.042,0.452,1.077,,0.371,4.41,,2.244,1790365589.088,1790365685.632,2.859,demo_booking_classic,customer_hangup,0.0
1790365284,64,409eb8a5-ba48-41e4-96d7-85cb48d9e0b8,4,paired,medium,finalizada,,,2.789124975010054,1.5823086436697185,10.181,2.12,1790365659.079,1790365669.26,1.02,0.977,0.042,0.296,0.645,,0.246,4.02,,1.562,1790365589.088,1790365685.632,1.636,demo_booking_classic,customer_hangup,0.0
1790365284,64,409eb8a5-ba48-41e4-96d7-85cb48d9e0b8,5,paired,short,finalizada,,,4.768894534994615,3.368779663627642,11.412,1.0,1790365670.844,1790365682.256,1.524,1.507,0.017,0.618,1.334,,0.229,4.41,,2.371,1790365589.088,1790365685.632,3.076,demo_booking_classic,customer_hangup,0.0
1790365284,64,08a37885-4ad1-499d-b709-901319634983,0,paired,long,finalizada,,,7.436652631004108,4.739811836241016,16.899,3.52,1790365600.515,1790365617.414,2.774,2.659,0.115,0.621,1.388,,0.46,4.81,,3.855,1790365589.338,1790365708.198,4.605,demo_booking_classic,customer_hangup,0.0
1790365284,64,08a37885-4ad1-499d-b709-901319634983,1,paired,long,finalizada,,,6.71605003302102,2.9829013869904832,19.067,3.52,1790365622.154,1790365641.221,2.022,1.944,0.078,0.442,2.746,,0.324,7.06,,2.788,1790365589.338,1790365708.198,4.466,demo_booking_classic,customer_hangup,0.0
1790365284,64,08a37885-4ad1-499d-b709-901319634983,2,paired,long,finalizada,,,5.896482972981175,1.0,17.419,3.52,1790365644.205,1790365661.624,1.325,1.307,0.018,0.394,2.259,,0.342,6.82,,2.062,1790365589.338,1790365708.198,3.485,demo_booking_classic,customer_hangup,0.0
1790365284,64,08a37885-4ad1-499d-b709-901319634983,3,paired,long,finalizada,,,4.915923305990873,2.7981954845451553,16.358,3.52,1790365662.625,1790365678.982,1.108,1.039,0.069,0.236,1.533,,0.379,6.74,,1.723,1790365589.338,1790365708.198,2.786,demo_booking_classic,customer_hangup,0.0
1790365284,64,08a37885-4ad1-499d-b709-901319634983,4,paired,medium,finalizada,,,3.636054097005399,1.8536134538987898,11.292,2.12,1790365681.781,1790365693.073,0.724,0.672,0.052,0.532,1.307,,0.168,4.33,,1.424,1790365589.338,1790365708.198,2.152,demo_booking_classic,customer_hangup,0.0
1790365284,64,08a37885-4ad1-499d-b709-901319634983,5,paired,short,finalizada,,,1.814683234988479,4.931744906247502,8.334,0.32,1790365694.927,1790365703.261,1.0,0.421,0.58,0.069,0.888,,0.074,4.99,,1.142,1790365589.338,1790365708.198,1.076,demo_booking_classic,customer_hangup,0.0
1790365284,64,3181d2b5-17bb-4c3c-9956-af8253ec362f,0,paired,medium,finalizada,,,5.766617938992567,6.6555571432633185,16.326,2.24,1790365601.665,1790365617.991,1.818,1.773,0.044,0.594,1.164,,0.595,6.66,,3.006,1790365589.589,1790365707.301,3.429,demo_booking_classic,customer_hangup,0.0
1790365284,64,3181d2b5-17bb-4c3c-9956-af8253ec362f,1,paired,short,finalizada,,,4.5667015869985335,4.751624920910807,10.346,0.32,1790365624.647,1790365634.993,1.481,1.473,0.008,0.384,1.726,,0.222,3.86,,2.087,1790365589.589,1790365707.301,3.256,demo_booking_classic,customer_hangup,0.0
1790365284,64,3181d2b5-17bb-4c3c-9956-af8253ec362f,2,paired,long,finalizada,,,7.806860901007894,3.1154554699208887,18.524,3.52,1790365639.746,1790365658.27,1.885,1.85,0.035,1.058,3.457,,0.316,6.01,,3.259,1790365589.589,1790365707.301,5.641,demo_booking_classic,customer_hangup,0.0
1790365284,64,3181d2b5-17bb-4c3c-9956-af8253ec362f,3,paired,long,finalizada,,,4.187026522005908,1.6689339410449273,14.592,3.52,1790365661.386,1790365675.979,1.199,1.164,0.035,0.509,1.53,,0.239,4.9,,1.946,1790365589.589,1790365707.301,2.593,demo_booking_classic,customer_hangup,0.0
1790365284,64,3181d2b5-17bb-4c3c-9956-af8253ec362f,4,paired,short,finalizada,,,4.446471109986305,6.6463609686066825,10.543,0.48,1790365677.648,1790365688.192,1.081,1.025,0.056,0.294,1.481,,0.298,4.41,,1.673,1790365589.589,1790365707.301,2.841,demo_booking_classic,customer_hangup,0.0
1790365284,64,3181d2b5-17bb-4c3c-9956-af8253ec362f,5,paired,short,finalizada,,,2.5463470809918363,3.6235181090905124,8.833,0.48,1790365694.839,1790365703.672,0.445,0.436,0.008,0.239,1.165,,0.067,4.57,,0.75,1790365589.589,1790365707.301,1.672,demo_booking_classic,customer_hangup,0.0
1790365284,64,8cd3b91d-ad8e-494f-8ec3-19326f40f901,0,paired,short,finalizada,,,3.7146293699915987,1.3818853455063742,6.663,0.32,1790365602.265,1790365608.928,1.172,1.021,0.151,0.524,1.092,,0.64,3.7,,2.337,1790365590.21,1790365686.633,2.253,demo_booking_classic,customer_hangup,0.0
1790365284,64,8cd3b91d-ad8e-494f-8ec3-19326f40f901,1,paired,medium,finalizada,,,-3.8254571500001475,1.8458771907997567,2.987,2.6,1790365610.31,1790365613.297,2.141,2.109,0.032,0.376,0.845,,0.771,4.09,,3.288,1790365590.21,1790365686.633,,demo_booking_classic,customer_hangup,0.0
1790365284,64,8cd3b91d-ad8e-494f-8ec3-19326f40f901,2,paired,long,finalizada,,,6.754496713983826,10.0,17.358,3.52,1790365615.143,1790365632.501,1.996,1.928,0.068,0.603,1.892,,0.296,5.61,,2.896,1790365590.21,1790365686.633,4.284,demo_booking_classic,customer_hangup,0.0
1790365284,64,8cd3b91d-ad8e-494f-8ec3-19326f40f901,3,paired,short,finalizada,,,7.555058339989046,1.5329148920294562,14.223,1.0,1790365642.502,1790365656.725,1.984,1.751,0.233,1.265,3.319,,0.379,4.41,,3.627,1790365590.21,1790365686.633,5.551,demo_booking_classic,customer_hangup,0.0
1790365284,64,8cd3b91d-ad8e-494f-8ec3-19326f40f901,4,paired,long,finalizada,,,5.494096555979922,2.315673004758414,15.837,3.06,1790365658.259,1790365674.096,1.446,1.431,0.015,0.298,2.497,,0.111,6.09,,1.855,1790365590.21,1790365686.633,4.045,demo_booking_classic,customer_hangup,0.0
1790365284,64,8cd3b91d-ad8e-494f-8ec3-19326f40f901,5,paired,short,finalizada,,,3.2939897250034846,1.0599987023703012,9.156,0.38,1790365676.413,1790365685.568,1.003,0.538,0.466,0.292,0.794,,0.286,4.33,,1.581,1790365590.21,1790365686.633,1.621,demo_booking_classic,customer_hangup,0.0
1790365284,64,3ee9baf2-725d-4705-a361-297972bdf2a1,0,paired,medium,finalizada,,,7.046120187995257,1.2836659451520354,15.328,2.24,1790365602.814,1790365618.142,2.4,2.285,0.115,0.658,2.126,,0.406,4.57,,3.465,1790365590.446,1790365683.634,4.879,demo_booking_classic,customer_hangup,0.0
1790365284,64,3ee9baf2-725d-4705-a361-297972bdf2a1,1,paired,short,finalizada,,,4.926037952012848,1.816339186651698,11.389,0.38,1790365619.426,1790365630.815,1.648,1.557,0.091,0.394,1.411,,0.176,4.65,,2.217,1790365590.446,1790365683.634,3.243,demo_booking_classic,customer_hangup,0.0
1790365284,64,3ee9baf2-725d-4705-a361-297972bdf2a1,2,paired,short,finalizada,,,5.105803201004164,1.8078844585479832,11.652,0.32,1790365632.632,1790365644.284,1.873,1.699,0.173,0.796,1.77,,0.303,4.18,,2.972,1790365590.446,1790365683.634,3.209,demo_booking_classic,customer_hangup,0.0
1790365284,64,3ee9baf2-725d-4705-a361-297972bdf2a1,3,paired,short,finalizada,,,4.48590789802256,1.7746326624937712,10.323,0.48,1790365646.093,1790365656.416,1.203,1.189,0.015,0.462,0.954,,0.332,4.34,,1.998,1790365590.446,1790365683.634,2.377,demo_booking_classic,customer_hangup,0.0
1790365284,64,3ee9baf2-725d-4705-a361-297972bdf2a1,4,paired,short,finalizada,,,3.026136576983845,3.220764406001778,8.869,0.48,1790365658.192,1790365667.06,0.594,0.584,0.01,0.195,0.535,,0.315,4.18,,1.104,1790365590.446,1790365683.634,1.274,demo_booking_classic,customer_hangup,0.0
1790365284,64,3ee9baf2-725d-4705-a361-297972bdf2a1,5,paired,short,finalizada,,,3.5659042750194203,3.6652153012265103,9.68,0.32,1790365670.282,1790365679.962,1.333,1.164,0.169,0.531,1.42,,0.287,4.5,,2.151,1790365590.446,1790365683.634,2.292,demo_booking_classic,customer_hangup,0.0
1790365284,64,1bfbb2b4-a426-4440-bb70-b7ddb5f53e72,0,paired,long,finalizada,,,7.823167188005755,2.829665745304562,23.197,3.06,1790365602.327,1790365625.524,2.928,2.912,0.016,0.569,2.161,,0.651,10.02,,4.148,1790365590.696,1790365726.985,5.417,demo_booking_classic,customer_hangup,0.0
1790365284,64,1bfbb2b4-a426-4440-bb70-b7ddb5f53e72,1,paired,long,finalizada,,,4.2628857680247165,5.1084434037377005,18.4,3.06,1790365628.355,1790365646.755,1.418,1.41,0.009,0.313,0.925,,0.403,9.46,,2.135,1790365590.696,1790365726.985,2.501,demo_booking_classic,customer_hangup,0.0
1790365284,64,1bfbb2b4-a426-4440-bb70-b7ddb5f53e72,2,paired,medium,finalizada,,,4.462533576006535,2.1352913894351992,16.779,2.24,1790365651.864,1790365668.644,1.848,1.791,0.057,0.493,1.616,,0.196,9.79,,2.536,1790365590.696,1790365726.985,2.817,demo_booking_classic,customer_hangup,0.0
1790365284,64,1bfbb2b4-a426-4440-bb70-b7ddb5f53e72,3,paired,long,finalizada,,,4.922760165005457,2.2434594894347204,19.07,3.06,1790365670.78,1790365689.85,1.331,1.192,0.139,0.635,2.15,,0.198,10.1,,2.164,1790365590.696,1790365726.985,3.285,demo_booking_classic,customer_hangup,0.0
1790365284,64,1bfbb2b4-a426-4440-bb70-b7ddb5f53e72,4,paired,medium,finalizada,,,1.582298533001449,5.77762645767188,13.751,2.24,1790365692.095,1790365705.846,0.401,0.391,0.01,0.193,0.773,,0.047,8.75,,0.641,1790365590.696,1790365726.985,0.727,demo_booking_classic,customer_hangup,0.0
1790365284,64,1bfbb2b4-a426-4440-bb70-b7ddb5f53e72,5,paired,medium,finalizada,,,1.5832206729974132,4.222100365398609,11.133,2.12,1790365711.625,1790365722.758,0.4,0.376,0.024,0.072,0.504,,0.074,6.5,,0.546,1790365590.696,1790365726.985,0.807,demo_booking_classic,customer_hangup,0.0
1790365284,64,10788021-f064-4f37-80d0-ce205c969658,0,paired,short,finalizada,,,6.322906704997877,2.1546195847434437,13.388,0.32,1790365602.947,1790365616.335,2.881,2.677,0.204,0.625,1.402,,0.727,5.14,,4.233,1790365590.946,1790365700.585,4.192,demo_booking_classic,customer_hangup,0.0
1790365284,64,10788021-f064-4f37-80d0-ce205c969658,1,paired,short,finalizada,,,3.8426252850040328,3.4040911340538527,13.292,0.48,1790365618.49,1790365631.782,1.636,1.605,0.03,0.443,1.695,,0.33,7.3,,2.409,1790365590.946,1790365700.585,2.655,demo_booking_classic,customer_hangup,0.0
1790365284,64,10788021-f064-4f37-80d0-ce205c969658,2,paired,short,finalizada,,,4.742314082017401,2.655758599855467,15.068,0.38,1790365635.187,1790365650.255,2.021,1.739,0.283,0.544,2.214,,0.34,7.78,,2.905,1790365590.946,1790365700.585,3.066,demo_booking_classic,customer_hangup,0.0
1790365284,64,10788021-f064-4f37-80d0-ce205c969658,3,paired,long,finalizada,,,3.4426928919856437,2.782676974255085,12.077,3.06,1790365652.912,1790365664.989,1.142,1.129,0.013,0.194,0.507,,0.225,4.41,,1.561,1790365590.946,1790365700.585,1.866,demo_booking_classic,customer_hangup,0.0
1790365284,64,10788021-f064-4f37-80d0-ce205c969658,4,paired,long,finalizada,,,4.9629465239995625,5.337621669963178,14.138,3.52,1790365667.773,1790365681.91,1.721,1.671,0.049,0.304,1.293,,0.42,4.49,,2.445,1790365590.946,1790365700.585,3.51,demo_booking_classic,customer_hangup,0.0
1790365284,64,10788021-f064-4f37-80d0-ce205c969658,5,paired,long,finalizada,,,2.322543387999758,2.281344537856792,11.05,3.52,1790365687.248,1790365698.298,0.573,0.564,0.009,0.194,0.746,,0.097,4.65,,0.864,1790365590.946,1790365700.585,1.412,demo_booking_classic,customer_hangup,0.0
1790365284,96,a77da19e-aea5-4717-9110-64ff511e3c1a,0,client_only,long,finalizada,,,4.8038623580068815,2.8647037478090085,16.11,3.52,1790365740.847,1790365756.958,,,,,,,,,,,1790365730.443,1790365867.506,,demo_booking_classic,customer_hangup,0.0
1790365284,96,a77da19e-aea5-4717-9110-64ff511e3c1a,1,client_only,short,finalizada,,timeout esperando que el agente empiece a responder,,2.585322440795777,15.312,0.32,1790365759.823,1790365775.135,,,,,,,,,,,1790365730.443,1790365867.506,,demo_booking_classic,customer_hangup,0.0
1790365284,96,a77da19e-aea5-4717-9110-64ff511e3c1a,2,client_only,short,finalizada,,,-0.9163834480277728,7.027065639948536,7.843,0.32,1790365777.72,1790365785.563,,,,,,,,,,,1790365730.443,1790365867.506,,demo_booking_classic,customer_hangup,0.0
1790365284,96,a77da19e-aea5-4717-9110-64ff511e3c1a,3,client_only,short,finalizada,,,9.923503397993045,2.4005607426211295,18.78,0.32,1790365792.591,1790365811.371,,,,,,,,,,,1790365730.443,1790365867.506,,demo_booking_classic,customer_hangup,0.0
1790365284,96,a77da19e-aea5-4717-9110-64ff511e3c1a,4,client_only,long,finalizada,,,11.78434132700204,5.1055990473946995,24.748,3.52,1790365813.772,1790365838.521,,,,,,,,,,,1790365730.443,1790365867.506,,demo_booking_classic,customer_hangup,0.0
1790365284,96,a77da19e-aea5-4717-9110-64ff511e3c1a,5,client_only,medium,finalizada,,,13.70382586400956,1.9134169158036471,21.945,2.24,1790365843.627,1790365865.572,,,,,,,,,,,1790365730.443,1790365867.506,,demo_booking_classic,customer_hangup,0.0
1790365284,96,a77da19e-aea5-4717-9110-64ff511e3c1a,0,server_only,,finalizada,,,,,,,,,1.451,1.43,0.021,0.327,0.846,,0.371,4.57,,2.148,1790365730.443,1790365867.506,2.686,demo_booking_classic,customer_hangup,0.0
1790365284,96,a77da19e-aea5-4717-9110-64ff511e3c1a,1,server_only,,finalizada,,,,,,,,,5.38,4.236,1.144,1.759,2.661,,0.481,4.74,,7.62,1790365730.443,1790365867.506,7.88,demo_booking_classic,customer_hangup,0.0
1790365284,96,a77da19e-aea5-4717-9110-64ff511e3c1a,2,server_only,,finalizada,,,,,,,,,4.462,3.53,0.932,0.736,1.664,,0.703,4.66,,5.901,1790365730.443,1790365867.506,6.041,demo_booking_classic,customer_hangup,0.0
1790365284,96,a77da19e-aea5-4717-9110-64ff511e3c1a,3,server_only,,finalizada,,,,,,,,,3.78,3.67,0.111,0.552,2.019,,0.411,4.26,,4.744,1790365730.443,1790365867.506,6.229,demo_booking_classic,customer_hangup,0.0
1790365284,96,a77da19e-aea5-4717-9110-64ff511e3c1a,4,server_only,,finalizada,,,,,,,,,1.567,1.168,0.398,1.341,2.531,,0.23,4.49,,3.138,1790365730.443,1790365867.506,4.062,demo_booking_classic,customer_hangup,0.0
1790365284,96,70f119fa-2ad4-40ad-8a17-68f05813417d,0,client_only,medium,finalizada,,,2.4423351619916502,1.6963282251654441,10.912,2.24,1790365739.079,1790365749.991,,,,,,,,,,,1790365730.747,1790365824.768,,demo_booking_classic,customer_hangup,0.0
1790365284,96,70f119fa-2ad4-40ad-8a17-68f05813417d,1,client_only,short,finalizada,,,8.04227760800859,1.3555768824582095,13.432,0.38,1790365751.688,1790365765.12,,,,,,,,,,,1790365730.747,1790365824.768,,demo_booking_classic,customer_hangup,0.0
1790365284,96,70f119fa-2ad4-40ad-8a17-68f05813417d,2,client_only,long,finalizada,,,-3.2976574180065654,1.5038971582560738,3.764,3.06,1790365766.476,1790365770.24,,,,,,,,,,,1790365730.747,1790365824.768,,demo_booking_classic,customer_hangup,0.0
1790365284,96,70f119fa-2ad4-40ad-8a17-68f05813417d,3,client_only,medium,finalizada,,timeout esperando que el agente empiece a responder,,2.072357510130405,17.604,2.6,1790365771.745,1790365789.349,,,,,,,,,,,1790365730.747,1790365824.768,,demo_booking_classic,customer_hangup,0.0
1790365284,96,70f119fa-2ad4-40ad-8a17-68f05813417d,4,client_only,long,finalizada,,,-3.9373890589922667,2.869841492927804,13.085,3.06,1790365791.422,1790365804.507,,,,,,,,,,,1790365730.747,1790365824.768,,demo_booking_classic,customer_hangup,0.0
1790365284,96,70f119fa-2ad4-40ad-8a17-68f05813417d,5,client_only,short,finalizada,,timeout esperando que el agente empiece a responder,,1.8635537775301276,15.475,0.48,1790365807.379,1790365822.854,,,,,,,,,,,1790365730.747,1790365824.768,,demo_booking_classic,customer_hangup,0.0
1790365284,96,70f119fa-2ad4-40ad-8a17-68f05813417d,0,server_only,,finalizada,,,,,,,,,0.602,0.582,0.019,0.195,0.45,,0.268,4.5,,1.064,1790365730.747,1790365824.768,1.113,demo_booking_classic,customer_hangup,0.0
1790365284,96,70f119fa-2ad4-40ad-8a17-68f05813417d,1,server_only,,finalizada,,,,,,,,,1.495,1.466,0.029,1.077,1.953,,0.931,3.78,,3.502,1790365730.747,1790365824.768,3.773,demo_booking_classic,customer_hangup,0.0
1790365284,96,70f119fa-2ad4-40ad-8a17-68f05813417d,2,server_only,,finalizada,,,,,,,,,2.056,2.041,0.014,0.322,0.925,,0.429,4.62,,2.807,1790365730.747,1790365824.768,3.336,demo_booking_classic,customer_hangup,0.0
1790365284,96,70f119fa-2ad4-40ad-8a17-68f05813417d,3,server_only,,finalizada,,,,,,,,,2.255,2.253,0.002,0.857,2.876,,0.824,7.38,,3.936,1790365730.747,1790365824.768,6.046,demo_booking_classic,customer_hangup,0.0
1790365284,96,70f119fa-2ad4-40ad-8a17-68f05813417d,4,server_only,,finalizada,,,,,,,,,0.892,0.88,0.013,0.552,0.943,,1.882,4.17,,3.326,1790365730.747,1790365824.768,3.743,demo_booking_classic,customer_hangup,0.0
1790365284,96,4f4926f4-625b-463f-a385-848ed43b91a5,0,client_only,medium,finalizada,,,2.4856636470067315,4.203433087122893,10.605,2.24,1790365739.716,1790365750.321,,,,,,,,,,,1790365730.988,1790365849.655,,demo_booking_classic,customer_hangup,0.0
1790365284,96,4f4926f4-625b-463f-a385-848ed43b91a5,1,client_only,short,finalizada,,,6.904953861987451,1.1279606399275968,9.914,0.32,1790365754.525,1790365764.439,,,,,,,,,,,1790365730.988,1790365849.655,,demo_booking_classic,customer_hangup,0.0
1790365284,96,4f4926f4-625b-463f-a385-848ed43b91a5,2,client_only,long,finalizada,,,-3.4944030879996717,2.6987405634745167,9.376,3.52,1790365765.568,1790365774.944,,,,,,,,,,,1790365730.988,1790365849.655,,demo_booking_classic,customer_hangup,0.0
1790365284,96,4f4926f4-625b-463f-a385-848ed43b91a5,3,client_only,long,finalizada,,,11.545851561008021,2.8018958819670767,19.741,3.52,1790365777.643,1790365797.384,,,,,,,,,,,1790365730.988,1790365849.655,,demo_booking_classic,customer_hangup,0.0
1790365284,96,4f4926f4-625b-463f-a385-848ed43b91a5,4,client_only,medium,finalizada,,,-4.274833695002599,1.3675054118067618,15.357,2.12,1790365800.187,1790365815.544,,,,,,,,,,,1790365730.988,1790365849.655,,demo_booking_classic,customer_hangup,0.0
1790365284,96,4f4926f4-625b-463f-a385-848ed43b91a5,5,client_only,short,finalizada,,,12.205083187989658,1.4621380432006077,31.273,0.32,1790365816.912,1790365848.185,,,,,,,,,,,1790365730.988,1790365849.655,,demo_booking_classic,customer_hangup,0.0
1790365284,96,4f4926f4-625b-463f-a385-848ed43b91a5,0,server_only,,finalizada,,,,,,,,,0.662,0.654,0.008,0.134,0.489,,0.219,4.18,,1.015,1790365730.988,1790365849.655,1.174,demo_booking_classic,customer_hangup,0.0
1790365284,96,4f4926f4-625b-463f-a385-848ed43b91a5,1,server_only,,finalizada,,,,,,,,,1.17,1.101,0.069,0.893,2.301,,1.25,4.26,,3.312,1790365730.988,1790365849.655,4.139,demo_booking_classic,customer_hangup,0.0
1790365284,96,4f4926f4-625b-463f-a385-848ed43b91a5,2,server_only,,finalizada,,,,,,,,,3.062,2.328,0.734,1.201,3.424,,1.149,6.73,,5.412,1790365730.988,1790365849.655,7.765,demo_booking_classic,customer_hangup,0.0
1790365284,96,4f4926f4-625b-463f-a385-848ed43b91a5,3,server_only,,finalizada,,,,,,,,,3.36,2.617,0.743,0.761,2.712,,1.7,10.02,,5.82,1790365730.988,1790365849.655,7.395,demo_booking_classic,customer_hangup,0.0
1790365284,96,ac444ceb-abea-4812-ad82-37ad13940a1c,0,client_only,short,finalizada,,,2.5207514179928694,3.2706048783242356,8.116,0.32,1790365739.141,1790365747.257,,,,,,,,,,,1790365731.238,1790365839.924,,demo_booking_classic,customer_hangup,0.0
1790365284,96,ac444ceb-abea-4812-ad82-37ad13940a1c,1,client_only,long,finalizada,,,11.541076953988522,2.3425915073259524,21.4,3.06,1790365750.528,1790365771.928,,,,,,,,,,,1790365731.238,1790365839.924,,demo_booking_classic,customer_hangup,0.0
1790365284,96,ac444ceb-abea-4812-ad82-37ad13940a1c,2,client_only,short,finalizada,,timeout esperando que el agente empiece a responder,,1.9903240555491932,15.385,0.38,1790365774.271,1790365789.657,,,,,,,,,,,1790365731.238,1790365839.924,,demo_booking_classic,customer_hangup,0.0
1790365284,96,ac444ceb-abea-4812-ad82-37ad13940a1c,3,client_only,medium,finalizada,,,0.08032424200791866,1.9864777328981438,11.197,2.6,1790365791.648,1790365802.844,,,,,,,,,,,1790365731.238,1790365839.924,,demo_booking_classic,customer_hangup,0.0
1790365284,96,ac444ceb-abea-4812-ad82-37ad13940a1c,4,client_only,medium,finalizada,,timeout esperando que el agente empiece a responder,,1.736472464111171,17.601,2.6,1790365804.832,1790365822.433,,,,,,,,,,,1790365731.238,1790365839.924,,demo_booking_classic,customer_hangup,0.0
1790365284,96,ac444ceb-abea-4812-ad82-37ad13940a1c,5,client_only,short,finalizada,,,4.401220449974062,2.942479340695943,12.805,0.48,1790365824.171,1790365836.975,,,,,,,,,,,1790365731.238,1790365839.924,,demo_booking_classic,customer_hangup,0.0
1790365284,96,ac444ceb-abea-4812-ad82-37ad13940a1c,0,server_only,,finalizada,,,,,,,,,1.001,0.431,0.57,0.145,0.405,,0.265,3.86,,1.411,1790365731.238,1790365839.924,1.27,demo_booking_classic,customer_hangup,0.0
1790365284,96,ac444ceb-abea-4812-ad82-37ad13940a1c,1,server_only,,finalizada,,,,,,,,,2.671,2.442,0.229,1.646,2.742,,0.851,5.05,,5.168,1790365731.238,1790365839.924,6.508,demo_booking_classic,customer_hangup,0.0
1790365284,96,ac444ceb-abea-4812-ad82-37ad13940a1c,2,server_only,,finalizada,,,,,,,,,2.961,1.892,1.069,0.326,1.129,,2.157,4.33,,5.444,1790365731.238,1790365839.924,5.336,demo_booking_classic,customer_hangup,0.0
1790365284,96,ac444ceb-abea-4812-ad82-37ad13940a1c,3,server_only,,finalizada,,,,,,,,,0.657,0.229,0.428,0.792,2.47,,0.646,5.46,,2.095,1790365731.238,1790365839.924,3.372,demo_booking_classic,customer_hangup,0.0
1790365284,96,f316ad76-af83-4af3-9b00-d2404b34532f,0,client_only,long,finalizada,,,4.9354814880061895,3.6744003624653705,14.933,3.52,1790365740.441,1790365755.374,,,,,,,,,,,1790365731.682,1790365863.891,,demo_booking_classic,customer_hangup,0.0
1790365284,96,f316ad76-af83-4af3-9b00-d2404b34532f,1,client_only,short,finalizada,,,12.315869624988409,2.7762478009418494,20.798,0.48,1790365759.049,1790365779.847,,,,,,,,,,,1790365731.682,1790365863.891,,demo_booking_classic,customer_hangup,0.0
1790365284,96,f316ad76-af83-4af3-9b00-d2404b34532f,2,client_only,short,finalizada,,timeout esperando que el agente empiece a responder,,1.1195382058633088,15.381,0.38,1790365782.624,1790365798.005,,,,,,,,,,,1790365731.682,1790365863.891,,demo_booking_classic,customer_hangup,0.0
1790365284,96,f316ad76-af83-4af3-9b00-d2404b34532f,3,client_only,medium,finalizada,,,3.675772179994965,2.7952146934120456,20.724,2.12,1790365799.125,1790365819.849,,,,,,,,,,,1790365731.682,1790365863.891,,demo_booking_classic,customer_hangup,0.0
1790365284,96,f316ad76-af83-4af3-9b00-d2404b34532f,4,client_only,short,finalizada,,,9.635546245990554,6.275579473826088,16.449,0.48,1790365822.645,1790365839.094,,,,,,,,,,,1790365731.682,1790365863.891,,demo_booking_classic,customer_hangup,0.0
1790365284,96,f316ad76-af83-4af3-9b00-d2404b34532f,5,client_only,short,finalizada,,,5.715422628010856,4.682194407131566,13.833,1.0,1790365845.37,1790365859.203,,,,,,,,,,,1790365731.682,1790365863.891,,demo_booking_classic,customer_hangup,0.0
1790365284,96,f316ad76-af83-4af3-9b00-d2404b34532f,0,server_only,,finalizada,,,,,,,,,1.451,1.423,0.028,0.308,0.993,,0.32,4.41,,2.078,1790365731.682,1790365863.891,2.761,demo_booking_classic,customer_hangup,0.0
1790365284,96,f316ad76-af83-4af3-9b00-d2404b34532f,1,server_only,,finalizada,,,,,,,,,3.837,3.491,0.346,0.665,1.108,,1.303,4.65,,5.804,1790365731.682,1790365863.891,6.654,demo_booking_classic,customer_hangup,0.0
1790365284,96,f316ad76-af83-4af3-9b00-d2404b34532f,2,server_only,,finalizada,,,,,,,,,5.528,4.589,0.94,1.108,2.792,,0.542,8.1,,7.179,1790365731.682,1790365863.891,8.435,demo_booking_classic,customer_hangup,0.0
1790365284,96,f316ad76-af83-4af3-9b00-d2404b34532f,3,server_only,,finalizada,,,,,,,,,2.585,2.363,0.222,0.809,1.985,,0.239,4.73,,3.633,1790365731.682,1790365863.891,4.79,demo_booking_classic,customer_hangup,0.0
1790365284,96,f316ad76-af83-4af3-9b00-d2404b34532f,4,server_only,,finalizada,,,,,,,,,2.38,2.353,0.027,0.711,1.142,,0.509,4.41,,3.6,1790365731.682,1790365863.891,4.044,demo_booking_classic,customer_hangup,0.0
1790365284,96,054a62c6-bbf8-48ff-b60e-cf22f09d46d6,0,client_only,short,finalizada,,,3.236641301016789,5.054324091345511,14.788,0.48,1790365740.049,1790365754.838,,,,,,,,,,,1790365731.932,1790365834.658,,demo_booking_classic,customer_hangup,0.0
1790365284,96,054a62c6-bbf8-48ff-b60e-cf22f09d46d6,1,client_only,short,finalizada,,,-5.082710691989632,2.4370201000865914,17.421,0.38,1790365759.893,1790365777.314,,,,,,,,,,,1790365731.932,1790365834.658,,demo_booking_classic,customer_hangup,0.0
1790365284,96,054a62c6-bbf8-48ff-b60e-cf22f09d46d6,2,client_only,long,finalizada,,,-0.30258740900899284,1.0,10.611,3.06,1790365779.752,1790365790.363,,,,,,,,,,,1790365731.932,1790365834.658,,demo_booking_classic,customer_hangup,0.0
1790365284,96,054a62c6-bbf8-48ff-b60e-cf22f09d46d6,3,client_only,short,finalizada,,timeout esperando que el agente empiece a responder,,3.4446523793429926,16.006,1.0,1790365791.364,1790365807.369,,,,,,,,,,,1790365731.932,1790365834.658,,demo_booking_classic,customer_hangup,0.0
1790365284,96,054a62c6-bbf8-48ff-b60e-cf22f09d46d6,4,client_only,short,finalizada,,,-1.602523474022746,8.429699222131104,8.028,0.38,1790365810.814,1790365818.843,,,,,,,,,,,1790365731.932,1790365834.658,,demo_booking_classic,customer_hangup,0.0
1790365284,96,054a62c6-bbf8-48ff-b60e-cf22f09d46d6,5,client_only,long,finalizada,,,-4.322419983014697,1.9860960504381666,5.365,3.52,1790365827.273,1790365832.638,,,,,,,,,,,1790365731.932,1790365834.658,,demo_booking_classic,customer_hangup,0.0
1790365284,96,054a62c6-bbf8-48ff-b60e-cf22f09d46d6,0,server_only,,finalizada,,,,,,,,,0.47,0.462,0.008,0.132,1.325,,0.23,21.79,,0.832,1790365731.932,1790365834.658,1.462,demo_booking_classic,customer_hangup,0.0
1790365284,96,054a62c6-bbf8-48ff-b60e-cf22f09d46d6,1,server_only,,finalizada,,,,,,,,,2.323,2.193,0.131,2.161,2.233,,0.663,4.97,,5.147,1790365731.932,1790365834.658,5.32,demo_booking_classic,customer_hangup,0.0
1790365284,96,054a62c6-bbf8-48ff-b60e-cf22f09d46d6,2,server_only,,finalizada,,,,,,,,,2.129,2.084,0.045,0.254,0.71,,0.42,4.33,,2.802,1790365731.932,1790365834.658,3.563,demo_booking_classic,customer_hangup,0.0
1790365284,96,054a62c6-bbf8-48ff-b60e-cf22f09d46d6,3,server_only,,finalizada,,,,,,,,,3.17,2.666,0.505,0.526,1.854,,0.424,4.82,,4.12,1790365731.932,1790365834.658,4.988,demo_booking_classic,customer_hangup,0.0
1790365284,96,5c3236c5-7c5c-404b-9cd8-99be51d025fb,0,client_only,medium,finalizada,,,4.404150113987271,1.0,13.627,2.24,1790365742.293,1790365755.92,,,,,,,,,,,1790365732.181,1790365840.012,,demo_booking_classic,customer_hangup,0.0
1790365284,96,5c3236c5-7c5c-404b-9cd8-99be51d025fb,1,client_only,short,finalizada,,,7.883893636986613,1.3743074479600454,16.33,0.48,1790365756.921,1790365773.251,,,,,,,,,,,1790365732.181,1790365840.012,,demo_booking_classic,customer_hangup,0.0
1790365284,96,5c3236c5-7c5c-404b-9cd8-99be51d025fb,2,client_only,long,finalizada,,timeout esperando que el agente empiece a responder,,3.498872347595701,18.516,3.52,1790365774.626,1790365793.142,,,,,,,,,,,1790365732.181,1790365840.012,,demo_booking_classic,customer_hangup,0.0
1790365284,96,5c3236c5-7c5c-404b-9cd8-99be51d025fb,3,client_only,short,finalizada,,,-2.115545815002406,3.338859085822612,9.969,0.32,1790365796.642,1790365806.61,,,,,,,,,,,1790365732.181,1790365840.012,,demo_booking_classic,customer_hangup,0.0
1790365284,96,5c3236c5-7c5c-404b-9cd8-99be51d025fb,4,client_only,short,finalizada,,timeout esperando que el agente empiece a responder,,1.997153392743677,15.375,0.38,1790365809.95,1790365825.325,,,,,,,,,,,1790365732.181,1790365840.012,,demo_booking_classic,customer_hangup,0.0
1790365284,96,5c3236c5-7c5c-404b-9cd8-99be51d025fb,5,client_only,medium,finalizada,,,-4.075647401012247,4.322326462338133,8.359,2.6,1790365827.323,1790365835.681,,,,,,,,,,,1790365732.181,1790365840.012,,demo_booking_classic,customer_hangup,0.0
1790365284,96,5c3236c5-7c5c-404b-9cd8-99be51d025fb,0,server_only,,finalizada,,,,,,,,,1.236,1.224,0.012,0.33,0.807,,0.288,4.66,,1.854,1790365732.181,1790365840.012,2.113,demo_booking_classic,customer_hangup,0.0
1790365284,96,5c3236c5-7c5c-404b-9cd8-99be51d025fb,1,server_only,,finalizada,,,,,,,,,1.442,0.89,0.552,0.347,1.747,,2.332,4.26,,4.122,1790365732.181,1790365840.012,4.537,demo_booking_classic,customer_hangup,0.0
1790365284,96,5c3236c5-7c5c-404b-9cd8-99be51d025fb,2,server_only,,finalizada,,,,,,,,,3.405,3.285,0.12,0.617,2.729,,0.808,6.81,,4.83,1790365732.181,1790365840.012,6.941,demo_booking_classic,customer_hangup,0.0
1790365284,96,5c3236c5-7c5c-404b-9cd8-99be51d025fb,3,server_only,,finalizada,,,,,,,,,4.563,4.547,0.016,0.324,1.127,,0.748,3.86,,5.635,1790365732.181,1790365840.012,6.13,demo_booking_classic,customer_hangup,0.0
1790365284,96,5bc0eaa9-f846-4637-80a5-76a950c14282,0,client_only,short,finalizada,,timeout esperando que el agente termine de hablar,3.720481652999297,2.107038831985955,29.723,1.0,1790365740.997,1790365770.72,,,,,,,,,,,1790365732.431,1790365835.506,,demo_booking_classic,customer_hangup,0.0
1790365284,96,5bc0eaa9-f846-4637-80a5-76a950c14282,1,client_only,short,finalizada,,,-28.119767744996352,3.491545984847801,7.287,1.0,1790365772.828,1790365780.115,,,,,,,,,,,1790365732.431,1790365835.506,,demo_booking_classic,customer_hangup,0.0
1790365284,96,5bc0eaa9-f846-4637-80a5-76a950c14282,2,client_only,short,finalizada,,timeout esperando que el agente empiece a responder,,2.910141967136156,15.386,0.38,1790365783.608,1790365798.993,,,,,,,,,,,1790365732.431,1790365835.506,,demo_booking_classic,customer_hangup,0.0
1790365284,96,5bc0eaa9-f846-4637-80a5-76a950c14282,3,client_only,short,finalizada,,,1.919612691999646,2.667602571387306,6.643,0.32,1790365801.904,1790365808.547,,,,,,,,,,,1790365732.431,1790365835.506,,demo_booking_classic,customer_hangup,0.0
1790365284,96,5bc0eaa9-f846-4637-80a5-76a950c14282,4,client_only,long,finalizada,,,-5.080030806013383,4.847306010269726,4.773,3.06,1790365811.216,1790365815.989,,,,,,,,,,,1790365732.431,1790365835.506,,demo_booking_classic,customer_hangup,0.0
1790365284,96,5bc0eaa9-f846-4637-80a5-76a950c14282,5,client_only,long,finalizada,,,-3.759862698003417,1.672788559823463,12.991,3.52,1790365820.837,1790365833.827,,,,,,,,,,,1790365732.431,1790365835.506,,demo_booking_classic,customer_hangup,0.0
1790365284,96,5bc0eaa9-f846-4637-80a5-76a950c14282,0,server_only,,finalizada,,,,,,,,,0.724,0.716,0.008,0.132,1.458,,0.448,20.11,,1.305,1790365732.431,1790365835.506,2.085,demo_booking_classic,customer_hangup,0.0
1790365284,96,5bc0eaa9-f846-4637-80a5-76a950c14282,1,server_only,,finalizada,,,,,,,,,1.924,1.564,0.36,0.957,2.891,,0.521,16.42,,3.402,1790365732.431,1790365835.506,4.195,demo_booking_classic,customer_hangup,0.0
1790365284,96,5bc0eaa9-f846-4637-80a5-76a950c14282,2,server_only,,finalizada,,,,,,,,,8.105,7.977,0.127,1.015,4.723,,0.747,16.66,,9.867,1790365732.431,1790365835.506,12.643,demo_booking_classic,customer_hangup,0.0
1790365284,96,5e1e6eb9-4445-49f7-8f49-623bd6690643,0,client_only,medium,finalizada,,timeout esperando que el agente termine de hablar,4.437417228007689,3.3740285791622053,32.048,2.6,1790365740.476,1790365772.524,,,,,,,,,,,1790365732.615,1790365824.954,,demo_booking_classic,customer_hangup,0.0
1790365284,96,5e1e6eb9-4445-49f7-8f49-623bd6690643,1,client_only,short,finalizada,,,-1.7223776149912737,2.7941455317757233,2.127,1.0,1790365775.899,1790365778.026,,,,,,,,,,,1790365732.615,1790365824.954,,demo_booking_classic,customer_hangup,0.0
1790365284,96,5e1e6eb9-4445-49f7-8f49-623bd6690643,2,client_only,short,finalizada,,,-2.3830749680055305,4.593206193282164,7.892,0.38,1790365780.82,1790365788.712,,,,,,,,,,,1790365732.615,1790365824.954,,demo_booking_classic,customer_hangup,0.0
1790365284,96,5e1e6eb9-4445-49f7-8f49-623bd6690643,3,client_only,medium,finalizada,,timeout esperando que el agente empiece a responder,,2.0590715531291934,17.123,2.12,1790365793.306,1790365810.429,,,,,,,,,,,1790365732.615,1790365824.954,,demo_booking_classic,customer_hangup,0.0
1790365284,96,5e1e6eb9-4445-49f7-8f49-623bd6690643,4,client_only,short,finalizada,,,-0.04243390299961902,1.16207961580366,2.903,0.38,1790365812.489,1790365815.392,,,,,,,,,,,1790365732.615,1790365824.954,,demo_booking_classic,customer_hangup,0.0
1790365284,96,5e1e6eb9-4445-49f7-8f49-623bd6690643,5,client_only,long,finalizada,,,-3.662700165004935,1.4856485617953943,6.909,3.06,1790365816.555,1790365823.464,,,,,,,,,,,1790365732.615,1790365824.954,,demo_booking_classic,customer_hangup,0.0
1790365284,96,5e1e6eb9-4445-49f7-8f49-623bd6690643,0,server_only,,finalizada,,,,,,,,,1.002,0.973,0.029,0.201,1.812,,0.292,22.75,,1.495,1790365732.615,1790365824.954,2.532,demo_booking_classic,customer_hangup,0.0
1790365284,96,5e1e6eb9-4445-49f7-8f49-623bd6690643,1,server_only,,finalizada,,,,,,,,,3.099,2.9,0.199,2.254,3.563,,0.745,2.08,,6.099,1790365732.615,1790365824.954,,demo_booking_classic,customer_hangup,0.0
1790365284,96,5e1e6eb9-4445-49f7-8f49-623bd6690643,2,server_only,,finalizada,,,,,,,,,2.837,2.473,0.365,0.357,0.695,,0.497,4.49,,3.691,1790365732.615,1790365824.954,5.588,demo_booking_classic,customer_hangup,0.0
1790365284,96,c886ae51-87c1-4179-891a-ec32c8d0d692,0,client_only,short,finalizada,,,4.0150457579875365,1.6585628136464161,12.794,0.38,1790365743.428,1790365756.223,,,,,,,,,,,1790365732.864,1790365855.315,,demo_booking_classic,customer_hangup,0.0
1790365284,96,c886ae51-87c1-4179-891a-ec32c8d0d692,1,client_only,medium,finalizada,,,9.054984271002468,1.9905074575636479,21.7,2.6,1790365757.882,1790365779.583,,,,,,,,,,,1790365732.864,1790365855.315,,demo_booking_classic,customer_hangup,0.0
1790365284,96,c886ae51-87c1-4179-891a-ec32c8d0d692,2,client_only,short,finalizada,,timeout esperando que el agente empiece a responder,,2.2821172747825718,16.002,1.0,1790365781.574,1790365797.576,,,,,,,,,,,1790365732.864,1790365855.315,,demo_booking_classic,customer_hangup,0.0
1790365284,96,c886ae51-87c1-4179-891a-ec32c8d0d692,3,client_only,short,finalizada,,,-1.604925315012224,4.033857892416255,21.0,0.48,1790365799.858,1790365820.858,,,,,,,,,,,1790365732.864,1790365855.315,,demo_booking_classic,customer_hangup,0.0
1790365284,96,c886ae51-87c1-4179-891a-ec32c8d0d692,4,client_only,short,finalizada,,,-4.484565692022443,1.851999710967738,12.8,0.48,1790365824.893,1790365837.693,,,,,,,,,,,1790365732.864,1790365855.315,,demo_booking_classic,customer_hangup,0.0
1790365284,96,c886ae51-87c1-4179-891a-ec32c8d0d692,5,client_only,medium,finalizada,,,2.1549381270015147,3.0812519832726446,12.672,2.24,1790365839.546,1790365852.218,,,,,,,,,,,1790365732.864,1790365855.315,,demo_booking_classic,customer_hangup,0.0
1790365284,96,c886ae51-87c1-4179-891a-ec32c8d0d692,0,server_only,,finalizada,,,,,,,,,1.001,0.816,0.186,0.321,0.736,,0.469,5.61,,1.791,1790365732.864,1790365855.315,2.077,demo_booking_classic,customer_hangup,0.0
1790365284,96,c886ae51-87c1-4179-891a-ec32c8d0d692,1,server_only,,finalizada,,,,,,,,,1.904,1.746,0.158,0.305,0.759,,0.572,5.7,,2.78,1790365732.864,1790365855.315,3.128,demo_booking_classic,customer_hangup,0.0
1790365284,96,c886ae51-87c1-4179-891a-ec32c8d0d692,2,server_only,,finalizada,,,,,,,,,2.652,2.174,0.478,1.152,2.932,,0.954,20.51,,4.759,1790365732.864,1790365855.315,6.285,demo_booking_classic,customer_hangup,0.0
1790365284,96,c886ae51-87c1-4179-891a-ec32c8d0d692,3,server_only,,finalizada,,,,,,,,,2.438,2.305,0.132,0.525,2.117,,0.827,4.41,,3.789,1790365732.864,1790365855.315,6.117,demo_booking_classic,customer_hangup,0.0
1790365284,96,72c2ad94-0a7f-4824-9ae0-629ff6cfdfbc,0,client_only,medium,finalizada,,,3.760824852011865,1.7635488411862446,14.748,2.24,1790365742.463,1790365757.21,,,,,,,,,,,1790365733.115,1790365839.656,,demo_booking_classic,customer_hangup,0.0
1790365284,96,72c2ad94-0a7f-4824-9ae0-629ff6cfdfbc,1,client_only,short,finalizada,,,11.56148142600432,1.4532769031770898,20.361,0.48,1790365758.975,1790365779.336,,,,,,,,,,,1790365733.115,1790365839.656,,demo_booking_classic,customer_hangup,0.0
1790365284,96,72c2ad94-0a7f-4824-9ae0-629ff6cfdfbc,2,client_only,long,finalizada,,timeout esperando que el agente empiece a responder,,3.3185147774426125,18.06,3.06,1790365780.789,1790365798.849,,,,,,,,,,,1790365733.115,1790365839.656,,demo_booking_classic,customer_hangup,0.0
1790365284,96,72c2ad94-0a7f-4824-9ae0-629ff6cfdfbc,3,client_only,medium,finalizada,,,-2.398893979989225,1.7385553622341892,9.839,2.6,1790365802.168,1790365812.007,,,,,,,,,,,1790365733.115,1790365839.656,,demo_booking_classic,customer_hangup,0.0
1790365284,96,72c2ad94-0a7f-4824-9ae0-629ff6cfdfbc,4,client_only,short,finalizada,,,13.260356379993027,1.4488810006960742,19.715,0.32,1790365813.746,1790365833.461,,,,,,,,,,,1790365733.115,1790365839.656,,demo_booking_classic,customer_hangup,0.0
1790365284,96,72c2ad94-0a7f-4824-9ae0-629ff6cfdfbc,5,client_only,short,finalizada,,,-1.3192411530180834,4.155729466643995,0.58,0.38,1790365834.91,1790365835.49,,,,,,,,,,,1790365733.115,1790365839.656,,demo_booking_classic,customer_hangup,0.0
1790365284,96,72c2ad94-0a7f-4824-9ae0-629ff6cfdfbc,0,server_only,,finalizada,,,,,,,,,1.146,1.133,0.013,0.221,0.773,,0.287,6.02,,1.654,1790365733.115,1790365839.656,2.021,demo_booking_classic,customer_hangup,0.0
1790365284,96,72c2ad94-0a7f-4824-9ae0-629ff6cfdfbc,1,server_only,,finalizada,,,,,,,,,1.582,1.259,0.323,0.48,1.042,,0.602,4.81,,2.663,1790365733.115,1790365839.656,3.165,demo_booking_classic,customer_hangup,0.0
1790365284,96,72c2ad94-0a7f-4824-9ae0-629ff6cfdfbc,2,server_only,,finalizada,,,,,,,,,1.842,1.83,0.012,0.527,1.629,,0.562,4.73,,2.932,1790365733.115,1790365839.656,4.077,demo_booking_classic,customer_hangup,0.0
1790365284,96,72c2ad94-0a7f-4824-9ae0-629ff6cfdfbc,3,server_only,,finalizada,,,,,,,,,1.927,1.715,0.212,0.653,2.072,,0.552,7.14,,3.132,1790365733.115,1790365839.656,4.49,demo_booking_classic,customer_hangup,0.0
1790365284,96,fc01f159-869f-4456-90eb-9dee44bab941,0,client_only,short,finalizada,,,4.669977593002841,2.469148753471156,12.797,0.38,1790365744.413,1790365757.21,,,,,,,,,,,1790365733.364,1790365868.429,,demo_booking_classic,customer_hangup,0.0
1790365284,96,fc01f159-869f-4456-90eb-9dee44bab941,1,client_only,long,finalizada,,,8.990731628000503,5.460922957390723,16.382,3.06,1790365759.68,1790365776.062,,,,,,,,,,,1790365733.364,1790365868.429,,demo_booking_classic,customer_hangup,0.0
1790365284,96,fc01f159-869f-4456-90eb-9dee44bab941,2,client_only,short,finalizada,,,13.810008172004018,3.047986168854073,25.982,1.0,1790365781.524,1790365807.505,,,,,,,,,,,1790365733.364,1790365868.429,,demo_booking_classic,customer_hangup,0.0
1790365284,96,fc01f159-869f-4456-90eb-9dee44bab941,3,client_only,short,finalizada,,timeout esperando que el agente empiece a responder,,1.2593909994075236,15.987,1.0,1790365810.555,1790365826.542,,,,,,,,,,,1790365733.364,1790365868.429,,demo_booking_classic,customer_hangup,0.0
1790365284,96,fc01f159-869f-4456-90eb-9dee44bab941,4,client_only,short,finalizada,,,9.970702077000169,1.452601961703245,19.248,0.48,1790365827.802,1790365847.05,,,,,,,,,,,1790365733.364,1790365868.429,,demo_booking_classic,customer_hangup,0.0
1790365284,96,fc01f159-869f-4456-90eb-9dee44bab941,5,client_only,short,finalizada,,,10.86972099498962,1.6836030167796838,18.232,0.48,1790365848.503,1790365866.735,,,,,,,,,,,1790365733.364,1790365868.429,,demo_booking_classic,customer_hangup,0.0
1790365284,96,fc01f159-869f-4456-90eb-9dee44bab941,0,server_only,,finalizada,,,,,,,,,1.097,1.079,0.018,0.332,0.797,,0.274,4.89,,1.703,1790365733.364,1790365868.429,2.163,demo_booking_classic,customer_hangup,0.0
1790365284,96,fc01f159-869f-4456-90eb-9dee44bab941,1,server_only,,finalizada,,,,,,,,,1.701,1.557,0.144,1.107,1.663,,0.949,4.49,,3.757,1790365733.364,1790365868.429,4.314,demo_booking_classic,customer_hangup,0.0
1790365284,96,fc01f159-869f-4456-90eb-9dee44bab941,2,server_only,,finalizada,,,,,,,,,0.78,0.0,0.78,1.004,1.403,,0.592,4.57,,2.376,1790365733.364,1790365868.429,1.689,demo_booking_classic,customer_hangup,0.0
1790365284,96,fc01f159-869f-4456-90eb-9dee44bab941,3,server_only,,finalizada,,,,,,,,,1.917,0.0,1.917,1.172,1.989,,0.267,4.25,,3.357,1790365733.364,1790365868.429,2.399,demo_booking_classic,customer_hangup,0.0
1790365284,96,fc01f159-869f-4456-90eb-9dee44bab941,4,server_only,,finalizada,,,,,,,,,1.496,1.018,0.478,0.932,2.602,,0.486,4.89,,2.914,1790365733.364,1790365868.429,4.495,demo_booking_classic,customer_hangup,0.0
1790365284,96,67ea6396-ad40-4d01-acda-48bf30d70b91,0,client_only,medium,finalizada,,,6.248961862002034,1.0,11.881,2.24,1790365745.441,1790365757.321,,,,,,,,,,,1790365734.037,1790365805.479,,demo_booking_classic,customer_hangup,0.0
1790365284,96,67ea6396-ad40-4d01-acda-48bf30d70b91,1,client_only,medium,finalizada,,,-2.371838125982322,3.148059817440279,4.28,2.12,1790365758.322,1790365762.602,,,,,,,,,,,1790365734.037,1790365805.479,,demo_booking_classic,customer_hangup,0.0
1790365284,96,67ea6396-ad40-4d01-acda-48bf30d70b91,2,client_only,medium,finalizada,,,-0.07127097400370985,1.0,9.576,2.6,1790365765.75,1790365775.326,,,,,,,,,,,1790365734.037,1790365805.479,,demo_booking_classic,customer_hangup,0.0
1790365284,96,67ea6396-ad40-4d01-acda-48bf30d70b91,3,client_only,short,finalizada,,,-0.17104451201157644,2.435186583750489,5.587,1.0,1790365776.326,1790365781.913,,,,,,,,,,,1790365734.037,1790365805.479,,demo_booking_classic,customer_hangup,0.0
1790365284,96,67ea6396-ad40-4d01-acda-48bf30d70b91,4,client_only,medium,finalizada,,,-0.7517013110045809,2.6993227541042764,4.803,2.24,1790365784.348,1790365789.151,,,,,,,,,,,1790365734.037,1790365805.479,,demo_booking_classic,customer_hangup,0.0
1790365284,96,67ea6396-ad40-4d01-acda-48bf30d70b91,5,client_only,medium,finalizada,,,-1.8917747870145831,4.113908342983254,9.507,2.24,1790365791.852,1790365801.359,,,,,,,,,,,1790365734.037,1790365805.479,,demo_booking_classic,customer_hangup,0.0
1790365284,96,67ea6396-ad40-4d01-acda-48bf30d70b91,0,server_only,,finalizada,,,,,,,,,2.45,2.205,0.245,0.563,1.365,,0.587,4.9,,3.599,1790365734.037,1790365805.479,4.29,demo_booking_classic,customer_hangup,0.0
1790365284,96,67ea6396-ad40-4d01-acda-48bf30d70b91,1,server_only,,finalizada,,,,,,,,,1.655,1.64,0.016,0.187,0.885,,0.71,7.54,,2.553,1790365734.037,1790365805.479,3.133,demo_booking_classic,customer_hangup,0.0
1790365284,96,67ea6396-ad40-4d01-acda-48bf30d70b91,2,server_only,,finalizada,,,,,,,,,4.285,4.255,0.03,1.168,2.672,,1.595,5.46,,7.047,1790365734.037,1790365805.479,8.245,demo_booking_classic,customer_hangup,0.0
1790365284,96,67ea6396-ad40-4d01-acda-48bf30d70b91,3,server_only,,finalizada,,,,,,,,,5.003,4.978,0.026,0.843,3.469,,0.466,22.51,,6.312,1790365734.037,1790365805.479,9.17,demo_booking_classic,customer_hangup,0.0
1790365284,96,26723d33-2bf9-4a61-b8b7-31220d8a922f,0,paired,short,finalizada,,timeout esperando que el agente termine de hablar,8.755870136985322,2.078393254197951,34.751,1.0,1790365746.913,1790365781.664,2.687,2.506,0.181,0.865,2.876,,1.202,21.71,,4.754,1790365734.288,1790365883.577,6.484,demo_booking_classic,customer_hangup,0.0
1790365284,96,26723d33-2bf9-4a61-b8b7-31220d8a922f,1,paired,short,finalizada,,,-27.404205243015895,1.400817055525503,13.27,0.32,1790365783.744,1790365797.014,1.762,1.389,0.373,1.262,1.486,,0.558,3.94,,3.582,1790365734.288,1790365883.577,3.508,demo_booking_classic,customer_hangup,0.0
1790365284,96,26723d33-2bf9-4a61-b8b7-31220d8a922f,2,paired,medium,finalizada,,,11.15618548198836,1.7989944420680712,20.972,2.12,1790365798.416,1790365819.388,1.359,1.345,0.014,0.204,3.028,,0.717,8.98,,2.28,1790365734.288,1790365883.577,4.413,demo_booking_classic,customer_hangup,0.0
1790365284,96,26723d33-2bf9-4a61-b8b7-31220d8a922f,3,paired,medium,finalizada,,,13.916405107011087,6.108187219123381,33.106,2.12,1790365821.187,1790365854.294,1.612,1.539,0.074,0.381,2.145,,0.557,9.3,,2.551,1790365734.288,1790365883.577,3.171,demo_booking_classic,customer_hangup,0.0
1790365284,96,26723d33-2bf9-4a61-b8b7-31220d8a922f,4,paired,short,finalizada,,,3.1761170309910085,3.3421151719266775,14.301,0.32,1790365860.403,1790365874.704,1.215,1.131,0.084,0.716,1.187,,0.231,1.26,,2.163,1790365734.288,1790365883.577,2.344,demo_booking_classic,customer_hangup,0.0
1790365284,96,26723d33-2bf9-4a61-b8b7-31220d8a922f,5,paired,short,finalizada,,,1.0757556009921245,2.232655848549511,3.292,0.38,1790365878.047,1790365881.339,0.0,0.0,0.0,0.431,1.715,,0.134,3.94,,0.564,1790365734.288,1790365883.577,,demo_booking_classic,customer_hangup,0.0
1790365284,96,1da9f43f-0f2f-4dbe-be0d-6215da36c9bd,0,paired,long,finalizada,,,5.160597049980424,1.4738081848202873,19.637,3.52,1790365742.699,1790365762.336,1.123,1.032,0.092,0.392,1.027,,0.381,5.13,,1.896,1790365734.536,1790365877.402,2.645,demo_booking_classic,customer_hangup,0.0
1790365284,96,1da9f43f-0f2f-4dbe-be0d-6215da36c9bd,1,paired,short,finalizada,,,14.640208936994895,1.4898067766695475,27.129,1.0,1790365763.811,1790365790.939,0.817,0.625,0.191,0.297,1.474,,1.091,5.53,,2.205,1790365734.536,1790365877.402,3.445,demo_booking_classic,customer_hangup,0.0
1790365284,96,1da9f43f-0f2f-4dbe-be0d-6215da36c9bd,2,paired,medium,finalizada,,timeout esperando que el agente empiece a responder,,3.7386221451430792,17.607,2.6,1790365792.43,1790365810.036,1.484,0.0,1.484,0.513,1.508,,0.737,6.5,,2.734,1790365734.536,1790365877.402,3.885,demo_booking_classic,customer_hangup,0.0
1790365284,96,1da9f43f-0f2f-4dbe-be0d-6215da36c9bd,3,paired,short,finalizada,,,7.400281006994192,3.1534930276237625,19.084,0.32,1790365813.775,1790365832.86,0.0,0.0,0.0,1.014,3.052,,1.688,3.86,,2.702,1790365734.536,1790365877.402,,demo_booking_classic,customer_hangup,0.0
1790365284,96,1da9f43f-0f2f-4dbe-be0d-6215da36c9bd,4,paired,long,finalizada,,,11.180486818018835,1.0,19.56,3.06,1790365836.014,1790365855.573,1.137,1.072,0.064,0.613,1.526,,0.411,8.26,,2.16,1790365734.536,1790365877.402,2.75,demo_booking_classic,customer_hangup,0.0
1790365284,96,1da9f43f-0f2f-4dbe-be0d-6215da36c9bd,5,paired,medium,finalizada,,,7.600398812995991,2.5461492850356917,18.274,2.24,1790365856.574,1790365874.848,1.064,1.056,0.007,0.436,0.783,,0.196,3.37,,1.696,1790365734.536,1790365877.402,2.084,demo_booking_classic,customer_hangup,0.0
1790365284,96,7f40056f-78a5-4bd7-84a8-2fc9e2e9f0e7,0,client_only,short,finalizada,,,3.2885655100108124,3.9340474504078897,9.638,0.32,1790365742.821,1790365752.459,,,,,,,,,,,1790365734.788,1790365866.691,,demo_booking_classic,customer_hangup,0.0
1790365284,96,7f40056f-78a5-4bd7-84a8-2fc9e2e9f0e7,1,client_only,short,finalizada,,,12.50883970799623,4.39978291590008,16.778,1.0,1790365756.394,1790365773.172,,,,,,,,,,,1790365734.788,1790365866.691,,demo_booking_classic,customer_hangup,0.0
1790365284,96,7f40056f-78a5-4bd7-84a8-2fc9e2e9f0e7,2,client_only,medium,finalizada,,timeout esperando que el agente empiece a responder,,1.0,17.601,2.6,1790365777.572,1790365795.173,,,,,,,,,,,1790365734.788,1790365866.691,,demo_booking_classic,customer_hangup,0.0
1790365284,96,7f40056f-78a5-4bd7-84a8-2fc9e2e9f0e7,3,client_only,short,finalizada,,,10.688254236010835,1.0,20.887,1.0,1790365796.174,1790365817.061,,,,,,,,,,,1790365734.788,1790365866.691,,demo_booking_classic,customer_hangup,0.0
1790365284,96,7f40056f-78a5-4bd7-84a8-2fc9e2e9f0e7,4,client_only,medium,finalizada,,timeout esperando que el agente termine de hablar,11.048242360004224,2.3749027878263536,38.17,2.12,1790365818.062,1790365856.232,,,,,,,,,,,1790365734.788,1790365866.691,,demo_booking_classic,customer_hangup,0.0
1790365284,96,7f40056f-78a5-4bd7-84a8-2fc9e2e9f0e7,5,client_only,medium,finalizada,,,-29.992124386015348,3.340221212263913,4.736,2.6,1790365858.608,1790365863.344,,,,,,,,,,,1790365734.788,1790365866.691,,demo_booking_classic,customer_hangup,0.0
1790365284,96,7f40056f-78a5-4bd7-84a8-2fc9e2e9f0e7,0,server_only,,finalizada,,,,,,,,,1.323,1.237,0.086,0.302,0.754,,0.406,4.02,,2.032,1790365734.788,1790365866.691,2.015,demo_booking_classic,customer_hangup,0.0
1790365284,96,7f40056f-78a5-4bd7-84a8-2fc9e2e9f0e7,1,server_only,,finalizada,,,,,,,,,2.238,2.15,0.088,1.884,2.797,,0.689,5.61,,4.811,1790365734.788,1790365866.691,5.926,demo_booking_classic,customer_hangup,0.0
1790365284,96,7f40056f-78a5-4bd7-84a8-2fc9e2e9f0e7,2,server_only,,finalizada,,,,,,,,,1.636,1.4,0.237,1.388,1.915,,1.534,4.41,,4.559,1790365734.788,1790365866.691,5.018,demo_booking_classic,customer_hangup,0.0
1790365284,96,7f40056f-78a5-4bd7-84a8-2fc9e2e9f0e7,3,server_only,,finalizada,,,,,,,,,1.82,1.51,0.31,2.935,6.338,,0.383,21.15,,5.138,1790365734.788,1790365866.691,6.295,demo_booking_classic,customer_hangup,0.0
1790365284,96,7f40056f-78a5-4bd7-84a8-2fc9e2e9f0e7,4,server_only,,finalizada,,,,,,,,,1.189,1.158,0.031,0.6,1.598,,0.31,3.21,,2.1,1790365734.788,1790365866.691,3.127,demo_booking_classic,customer_hangup,0.0
1790365284,96,2d0e85c1-e1b7-4864-bb86-c712b04b6a13,0,client_only,short,finalizada,,,4.351514296984533,7.861844973367217,11.048,0.38,1790365742.797,1790365753.845,,,,,,,,,,,1790365734.822,1790365853.05,,demo_booking_classic,customer_hangup,0.0
1790365284,96,2d0e85c1-e1b7-4864-bb86-c712b04b6a13,1,client_only,short,finalizada,,,12.652067147981143,3.1830245701467104,21.737,0.32,1790365761.707,1790365783.444,,,,,,,,,,,1790365734.822,1790365853.05,,demo_booking_classic,customer_hangup,0.0
1790365284,96,2d0e85c1-e1b7-4864-bb86-c712b04b6a13,2,client_only,short,finalizada,,timeout esperando que el agente empiece a responder,,2.2136721010101756,15.314,0.32,1790365786.628,1790365801.942,,,,,,,,,,,1790365734.822,1790365853.05,,demo_booking_classic,customer_hangup,0.0
1790365284,96,2d0e85c1-e1b7-4864-bb86-c712b04b6a13,3,client_only,short,finalizada,,,11.571406972012483,1.130489983210081,14.959,0.48,1790365804.157,1790365819.115,,,,,,,,,,,1790365734.822,1790365853.05,,demo_booking_classic,customer_hangup,0.0
1790365284,96,2d0e85c1-e1b7-4864-bb86-c712b04b6a13,4,client_only,long,finalizada,,,-1.987593088997528,1.4401732703740864,8.76,3.06,1790365820.247,1790365829.007,,,,,,,,,,,1790365734.822,1790365853.05,,demo_booking_classic,customer_hangup,0.0
1790365284,96,2d0e85c1-e1b7-4864-bb86-c712b04b6a13,5,client_only,long,finalizada,,timeout esperando que el agente empiece a responder,,4.083618146402426,18.512,3.52,1790365830.448,1790365848.96,,,,,,,,,,,1790365734.822,1790365853.05,,demo_booking_classic,customer_hangup,0.0
1790365284,96,2d0e85c1-e1b7-4864-bb86-c712b04b6a13,0,server_only,,finalizada,,,,,,,,,1.297,1.168,0.129,0.438,0.769,,0.308,5.13,,2.043,1790365734.822,1790365853.05,2.325,demo_booking_classic,customer_hangup,0.0
1790365284,96,2d0e85c1-e1b7-4864-bb86-c712b04b6a13,1,server_only,,finalizada,,,,,,,,,2.752,2.697,0.055,0.865,3.393,,2.668,3.94,,6.284,1790365734.822,1790365853.05,6.528,demo_booking_classic,customer_hangup,0.0
1790365284,96,2d0e85c1-e1b7-4864-bb86-c712b04b6a13,2,server_only,,finalizada,,,,,,,,,3.175,1.904,1.271,0.867,2.25,,1.474,3.94,,5.516,1790365734.822,1790365853.05,6.773,demo_booking_classic,customer_hangup,0.0
1790365284,96,2d0e85c1-e1b7-4864-bb86-c712b04b6a13,3,server_only,,finalizada,,,,,,,,,1.698,1.41,0.288,1.68,3.386,,0.468,4.22,,3.847,1790365734.822,1790365853.05,5.14,demo_booking_classic,customer_hangup,0.0
1790365284,96,2110b525-fb68-41cb-b36b-21610e296e36,0,client_only,short,finalizada,,,4.840881520009134,3.974957959685059,20.876,0.48,1790365744.359,1790365765.235,,,,,,,,,,,1790365735.068,1790365872.28,,demo_booking_classic,customer_hangup,0.0
1790365284,96,2110b525-fb68-41cb-b36b-21610e296e36,1,client_only,short,finalizada,,,-4.379421347985044,4.197769614312805,22.771,0.48,1790365769.211,1790365791.982,,,,,,,,,,,1790365735.068,1790365872.28,,demo_booking_classic,customer_hangup,0.0
1790365284,96,2110b525-fb68-41cb-b36b-21610e296e36,2,client_only,short,finalizada,,,6.52020416900632,2.49147237749812,18.778,1.0,1790365796.18,1790365814.958,,,,,,,,,,,1790365735.068,1790365872.28,,demo_booking_classic,customer_hangup,0.0
1790365284,96,2110b525-fb68-41cb-b36b-21610e296e36,3,client_only,medium,finalizada,,timeout esperando que el agente empiece a responder,,2.726773167996626,17.603,2.6,1790365817.45,1790365835.053,,,,,,,,,,,1790365735.068,1790365872.28,,demo_booking_classic,customer_hangup,0.0
1790365284,96,2110b525-fb68-41cb-b36b-21610e296e36,4,client_only,medium,finalizada,,,1.080850845988607,2.1299022075043608,11.773,2.12,1790365837.78,1790365849.553,,,,,,,,,,,1790365735.068,1790365872.28,,demo_booking_classic,customer_hangup,0.0
1790365284,96,2110b525-fb68-41cb-b36b-21610e296e36,5,client_only,short,finalizada,,,9.840681649016915,3.5325180770112503,17.058,0.38,1790365851.683,1790365868.741,,,,,,,,,,,1790365735.068,1790365872.28,,demo_booking_classic,customer_hangup,0.0
1790365284,96,2110b525-fb68-41cb-b36b-21610e296e36,0,server_only,,finalizada,,,,,,,,,1.102,1.087,0.015,0.345,2.229,,0.31,21.79,,1.756,1790365735.068,1790365872.28,2.699,demo_booking_classic,customer_hangup,0.0
1790365284,96,2110b525-fb68-41cb-b36b-21610e296e36,1,server_only,,finalizada,,,,,,,,,2.342,2.007,0.334,0.847,1.653,,0.913,4.89,,4.101,1790365735.068,1790365872.28,4.808,demo_booking_classic,customer_hangup,0.0
1790365284,96,2110b525-fb68-41cb-b36b-21610e296e36,2,server_only,,finalizada,,,,,,,,,2.643,2.455,0.187,0.352,0.706,,0.397,4.57,,3.392,1790365735.068,1790365872.28,3.664,demo_booking_classic,customer_hangup,0.0
1790365284,96,2110b525-fb68-41cb-b36b-21610e296e36,3,server_only,,finalizada,,,,,,,,,1.08,1.028,0.052,0.357,1.055,,0.496,5.46,,1.933,1790365735.068,1790365872.28,2.439,demo_booking_classic,customer_hangup,0.0
1790365284,96,2110b525-fb68-41cb-b36b-21610e296e36,4,server_only,,finalizada,,,,,,,,,1.182,1.033,0.149,1.209,1.687,,0.195,4.73,,2.586,1790365735.068,1790365872.28,3.208,demo_booking_classic,customer_hangup,0.0
1790365284,96,dc918406-a6d7-4227-a328-67c07136be1a,0,paired,medium,finalizada,,,4.685696456988808,1.4116110890255618,32.268,2.6,1790365743.433,1790365775.701,0.771,0.727,0.044,0.254,1.8,,0.679,22.03,,1.704,1790365735.319,1790365881.339,2.736,demo_booking_classic,customer_hangup,0.0
1790365284,96,dc918406-a6d7-4227-a328-67c07136be1a,1,paired,short,finalizada,,,-0.594709260010859,6.930454820110961,14.272,1.0,1790365777.113,1790365791.385,0.756,0.0,0.756,0.796,1.197,,1.2,5.69,,2.752,1790365735.319,1790365881.339,2.049,demo_booking_classic,customer_hangup,0.0
1790365284,96,dc918406-a6d7-4227-a328-67c07136be1a,2,paired,long,finalizada,,,2.9056483849999495,8.898446385370764,16.154,3.52,1790365798.317,1790365814.471,1.561,0.508,1.053,0.303,1.658,,0.448,7.86,,2.311,1790365735.319,1790365881.339,2.438,demo_booking_classic,customer_hangup,0.0
1790365284,96,dc918406-a6d7-4227-a328-67c07136be1a,3,paired,short,finalizada,,,13.506110394984717,3.5796879244678377,20.698,1.0,1790365823.371,1790365844.069,1.599,1.417,0.182,0.318,2.648,,0.279,4.25,,2.196,1790365735.319,1790365881.339,4.505,demo_booking_classic,customer_hangup,0.0
1790365284,96,dc918406-a6d7-4227-a328-67c07136be1a,4,paired,medium,finalizada,,,9.065490904002218,2.1937827841595743,17.103,2.24,1790365847.649,1790365864.752,1.003,0.861,0.142,0.814,2.59,,0.151,4.33,,1.968,1790365735.319,1790365881.339,3.623,demo_booking_classic,customer_hangup,0.0
1790365284,96,dc918406-a6d7-4227-a328-67c07136be1a,5,paired,short,finalizada,,,5.005387762008468,5.258142211626685,9.128,1.0,1790365866.947,1790365876.075,0.807,0.753,0.055,0.18,0.562,,0.161,3.54,,1.149,1790365735.319,1790365881.339,1.511,demo_booking_classic,customer_hangup,0.0
1790365284,96,2c47b424-33c9-4766-a4f6-d6c87532f632,0,client_only,long,finalizada,,,8.183311174972914,1.3302389099394365,21.505,3.52,1790365744.065,1790365765.57,,,,,,,,,,,1790365735.569,1790365864.892,,demo_booking_classic,customer_hangup,0.0
1790365284,96,2c47b424-33c9-4766-a4f6-d6c87532f632,1,client_only,short,finalizada,,,13.10340466001071,5.495058679504014,25.451,0.48,1790365766.901,1790365792.352,,,,,,,,,,,1790365735.569,1790365864.892,,demo_booking_classic,customer_hangup,0.0
1790365284,96,2c47b424-33c9-4766-a4f6-d6c87532f632,2,client_only,short,finalizada,,timeout esperando que el agente empiece a responder,,1.919122774692903,15.488,0.48,1790365797.847,1790365813.335,,,,,,,,,,,1790365735.569,1790365864.892,,demo_booking_classic,customer_hangup,0.0
1790365284,96,2c47b424-33c9-4766-a4f6-d6c87532f632,3,client_only,medium,finalizada,,timeout esperando que el agente empiece a responder,,2.3324125399672537,17.119,2.12,1790365815.255,1790365832.374,,,,,,,,,,,1790365735.569,1790365864.892,,demo_booking_classic,customer_hangup,0.0
1790365284,96,2c47b424-33c9-4766-a4f6-d6c87532f632,4,client_only,medium,finalizada,,,-3.196047612989787,1.5679182177211035,6.644,2.12,1790365834.707,1790365841.351,,,,,,,,,,,1790365735.569,1790365864.892,,demo_booking_classic,customer_hangup,0.0
1790365284,96,2c47b424-33c9-4766-a4f6-d6c87532f632,5,client_only,short,finalizada,,,13.363033187983092,1.8535020055652718,20.111,0.32,1790365842.919,1790365863.031,,,,,,,,,,,1790365735.569,1790365864.892,,demo_booking_classic,customer_hangup,0.0
1790365284,96,2c47b424-33c9-4766-a4f6-d6c87532f632,0,server_only,,finalizada,,,,,,,,,3.161,2.879,0.282,1.211,2.104,,0.478,4.33,,4.85,1790365735.569,1790365864.892,6.104,demo_booking_classic,customer_hangup,0.0
1790365284,96,2c47b424-33c9-4766-a4f6-d6c87532f632,1,server_only,,finalizada,,,,,,,,,1.991,1.95,0.041,0.725,1.643,,0.496,4.73,,3.213,1790365735.569,1790365864.892,4.217,demo_booking_classic,customer_hangup,0.0
1790365284,96,2c47b424-33c9-4766-a4f6-d6c87532f632,2,server_only,,finalizada,,,,,,,,,4.579,4.238,0.341,1.141,2.683,,1.384,4.17,,7.104,1790365735.569,1790365864.892,8.921,demo_booking_classic,customer_hangup,0.0
1790365284,96,2c47b424-33c9-4766-a4f6-d6c87532f632,3,server_only,,finalizada,,,,,,,,,2.864,2.846,0.018,0.715,2.773,,0.279,5.05,,3.858,1790365735.569,1790365864.892,6.047,demo_booking_classic,customer_hangup,0.0
1790365284,96,404262b4-c72a-49f5-9f48-a6d889a2e5fe,0,client_only,short,finalizada,,timeout esperando que el agente termine de hablar,6.481393572990783,1.5339988328940515,31.959,0.48,1790365747.268,1790365779.228,,,,,,,,,,,1790365735.902,1790365863.366,,demo_booking_classic,customer_hangup,0.0
1790365284,96,404262b4-c72a-49f5-9f48-a6d889a2e5fe,1,client_only,short,finalizada,,,-27.538220020011067,1.6360197887067873,16.945,1.0,1790365780.763,1790365797.707,,,,,,,,,,,1790365735.902,1790365863.366,,demo_booking_classic,customer_hangup,0.0
1790365284,96,404262b4-c72a-49f5-9f48-a6d889a2e5fe,2,client_only,short,finalizada,,timeout esperando que el agente empiece a responder,,4.455626465519929,16.002,1.0,1790365799.345,1790365815.347,,,,,,,,,,,1790365735.902,1790365863.366,,demo_booking_classic,customer_hangup,0.0
1790365284,96,404262b4-c72a-49f5-9f48-a6d889a2e5fe,3,client_only,short,finalizada,,,4.742224968998926,3.3210687152700524,13.07,1.0,1790365819.803,1790365832.873,,,,,,,,,,,1790365735.902,1790365863.366,,demo_booking_classic,customer_hangup,0.0
1790365284,96,404262b4-c72a-49f5-9f48-a6d889a2e5fe,4,client_only,short,finalizada,,timeout esperando que el agente empiece a responder,,4.699519650705809,15.324,0.32,1790365836.195,1790365851.519,,,,,,,,,,,1790365735.902,1790365863.366,,demo_booking_classic,customer_hangup,0.0
1790365284,96,404262b4-c72a-49f5-9f48-a6d889a2e5fe,5,client_only,short,finalizada,,,-0.6376763779844623,2.423918889220366,4.718,0.48,1790365856.218,1790365860.936,,,,,,,,,,,1790365735.902,1790365863.366,,demo_booking_classic,customer_hangup,0.0
1790365284,96,404262b4-c72a-49f5-9f48-a6d889a2e5fe,0,server_only,,finalizada,,,,,,,,,2.562,2.181,0.381,0.98,3.07,,0.333,21.79,,3.875,1790365735.902,1790365863.366,4.375,demo_booking_classic,customer_hangup,0.0
1790365284,96,404262b4-c72a-49f5-9f48-a6d889a2e5fe,1,server_only,,finalizada,,,,,,,,,0.789,0.773,0.016,0.909,1.646,,1.21,3.37,,2.908,1790365735.902,1790365863.366,3.724,demo_booking_classic,customer_hangup,0.0
1790365284,96,404262b4-c72a-49f5-9f48-a6d889a2e5fe,2,server_only,,finalizada,,,,,,,,,1.861,0.874,0.987,1.56,3.278,,0.254,3.13,,3.675,1790365735.902,1790365863.366,4.512,demo_booking_classic,customer_hangup,0.0
1790365284,96,ef99bb9a-d814-4d19-bbf5-7a2a132f6fa2,0,client_only,long,finalizada,,,7.512409392016707,1.689580256833819,22.827,3.52,1790365745.318,1790365768.145,,,,,,,,,,,1790365736.147,1790365835.276,,demo_booking_classic,customer_hangup,0.0
1790365284,96,ef99bb9a-d814-4d19-bbf5-7a2a132f6fa2,1,client_only,medium,finalizada,,timeout esperando que el agente empiece a responder,,5.155027860689561,17.597,2.6,1790365769.835,1790365787.431,,,,,,,,,,,1790365736.147,1790365835.276,,demo_booking_classic,customer_hangup,0.0
1790365284,96,ef99bb9a-d814-4d19-bbf5-7a2a132f6fa2,2,client_only,medium,finalizada,,,-4.687870366004063,2.1587072820524007,7.124,2.12,1790365792.587,1790365799.711,,,,,,,,,,,1790365736.147,1790365835.276,,demo_booking_classic,customer_hangup,0.0
1790365284,96,ef99bb9a-d814-4d19-bbf5-7a2a132f6fa2,3,client_only,short,finalizada,,timeout esperando que el agente empiece a responder,,2.8129267583087207,15.317,0.32,1790365801.87,1790365817.187,,,,,,,,,,,1790365736.147,1790365835.276,,demo_booking_classic,customer_hangup,0.0
1790365284,96,ef99bb9a-d814-4d19-bbf5-7a2a132f6fa2,4,client_only,short,finalizada,,,-1.9074998139985837,1.5680782132374462,1.181,0.48,1790365820.001,1790365821.182,,,,,,,,,,,1790365736.147,1790365835.276,,demo_booking_classic,customer_hangup,0.0
1790365284,96,ef99bb9a-d814-4d19-bbf5-7a2a132f6fa2,5,client_only,short,finalizada,,,-1.6877205820055678,3.3644531835795695,9.154,0.32,1790365822.75,1790365831.905,,,,,,,,,,,1790365736.147,1790365835.276,,demo_booking_classic,customer_hangup,0.0
1790365284,96,ef99bb9a-d814-4d19-bbf5-7a2a132f6fa2,0,server_only,,finalizada,,,,,,,,,2.54,2.427,0.113,1.49,1.665,,0.647,5.13,,4.677,1790365736.147,1790365835.276,4.867,demo_booking_classic,customer_hangup,0.0
1790365284,96,ef99bb9a-d814-4d19-bbf5-7a2a132f6fa2,1,server_only,,finalizada,,,,,,,,,3.655,3.602,0.053,0.689,0.891,,0.589,5.22,,4.933,1790365736.147,1790365835.276,4.975,demo_booking_classic,customer_hangup,0.0
1790365284,96,ef99bb9a-d814-4d19-bbf5-7a2a132f6fa2,2,server_only,,finalizada,,,,,,,,,1.666,1.627,0.038,0.384,1.299,,1.96,5.69,,4.01,1790365736.147,1790365835.276,7.583,demo_booking_classic,customer_hangup,0.0
1790365284,96,ef99bb9a-d814-4d19-bbf5-7a2a132f6fa2,3,server_only,,finalizada,,,,,,,,,1.394,1.279,0.115,0.631,0.952,,0.434,3.1,,2.459,1790365736.147,1790365835.276,2.646,demo_booking_classic,customer_hangup,0.0
1790365284,96,7879776c-9f7f-4d85-ae7a-d17bb9a01725,0,client_only,medium,finalizada,,,6.077506653993623,1.923638994542493,17.755,2.24,1790365747.932,1790365765.688,,,,,,,,,,,1790365736.398,1790365853.003,,demo_booking_classic,customer_hangup,0.0
1790365284,96,7879776c-9f7f-4d85-ae7a-d17bb9a01725,1,client_only,short,finalizada,,,12.898477045004256,1.5731613336503072,22.671,0.38,1790365767.612,1790365790.282,,,,,,,,,,,1790365736.398,1790365853.003,,demo_booking_classic,customer_hangup,0.0
1790365284,96,7879776c-9f7f-4d85-ae7a-d17bb9a01725,2,client_only,short,finalizada,,timeout esperando que el agente empiece a responder,,1.6518150504129534,15.379,0.38,1790365791.856,1790365807.235,,,,,,,,,,,1790365736.398,1790365853.003,,demo_booking_classic,customer_hangup,0.0
1790365284,96,7879776c-9f7f-4d85-ae7a-d17bb9a01725,3,client_only,short,finalizada,,,12.118037029984407,2.182520837659681,17.468,0.32,1790365808.888,1790365826.356,,,,,,,,,,,1790365736.398,1790365853.003,,demo_booking_classic,customer_hangup,0.0
1790365284,96,7879776c-9f7f-4d85-ae7a-d17bb9a01725,4,client_only,short,finalizada,,,-3.061808879021555,2.4545197842288666,2.665,1.0,1790365828.54,1790365831.205,,,,,,,,,,,1790365736.398,1790365853.003,,demo_booking_classic,customer_hangup,0.0
1790365284,96,7879776c-9f7f-4d85-ae7a-d17bb9a01725,5,client_only,short,finalizada,,,9.898356409976259,1.6027075479907922,17.734,1.0,1790365833.659,1790365851.394,,,,,,,,,,,1790365736.398,1790365853.003,,demo_booking_classic,customer_hangup,0.0
1790365284,96,7879776c-9f7f-4d85-ae7a-d17bb9a01725,0,server_only,,finalizada,,,,,,,,,2.31,2.197,0.113,0.481,0.932,,0.572,5.85,,3.363,1790365736.398,1790365853.003,3.812,demo_booking_classic,customer_hangup,0.0
1790365284,96,7879776c-9f7f-4d85-ae7a-d17bb9a01725,1,server_only,,finalizada,,,,,,,,,1.457,1.437,0.02,0.856,1.434,,1.36,5.38,,3.673,1790365736.398,1790365853.003,4.204,demo_booking_classic,customer_hangup,0.0
1790365284,96,7879776c-9f7f-4d85-ae7a-d17bb9a01725,2,server_only,,finalizada,,,,,,,,,2.953,2.046,0.906,1.179,3.214,,2.228,5.22,,6.36,1790365736.398,1790365853.003,7.735,demo_booking_classic,customer_hangup,0.0
1790365284,96,7879776c-9f7f-4d85-ae7a-d17bb9a01725,3,server_only,,finalizada,,,,,,,,,3.91,3.399,0.511,0.859,1.345,,0.61,4.74,,5.379,1790365736.398,1790365853.003,5.472,demo_booking_classic,customer_hangup,0.0
1790365284,96,51d01a1f-6955-4d51-9c6f-12cce88aaf85,0,client_only,medium,finalizada,,,5.071408440999221,2.189862737808936,15.188,2.12,1790365745.148,1790365760.336,,,,,,,,,,,1790365736.647,1790365850.878,,demo_booking_classic,customer_hangup,0.0
1790365284,96,51d01a1f-6955-4d51-9c6f-12cce88aaf85,1,client_only,short,finalizada,,,12.61119856199366,3.6257419483602003,24.883,1.0,1790365762.527,1790365787.41,,,,,,,,,,,1790365736.647,1790365850.878,,demo_booking_classic,customer_hangup,0.0
1790365284,96,51d01a1f-6955-4d51-9c6f-12cce88aaf85,2,client_only,medium,finalizada,,timeout esperando que el agente empiece a responder,,2.643293364265633,17.249,2.24,1790365791.037,1790365808.286,,,,,,,,,,,1790365736.647,1790365850.878,,demo_booking_classic,customer_hangup,0.0
1790365284,96,51d01a1f-6955-4d51-9c6f-12cce88aaf85,3,client_only,short,finalizada,,,-3.127573925012257,1.0,7.597,0.48,1790365810.931,1790365818.528,,,,,,,,,,,1790365736.647,1790365850.878,,demo_booking_classic,customer_hangup,0.0
1790365284,96,51d01a1f-6955-4d51-9c6f-12cce88aaf85,4,client_only,medium,finalizada,,timeout esperando que el agente empiece a responder,,2.0378696040981987,17.238,2.24,1790365819.529,1790365836.767,,,,,,,,,,,1790365736.647,1790365850.878,,demo_booking_classic,customer_hangup,0.0
1790365284,96,51d01a1f-6955-4d51-9c6f-12cce88aaf85,5,client_only,long,finalizada,,,2.0119266860128846,1.064802964436502,11.0,3.52,1790365838.806,1790365849.806,,,,,,,,,,,1790365736.647,1790365850.878,,demo_booking_classic,customer_hangup,0.0
1790365284,96,51d01a1f-6955-4d51-9c6f-12cce88aaf85,0,server_only,,finalizada,,,,,,,,,1.355,1.291,0.064,0.415,1.038,,0.317,5.21,,2.087,1790365736.647,1790365850.878,2.842,demo_booking_classic,customer_hangup,0.0
1790365284,96,51d01a1f-6955-4d51-9c6f-12cce88aaf85,1,server_only,,finalizada,,,,,,,,,2.629,2.481,0.148,0.624,1.379,,0.639,6.09,,3.891,1790365736.647,1790365850.878,4.841,demo_booking_classic,customer_hangup,0.0
1790365284,96,51d01a1f-6955-4d51-9c6f-12cce88aaf85,2,server_only,,finalizada,,,,,,,,,1.123,1.109,0.014,0.738,1.209,,0.774,4.17,,2.636,1790365736.647,1790365850.878,3.336,demo_booking_classic,customer_hangup,0.0
1790365284,96,51d01a1f-6955-4d51-9c6f-12cce88aaf85,3,server_only,,finalizada,,,,,,,,,0.0,0.0,0.0,0.568,1.606,,0.456,4.01,,1.024,1790365736.647,1790365850.878,,demo_booking_classic,customer_hangup,0.0
1790365284,96,51d01a1f-6955-4d51-9c6f-12cce88aaf85,4,server_only,,finalizada,,,,,,,,,1.124,1.021,0.104,0.373,1.192,,0.803,0.05,,2.3,1790365736.647,1790365850.878,,demo_booking_classic,customer_hangup,0.0
1790365284,96,6b928cfc-a34a-471b-a616-46b18714defd,0,client_only,medium,finalizada,,,8.612653966993093,1.8249106223876526,13.803,2.12,1790365750.148,1790365763.951,,,,,,,,,,,1790365736.914,1790365814.789,,demo_booking_classic,customer_hangup,0.0
1790365284,96,6b928cfc-a34a-471b-a616-46b18714defd,1,client_only,short,finalizada,,,-1.9073875780159142,1.0,1.743,0.48,1790365765.777,1790365767.521,,,,,,,,,,,1790365736.914,1790365814.789,,demo_booking_classic,customer_hangup,0.0
1790365284,96,6b928cfc-a34a-471b-a616-46b18714defd,2,client_only,long,finalizada,,,-4.207512733992189,3.3063117101224004,4.108,3.52,1790365768.522,1790365772.63,,,,,,,,,,,1790365736.914,1790365814.789,,demo_booking_classic,customer_hangup,0.0
1790365284,96,6b928cfc-a34a-471b-a616-46b18714defd,3,client_only,long,finalizada,,,4.792546292010229,1.371855004481609,14.009,3.06,1790365775.937,1790365789.946,,,,,,,,,,,1790365736.914,1790365814.789,,demo_booking_classic,customer_hangup,0.0
1790365284,96,6b928cfc-a34a-471b-a616-46b18714defd,4,client_only,short,finalizada,,,8.71270414799801,4.69926551725853,11.398,1.0,1790365791.319,1790365802.717,,,,,,,,,,,1790365736.914,1790365814.789,,demo_booking_classic,customer_hangup,0.0
1790365284,96,6b928cfc-a34a-471b-a616-46b18714defd,5,client_only,short,finalizada,,,-2.8481886259978637,2.54131211324592,4.825,0.38,1790365807.417,1790365812.242,,,,,,,,,,,1790365736.914,1790365814.789,,demo_booking_classic,customer_hangup,0.0
1790365284,96,6b928cfc-a34a-471b-a616-46b18714defd,0,server_only,,finalizada,,,,,,,,,2.937,2.59,0.346,0.787,1.374,,0.526,6.18,,4.25,1790365736.914,1790365814.789,4.317,demo_booking_classic,customer_hangup,0.0
1790365284,96,6b928cfc-a34a-471b-a616-46b18714defd,1,server_only,,finalizada,,,,,,,,,2.859,2.516,0.343,0.669,2.453,,0.487,4.01,,4.014,1790365736.914,1790365814.789,12.139,demo_booking_classic,customer_hangup,0.0
1790365284,96,6b928cfc-a34a-471b-a616-46b18714defd,2,server_only,,finalizada,,,,,,,,,7.385,7.371,0.014,0.807,2.184,,0.714,5.22,,8.906,1790365736.914,1790365814.789,19.896,demo_booking_classic,customer_hangup,0.0
1790365284,96,6b928cfc-a34a-471b-a616-46b18714defd,3,server_only,,finalizada,,,,,,,,,2.744,2.657,0.087,0.491,0.716,,0.3,3.69,,3.534,1790365736.914,1790365814.789,4.516,demo_booking_classic,customer_hangup,0.0
1790365284,96,efc1e4eb-c5cd-4f4b-aca5-c85028155e60,0,client_only,medium,finalizada,,,6.965782952989684,2.0823857238269143,13.827,2.24,1790365745.305,1790365759.132,,,,,,,,,,,1790365737.159,1790365829.318,,demo_booking_classic,customer_hangup,0.0
1790365284,96,efc1e4eb-c5cd-4f4b-aca5-c85028155e60,1,client_only,medium,finalizada,,,-3.8345436730014626,1.1027977369294946,3.697,2.12,1790365761.215,1790365764.911,,,,,,,,,,,1790365737.159,1790365829.318,,demo_booking_classic,customer_hangup,0.0
1790365284,96,efc1e4eb-c5cd-4f4b-aca5-c85028155e60,2,client_only,short,finalizada,,,14.285048249003012,1.417442866331739,18.016,0.48,1790365766.015,1790365784.031,,,,,,,,,,,1790365737.159,1790365829.318,,demo_booking_classic,customer_hangup,0.0
1790365284,96,efc1e4eb-c5cd-4f4b-aca5-c85028155e60,3,client_only,short,finalizada,,,0.025241463008569553,8.54411781030086,3.815,0.38,1790365785.449,1790365789.265,,,,,,,,,,,1790365737.159,1790365829.318,,demo_booking_classic,customer_hangup,0.0
1790365284,96,efc1e4eb-c5cd-4f4b-aca5-c85028155e60,4,client_only,short,finalizada,,,0.4851979030063376,1.736640490532176,12.927,1.0,1790365797.809,1790365810.736,,,,,,,,,,,1790365737.159,1790365829.318,,demo_booking_classic,customer_hangup,0.0
1790365284,96,efc1e4eb-c5cd-4f4b-aca5-c85028155e60,5,client_only,medium,finalizada,,,6.385144775995286,3.1966547372106873,13.633,2.12,1790365812.474,1790365826.107,,,,,,,,,,,1790365737.159,1790365829.318,,demo_booking_classic,customer_hangup,0.0
1790365284,96,efc1e4eb-c5cd-4f4b-aca5-c85028155e60,0,server_only,,finalizada,,,,,,,,,2.233,2.163,0.07,0.81,1.421,,0.477,4.57,,3.52,1790365737.159,1790365829.318,4.617,demo_booking_classic,customer_hangup,0.0
1790365284,96,efc1e4eb-c5cd-4f4b-aca5-c85028155e60,1,server_only,,finalizada,,,,,,,,,3.419,2.471,0.947,2.374,3.216,,1.43,4.98,,7.222,1790365737.159,1790365829.318,7.044,demo_booking_classic,customer_hangup,0.0
1790365284,96,efc1e4eb-c5cd-4f4b-aca5-c85028155e60,2,server_only,,finalizada,,,,,,,,,4.663,4.336,0.327,1.604,2.784,,0.877,8.18,,7.144,1790365737.159,1790365829.318,8.563,demo_booking_classic,customer_hangup,0.0
1790365284,96,efc1e4eb-c5cd-4f4b-aca5-c85028155e60,3,server_only,,finalizada,,,,,,,,,0.0,0.0,0.0,1.008,2.016,,1.358,5.86,,2.367,1790365737.159,1790365829.318,,demo_booking_classic,customer_hangup,0.0
1790365284,96,53cfbbbf-ff1f-4db9-b1ba-234d0095cfa4,0,client_only,short,finalizada,,,3.7811843719973695,3.517172685629488,11.84,0.38,1790365745.89,1790365757.73,,,,,,,,,,,1790365737.409,1790365860.088,,demo_booking_classic,customer_hangup,0.0
1790365284,96,53cfbbbf-ff1f-4db9-b1ba-234d0095cfa4,1,client_only,long,finalizada,,,12.420940751006128,4.178362809638199,37.564,3.06,1790365761.248,1790365798.812,,,,,,,,,,,1790365737.409,1790365860.088,,demo_booking_classic,customer_hangup,0.0
1790365284,96,53cfbbbf-ff1f-4db9-b1ba-234d0095cfa4,2,client_only,short,finalizada,,timeout esperando que el agente empiece a responder,,1.5711960703947896,15.339,0.32,1790365802.991,1790365818.331,,,,,,,,,,,1790365737.409,1790365860.088,,demo_booking_classic,customer_hangup,0.0
1790365284,96,53cfbbbf-ff1f-4db9-b1ba-234d0095cfa4,3,client_only,short,finalizada,,,9.56056982500013,1.240038200109402,13.49,0.38,1790365819.902,1790365833.392,,,,,,,,,,,1790365737.409,1790365860.088,,demo_booking_classic,customer_hangup,0.0
1790365284,96,53cfbbbf-ff1f-4db9-b1ba-234d0095cfa4,4,client_only,short,finalizada,,,-1.4588736910081934,10.0,5.371,0.38,1790365834.633,1790365840.004,,,,,,,,,,,1790365737.409,1790365860.088,,demo_booking_classic,customer_hangup,0.0
1790365284,96,53cfbbbf-ff1f-4db9-b1ba-234d0095cfa4,5,client_only,short,finalizada,,,2.120979807979893,1.8834219946545803,8.194,0.48,1790365850.006,1790365858.2,,,,,,,,,,,1790365737.409,1790365860.088,,demo_booking_classic,customer_hangup,0.0
1790365284,96,53cfbbbf-ff1f-4db9-b1ba-234d0095cfa4,0,server_only,,finalizada,,,,,,,,,1.001,0.697,0.305,0.179,0.527,,0.381,4.81,,1.561,1790365737.409,1790365860.088,1.641,demo_booking_classic,customer_hangup,0.0
1790365284,96,53cfbbbf-ff1f-4db9-b1ba-234d0095cfa4,1,server_only,,finalizada,,,,,,,,,1.556,1.439,0.117,0.635,1.798,,1.116,7.86,,3.308,1790365737.409,1790365860.088,4.235,demo_booking_classic,customer_hangup,0.0
1790365284,96,53cfbbbf-ff1f-4db9-b1ba-234d0095cfa4,2,server_only,,finalizada,,,,,,,,,0.797,0.541,0.256,0.49,0.981,,0.432,4.02,,1.719,1790365737.409,1790365860.088,2.054,demo_booking_classic,customer_hangup,0.0
1790365284,96,53cfbbbf-ff1f-4db9-b1ba-234d0095cfa4,3,server_only,,finalizada,,,,,,,,,1.514,1.462,0.052,1.262,1.678,,0.372,4.98,,3.148,1790365737.409,1790365860.088,3.544,demo_booking_classic,customer_hangup,0.0
1790365284,96,d0af52bb-00d2-44b0-aec2-5446f2f0db0e,0,client_only,short,finalizada,,timeout esperando que el agente termine de hablar,5.88480357901426,1.5305608499129157,31.371,0.48,1790365746.585,1790365777.957,,,,,,,,,,,1790365737.659,1790365868.129,,demo_booking_classic,customer_hangup,0.0
1790365284,96,d0af52bb-00d2-44b0-aec2-5446f2f0db0e,1,client_only,short,finalizada,,,-27.034914363001008,1.843278362207727,13.224,0.48,1790365779.488,1790365792.712,,,,,,,,,,,1790365737.659,1790365868.129,,demo_booking_classic,customer_hangup,0.0
1790365284,96,d0af52bb-00d2-44b0-aec2-5446f2f0db0e,2,client_only,long,finalizada,,,9.525415761978365,1.436446374932674,21.955,3.06,1790365794.556,1790365816.511,,,,,,,,,,,1790365737.659,1790365868.129,,demo_booking_classic,customer_hangup,0.0
1790365284,96,d0af52bb-00d2-44b0-aec2-5446f2f0db0e,3,client_only,short,finalizada,,timeout esperando que el agente empiece a responder,,2.7970281310361926,15.486,0.48,1790365817.948,1790365833.434,,,,,,,,,,,1790365737.659,1790365868.129,,demo_booking_classic,customer_hangup,0.0
1790365284,96,d0af52bb-00d2-44b0-aec2-5446f2f0db0e,4,client_only,short,finalizada,,,1.2250117570220027,2.7355456443484814,10.119,0.32,1790365836.231,1790365846.35,,,,,,,,,,,1790365737.659,1790365868.129,,demo_booking_classic,customer_hangup,0.0
1790365284,96,d0af52bb-00d2-44b0-aec2-5446f2f0db0e,5,client_only,short,finalizada,,,9.604764746007277,1.7449926003497886,17.293,0.32,1790365849.086,1790365866.379,,,,,,,,,,,1790365737.659,1790365868.129,,demo_booking_classic,customer_hangup,0.0
1790365284,96,d0af52bb-00d2-44b0-aec2-5446f2f0db0e,0,server_only,,finalizada,,,,,,,,,1.088,0.82,0.268,0.734,2.007,,0.452,21.47,,2.274,1790365737.659,1790365868.129,2.961,demo_booking_classic,customer_hangup,0.0
1790365284,96,d0af52bb-00d2-44b0-aec2-5446f2f0db0e,1,server_only,,finalizada,,,,,,,,,3.232,3.134,0.097,0.414,0.671,,0.637,3.77,,4.282,1790365737.659,1790365868.129,5.178,demo_booking_classic,customer_hangup,0.0
1790365284,96,d0af52bb-00d2-44b0-aec2-5446f2f0db0e,2,server_only,,finalizada,,,,,,,,,2.342,2.155,0.188,0.466,1.305,,0.849,5.13,,3.657,1790365737.659,1790365868.129,4.496,demo_booking_classic,customer_hangup,0.0
1790365284,96,d0af52bb-00d2-44b0-aec2-5446f2f0db0e,3,server_only,,finalizada,,,,,,,,,1.547,1.526,0.02,0.987,2.06,,0.333,5.38,,2.866,1790365737.659,1790365868.129,3.67,demo_booking_classic,customer_hangup,0.0
1790365284,96,0d8d34ba-b673-4b5c-bb82-063501047d28,0,client_only,short,finalizada,,timeout esperando que el agente termine de hablar,4.768055525986711,1.6270534254954212,30.264,0.48,1790365746.455,1790365776.719,,,,,,,,,,,1790365737.914,1790365874.179,,demo_booking_classic,customer_hangup,0.0
1790365284,96,0d8d34ba-b673-4b5c-bb82-063501047d28,1,client_only,short,finalizada,,,-27.131285656010732,2.568288158368652,22.379,0.48,1790365778.346,1790365800.725,,,,,,,,,,,1790365737.914,1790365874.179,,demo_booking_classic,customer_hangup,0.0
1790365284,96,0d8d34ba-b673-4b5c-bb82-063501047d28,2,client_only,medium,finalizada,,,9.848329190019285,1.2741771657149843,18.36,2.12,1790365803.294,1790365821.654,,,,,,,,,,,1790365737.914,1790365874.179,,demo_booking_classic,customer_hangup,0.0
1790365284,96,0d8d34ba-b673-4b5c-bb82-063501047d28,3,client_only,long,finalizada,,timeout esperando que el agente empiece a responder,,3.3562276406057925,18.517,3.52,1790365822.929,1790365841.446,,,,,,,,,,,1790365737.914,1790365874.179,,demo_booking_classic,customer_hangup,0.0
1790365284,96,0d8d34ba-b673-4b5c-bb82-063501047d28,4,client_only,short,finalizada,,,3.2485659389931243,2.1047134829894634,10.219,0.32,1790365844.803,1790365855.022,,,,,,,,,,,1790365737.914,1790365874.179,,demo_booking_classic,customer_hangup,0.0
1790365284,96,0d8d34ba-b673-4b5c-bb82-063501047d28,5,client_only,short,finalizada,,,8.808450596989132,1.0,16.045,0.48,1790365857.127,1790365873.172,,,,,,,,,,,1790365737.914,1790365874.179,,demo_booking_classic,customer_hangup,0.0
1790365284,96,0d8d34ba-b673-4b5c-bb82-063501047d28,0,server_only,,finalizada,,,,,,,,,1.06,0.642,0.419,0.311,1.61,,0.537,22.03,,1.909,1790365737.914,1790365874.179,2.266,demo_booking_classic,customer_hangup,0.0
1790365284,96,0d8d34ba-b673-4b5c-bb82-063501047d28,1,server_only,,finalizada,,,,,,,,,1.421,0.886,0.535,1.145,1.887,,0.783,3.69,,3.349,1790365737.914,1790365874.179,3.643,demo_booking_classic,customer_hangup,0.0
1790365284,96,0d8d34ba-b673-4b5c-bb82-063501047d28,2,server_only,,finalizada,,,,,,,,,2.164,1.889,0.275,1.336,2.502,,0.188,4.17,,3.687,1790365737.914,1790365874.179,5.187,demo_booking_classic,customer_hangup,0.0
1790365284,96,0d8d34ba-b673-4b5c-bb82-063501047d28,3,server_only,,finalizada,,,,,,,,,1.334,1.264,0.07,0.514,1.435,,0.277,4.89,,2.125,1790365737.914,1790365874.179,3.047,demo_booking_classic,customer_hangup,0.0
1790365284,96,0d8d34ba-b673-4b5c-bb82-063501047d28,4,server_only,,finalizada,,,,,,,,,0.0,0.0,0.0,0.956,1.435,,0.335,0.05,,1.291,1790365737.914,1790365874.179,,demo_booking_classic,customer_hangup,0.0
1790365284,96,bb59e2c8-19e6-412e-aa3e-e50b313c9fb6,0,client_only,short,finalizada,,,7.132495358993765,2.311307827608799,17.768,1.0,1790365746.89,1790365764.658,,,,,,,,,,,1790365738.164,1790365835.391,,demo_booking_classic,customer_hangup,0.0
1790365284,96,bb59e2c8-19e6-412e-aa3e-e50b313c9fb6,1,client_only,short,finalizada,,,-2.307006901013665,2.5397312294995964,17.394,0.32,1790365766.97,1790365784.364,,,,,,,,,,,1790365738.164,1790365835.391,,demo_booking_classic,customer_hangup,0.0
1790365284,96,bb59e2c8-19e6-412e-aa3e-e50b313c9fb6,2,client_only,short,finalizada,,,-1.4269265249895398,1.368429258822861,3.038,0.38,1790365786.905,1790365789.943,,,,,,,,,,,1790365738.164,1790365835.391,,demo_booking_classic,customer_hangup,0.0
1790365284,96,bb59e2c8-19e6-412e-aa3e-e50b313c9fb6,3,client_only,medium,finalizada,,,0.4132746980176307,5.6522340940058795,13.098,2.6,1790365791.312,1790365804.41,,,,,,,,,,,1790365738.164,1790365835.391,,demo_booking_classic,customer_hangup,0.0
1790365284,96,bb59e2c8-19e6-412e-aa3e-e50b313c9fb6,4,client_only,short,finalizada,,,14.032275848003337,2.3369246474741083,18.272,0.32,1790365810.063,1790365828.335,,,,,,,,,,,1790365738.164,1790365835.391,,demo_booking_classic,customer_hangup,0.0
1790365284,96,bb59e2c8-19e6-412e-aa3e-e50b313c9fb6,5,client_only,short,finalizada,,,-1.9871532660035882,2.5240144932122752,2.187,0.32,1790365830.673,1790365832.86,,,,,,,,,,,1790365738.164,1790365835.391,,demo_booking_classic,customer_hangup,0.0
1790365284,96,bb59e2c8-19e6-412e-aa3e-e50b313c9fb6,0,server_only,,finalizada,,,,,,,,,2.54,2.468,0.072,0.564,2.679,,0.368,22.11,,3.471,1790365738.164,1790365835.391,4.476,demo_booking_classic,customer_hangup,0.0
1790365284,96,bb59e2c8-19e6-412e-aa3e-e50b313c9fb6,1,server_only,,finalizada,,,,,,,,,4.872,4.806,0.066,0.843,2.041,,0.588,4.02,,6.304,1790365738.164,1790365835.391,9.363,demo_booking_classic,customer_hangup,0.0
1790365284,96,bb59e2c8-19e6-412e-aa3e-e50b313c9fb6,2,server_only,,finalizada,,,,,,,,,2.086,1.855,0.231,0.392,2.039,,2.189,3.78,,4.667,1790365738.164,1790365835.391,5.245,demo_booking_classic,customer_hangup,0.0
1790365284,96,ac18faa9-bec5-44af-a56f-5ce1428946d6,0,client_only,short,finalizada,,,6.070127218001289,10.0,9.58,0.32,1790365747.143,1790365756.723,,,,,,,,,,,1790365738.414,1790365835.852,,demo_booking_classic,customer_hangup,0.0
1790365284,96,ac18faa9-bec5-44af-a56f-5ce1428946d6,1,client_only,short,finalizada,,timeout esperando que el agente empiece a responder,,2.417074699822186,15.467,0.48,1790365766.723,1790365782.19,,,,,,,,,,,1790365738.414,1790365835.852,,demo_booking_classic,customer_hangup,0.0
1790365284,96,ac18faa9-bec5-44af-a56f-5ce1428946d6,2,client_only,long,finalizada,,,0.27014486098778434,4.173602963684731,15.045,3.52,1790365784.608,1790365799.653,,,,,,,,,,,1790365738.414,1790365835.852,,demo_booking_classic,customer_hangup,0.0
1790365284,96,ac18faa9-bec5-44af-a56f-5ce1428946d6,3,client_only,short,finalizada,,timeout esperando que el agente empiece a responder,,1.4016502623150497,15.319,0.32,1790365803.827,1790365819.146,,,,,,,,,,,1790365738.414,1790365835.852,,demo_booking_classic,customer_hangup,0.0
1790365284,96,ac18faa9-bec5-44af-a56f-5ce1428946d6,4,client_only,medium,finalizada,,,-0.9098007059947122,1.0584320111208734,4.946,2.24,1790365820.548,1790365825.494,,,,,,,,,,,1790365738.414,1790365835.852,,demo_booking_classic,customer_hangup,0.0
1790365284,96,ac18faa9-bec5-44af-a56f-5ce1428946d6,5,client_only,short,finalizada,,,-1.5498131550266407,4.595076019012817,4.693,1.0,1790365826.553,1790365831.246,,,,,,,,,,,1790365738.414,1790365835.852,,demo_booking_classic,customer_hangup,0.0
1790365284,96,ac18faa9-bec5-44af-a56f-5ce1428946d6,0,server_only,,finalizada,,,,,,,,,2.478,2.199,0.279,0.594,1.472,,0.853,4.9,,3.924,1790365738.414,1790365835.852,4.033,demo_booking_classic,customer_hangup,0.0
1790365284,96,ac18faa9-bec5-44af-a56f-5ce1428946d6,1,server_only,,finalizada,,,,,,,,,3.523,3.211,0.312,1.75,2.312,,0.876,7.62,,6.15,1790365738.414,1790365835.852,5.97,demo_booking_classic,customer_hangup,0.0
1790365284,96,ac18faa9-bec5-44af-a56f-5ce1428946d6,2,server_only,,finalizada,,,,,,,,,2.728,2.708,0.02,0.4,1.121,,0.28,4.73,,3.408,1790365738.414,1790365835.852,4.116,demo_booking_classic,customer_hangup,0.0
1790365284,96,c140d42c-bd44-47f9-80cd-28d0f0c67a95,0,client_only,long,finalizada,,,8.180354045995045,1.2208421804413083,22.716,3.06,1790365747.553,1790365770.268,,,,,,,,,,,1790365738.664,1790365859.67,,demo_booking_classic,customer_hangup,0.0
1790365284,96,c140d42c-bd44-47f9-80cd-28d0f0c67a95,1,client_only,short,finalizada,,timeout esperando que el agente empiece a responder,,1.1536459506110812,15.482,0.48,1790365771.49,1790365786.972,,,,,,,,,,,1790365738.664,1790365859.67,,demo_booking_classic,customer_hangup,0.0
1790365284,96,c140d42c-bd44-47f9-80cd-28d0f0c67a95,2,client_only,short,finalizada,,timeout esperando que el agente termine de hablar,3.700204558990663,3.4112739877206457,29.019,0.32,1790365788.126,1790365817.144,,,,,,,,,,,1790365738.664,1790365859.67,,demo_booking_classic,customer_hangup,0.0
1790365284,96,c140d42c-bd44-47f9-80cd-28d0f0c67a95,3,client_only,short,finalizada,,,-28.799166327982675,3.0365139026546664,5.357,0.38,1790365820.556,1790365825.913,,,,,,,,,,,1790365738.664,1790365859.67,,demo_booking_classic,customer_hangup,0.0
1790365284,96,c140d42c-bd44-47f9-80cd-28d0f0c67a95,4,client_only,short,finalizada,,,-0.8391726620029658,1.592310295548764,10.718,1.0,1790365828.95,1790365839.668,,,,,,,,,,,1790365738.664,1790365859.67,,demo_booking_classic,customer_hangup,0.0
1790365284,96,c140d42c-bd44-47f9-80cd-28d0f0c67a95,5,client_only,short,finalizada,,timeout esperando que el agente empiece a responder,,3.0688788847096466,15.334,0.32,1790365841.261,1790365856.595,,,,,,,,,,,1790365738.664,1790365859.67,,demo_booking_classic,customer_hangup,0.0
1790365284,96,c140d42c-bd44-47f9-80cd-28d0f0c67a95,0,server_only,,finalizada,,,,,,,,,2.618,2.377,0.241,1.292,1.615,,0.783,5.21,,4.694,1790365738.664,1790365859.67,5.131,demo_booking_classic,customer_hangup,0.0
1790365284,96,c140d42c-bd44-47f9-80cd-28d0f0c67a95,1,server_only,,finalizada,,,,,,,,,4.314,4.207,0.107,1.338,3.585,,0.623,20.75,,6.275,1790365738.664,1790365859.67,7.183,demo_booking_classic,customer_hangup,0.0
1790365284,96,c140d42c-bd44-47f9-80cd-28d0f0c67a95,2,server_only,,finalizada,,,,,,,,,2.161,2.006,0.155,1.269,1.774,,0.42,4.18,,3.85,1790365738.664,1790365859.67,4.002,demo_booking_classic,customer_hangup,0.0
1790365284,96,c140d42c-bd44-47f9-80cd-28d0f0c67a95,3,server_only,,finalizada,,,,,,,,,2.349,2.184,0.165,0.948,1.715,,0.929,1.34,,4.226,1790365738.664,1790365859.67,4.266,demo_booking_classic,customer_hangup,0.0
1790365284,96,5caf3622-a012-4602-a4c6-7d46c2553e01,0,client_only,short,finalizada,,timeout esperando que el agente termine de hablar,7.637692393996986,4.309621709240718,33.634,1.0,1790365748.049,1790365781.682,,,,,,,,,,,1790365739.025,1790365859.883,,demo_booking_classic,customer_hangup,0.0
1790365284,96,5caf3622-a012-4602-a4c6-7d46c2553e01,1,client_only,short,finalizada,,,-30.32260133200907,1.5007656962476934,11.732,1.0,1790365785.993,1790365797.725,,,,,,,,,,,1790365739.025,1790365859.883,,demo_booking_classic,customer_hangup,0.0
1790365284,96,5caf3622-a012-4602-a4c6-7d46c2553e01,2,client_only,short,finalizada,,timeout esperando que el agente empiece a responder,,1.4778071021753794,15.48,0.48,1790365799.226,1790365814.706,,,,,,,,,,,1790365739.025,1790365859.883,,demo_booking_classic,customer_hangup,0.0
1790365284,96,5caf3622-a012-4602-a4c6-7d46c2553e01,3,client_only,long,finalizada,,,1.8575171020056587,1.8082801491669953,9.972,3.52,1790365816.184,1790365826.156,,,,,,,,,,,1790365739.025,1790365859.883,,demo_booking_classic,customer_hangup,0.0
1790365284,96,5caf3622-a012-4602-a4c6-7d46c2553e01,4,client_only,medium,finalizada,,,-2.7224925569898915,4.333813079051568,7.393,2.24,1790365827.965,1790365835.359,,,,,,,,,,,1790365739.025,1790365859.883,,demo_booking_classic,customer_hangup,0.0
1790365284,96,5caf3622-a012-4602-a4c6-7d46c2553e01,5,client_only,short,finalizada,,,9.178050429007271,2.9569073777290025,17.228,1.0,1790365839.693,1790365856.921,,,,,,,,,,,1790365739.025,1790365859.883,,demo_booking_classic,customer_hangup,0.0
1790365284,96,5caf3622-a012-4602-a4c6-7d46c2553e01,0,server_only,,finalizada,,,,,,,,,1.347,1.261,0.086,1.109,3.155,,1.636,21.47,,4.092,1790365739.025,1790365859.883,4.919,demo_booking_classic,customer_hangup,0.0
1790365284,96,5caf3622-a012-4602-a4c6-7d46c2553e01,1,server_only,,finalizada,,,,,,,,,3.741,2.544,1.197,2.66,4.079,,1.007,4.25,,7.408,1790365739.025,1790365859.883,7.708,demo_booking_classic,customer_hangup,0.0
1790365284,96,5caf3622-a012-4602-a4c6-7d46c2553e01,2,server_only,,finalizada,,,,,,,,,0.682,0.671,0.011,1.145,4.145,,0.347,3.77,,2.173,1790365739.025,1790365859.883,5.287,demo_booking_classic,customer_hangup,0.0
1790365284,96,af6f585e-5ba9-4423-b19e-e17ef557f5c9,0,client_only,long,finalizada,,,8.923434447991895,1.4540864046058166,21.621,3.06,1790365749.173,1790365770.794,,,,,,,,,,,1790365739.267,1790365878.377,,demo_booking_classic,customer_hangup,0.0
1790365284,96,af6f585e-5ba9-4423-b19e-e17ef557f5c9,1,client_only,long,finalizada,,timeout esperando que el agente termine de hablar,13.023335297999438,1.6553608554447388,41.547,3.52,1790365772.248,1790365813.795,,,,,,,,,,,1790365739.267,1790365878.377,,demo_booking_classic,customer_hangup,0.0
1790365284,96,af6f585e-5ba9-4423-b19e-e17ef557f5c9,2,client_only,short,finalizada,,,-26.97656111101969,1.5784960599766682,17.265,0.32,1790365815.451,1790365832.716,,,,,,,,,,,1790365739.267,1790365878.377,,demo_booking_classic,customer_hangup,0.0
1790365284,96,af6f585e-5ba9-4423-b19e-e17ef557f5c9,3,client_only,short,finalizada,,timeout esperando que el agente empiece a responder,,5.795893916499339,16.018,1.0,1790365834.295,1790365850.313,,,,,,,,,,,1790365739.267,1790365878.377,,demo_booking_classic,customer_hangup,0.0
1790365284,96,af6f585e-5ba9-4423-b19e-e17ef557f5c9,4,client_only,long,finalizada,,,-0.4371204339840915,2.3064633945607276,8.793,3.52,1790365856.11,1790365864.902,,,,,,,,,,,1790365739.267,1790365878.377,,demo_booking_classic,customer_hangup,0.0
1790365284,96,af6f585e-5ba9-4423-b19e-e17ef557f5c9,5,client_only,long,finalizada,,,0.42299015301978216,1.5876309182374726,9.574,3.52,1790365867.21,1790365876.784,,,,,,,,,,,1790365739.267,1790365878.377,,demo_booking_classic,customer_hangup,0.0
1790365284,96,af6f585e-5ba9-4423-b19e-e17ef557f5c9,0,server_only,,finalizada,,,,,,,,,2.097,1.879,0.218,2.243,2.554,,0.598,6.01,,4.939,1790365739.267,1790365878.377,5.169,demo_booking_classic,customer_hangup,0.0
1790365284,96,af6f585e-5ba9-4423-b19e-e17ef557f5c9,1,server_only,,finalizada,,,,,,,,,3.305,3.081,0.224,0.509,2.746,,1.208,21.47,,5.022,1790365739.267,1790365878.377,5.989,demo_booking_classic,customer_hangup,0.0
1790365284,96,af6f585e-5ba9-4423-b19e-e17ef557f5c9,2,server_only,,finalizada,,,,,,,,,1.616,1.545,0.07,0.798,2.162,,0.241,4.25,,2.655,1790365739.267,1790365878.377,3.995,demo_booking_classic,customer_hangup,0.0
1790365284,96,af6f585e-5ba9-4423-b19e-e17ef557f5c9,3,server_only,,finalizada,,,,,,,,,1.043,0.261,0.782,0.364,1.257,,0.515,4.5,,1.922,1790365739.267,1790365878.377,1.819,demo_booking_classic,customer_hangup,0.0
1790365284,96,af6f585e-5ba9-4423-b19e-e17ef557f5c9,4,server_only,,finalizada,,,,,,,,,1.02,0.988,0.032,,,,,0.0,,,1790365739.267,1790365878.377,,demo_booking_classic,customer_hangup,0.0
1790365284,96,ba18a318-d326-4cb6-ad2b-e62546c17ea4,0,paired,medium,finalizada,,timeout esperando que el agente termine de hablar,5.8350145159929525,2.7152332307536895,33.429,2.6,1790365747.801,1790365781.23,1.816,1.797,0.018,0.343,1.902,,1.124,23.31,,3.282,1790365739.517,1790365889.187,4.167,demo_booking_classic,customer_hangup,0.0
1790365284,96,ba18a318-d326-4cb6-ad2b-e62546c17ea4,1,paired,short,finalizada,,,-2.8454921590164304,2.6291312274388465,16.68,1.0,1790365783.946,1790365800.626,3.265,2.307,0.959,1.521,2.254,,0.347,4.82,,5.133,1790365739.517,1790365889.187,5.333,demo_booking_classic,customer_hangup,0.0
1790365284,96,ba18a318-d326-4cb6-ad2b-e62546c17ea4,2,paired,long,finalizada,,,13.595238937996328,1.5405734269533133,24.062,3.06,1790365803.256,1790365827.318,3.564,3.374,0.189,0.823,2.911,,0.365,4.81,,4.751,1790365739.517,1790365889.187,6.886,demo_booking_classic,customer_hangup,0.0
1790365284,96,ba18a318-d326-4cb6-ad2b-e62546c17ea4,3,paired,short,finalizada,,,14.935270809015492,3.179563583186826,22.898,0.48,1790365828.859,1790365851.757,0.0,0.0,0.0,0.364,1.066,,0.246,4.09,,0.61,1790365739.517,1790365889.187,,demo_booking_classic,customer_hangup,0.0
1790365284,96,ba18a318-d326-4cb6-ad2b-e62546c17ea4,4,paired,long,finalizada,,,5.434757340990473,4.11687019504611,13.973,3.06,1790365854.937,1790365868.911,1.162,1.113,0.049,0.638,1.353,,0.15,4.17,,1.95,1790365739.517,1790365889.187,2.641,demo_booking_classic,customer_hangup,0.0
1790365284,96,ba18a318-d326-4cb6-ad2b-e62546c17ea4,5,paired,short,finalizada,,,3.655278555001132,8.705128177875222,7.449,0.38,1790365873.028,1790365880.477,1.369,1.367,0.002,0.495,1.565,,0.199,4.33,,2.063,1790365739.517,1790365889.187,3.17,demo_booking_classic,customer_hangup,0.0
1790365284,96,7568cbcd-523f-46a4-a3a2-2c8dc6014191,0,client_only,medium,finalizada,,,7.921793967980193,5.672699668852972,15.59,2.24,1790365748.745,1790365764.335,,,,,,,,,,,1790365739.767,1790365803.153,,demo_booking_classic,customer_hangup,0.0
1790365284,96,7568cbcd-523f-46a4-a3a2-2c8dc6014191,1,client_only,short,finalizada,,,-5.038977229996817,1.7172057419314988,4.818,0.48,1790365770.009,1790365774.827,,,,,,,,,,,1790365739.767,1790365803.153,,demo_booking_classic,customer_hangup,0.0
1790365284,96,7568cbcd-523f-46a4-a3a2-2c8dc6014191,2,client_only,short,finalizada,,,8.281234663998475,2.1760040922723367,11.682,0.48,1790365776.544,1790365788.226,,,,,,,,,,,1790365739.767,1790365803.153,,demo_booking_classic,customer_hangup,0.0
1790365284,96,7568cbcd-523f-46a4-a3a2-2c8dc6014191,3,client_only,short,finalizada,,,-2.4785451969946735,2.0862756516211514,2.128,0.38,1790365790.404,1790365792.532,,,,,,,,,,,1790365739.767,1790365803.153,,demo_booking_classic,customer_hangup,0.0
1790365284,96,7568cbcd-523f-46a4-a3a2-2c8dc6014191,4,client_only,short,finalizada,,,-1.558908851002343,2.7094404841882347,1.315,1.0,1790365794.619,1790365795.934,,,,,,,,,,,1790365739.767,1790365803.153,,demo_booking_classic,customer_hangup,0.0
1790365284,96,7568cbcd-523f-46a4-a3a2-2c8dc6014191,5,client_only,short,finalizada,,,0.280659492011182,1.119266983380662,3.382,0.38,1790365798.644,1790365802.026,,,,,,,,,,,1790365739.767,1790365803.153,,demo_booking_classic,customer_hangup,0.0
1790365284,96,7568cbcd-523f-46a4-a3a2-2c8dc6014191,0,server_only,,finalizada,,,,,,,,,3.872,3.519,0.354,0.572,1.117,,1.087,8.99,,5.531,1790365739.767,1790365803.153,5.482,demo_booking_classic,customer_hangup,0.0
1790365284,96,7568cbcd-523f-46a4-a3a2-2c8dc6014191,1,server_only,,finalizada,,,,,,,,,3.891,3.708,0.182,0.539,1.261,,0.557,3.7,,4.987,1790365739.767,1790365803.153,5.322,demo_booking_classic,customer_hangup,0.0
1790365284,96,7568cbcd-523f-46a4-a3a2-2c8dc6014191,2,server_only,,finalizada,,,,,,,,,2.759,2.737,0.023,1.12,2.221,,1.894,3.94,,5.774,1790365739.767,1790365803.153,6.051,demo_booking_classic,customer_hangup,0.0
1790365284,96,1b20b086-1483-457f-a988-82cf8bbb7499,0,client_only,short,finalizada,,,9.547200425993651,2.9994861751610635,12.963,0.38,1790365750.363,1790365763.326,,,,,,,,,,,1790365739.022,1790365848.079,,demo_booking_classic,customer_hangup,0.0
1790365284,96,1b20b086-1483-457f-a988-82cf8bbb7499,1,client_only,long,finalizada,,timeout esperando que el agente empiece a responder,,2.980875957911475,18.523,3.52,1790365766.326,1790365784.849,,,,,,,,,,,1790365739.022,1790365848.079,,demo_booking_classic,customer_hangup,0.0
1790365284,96,1b20b086-1483-457f-a988-82cf8bbb7499,2,client_only,long,finalizada,,,-3.8728868199978024,2.4150050817123527,8.772,3.52,1790365787.83,1790365796.602,,,,,,,,,,,1790365739.022,1790365848.079,,demo_booking_classic,customer_hangup,0.0
1790365284,96,1b20b086-1483-457f-a988-82cf8bbb7499,3,client_only,long,finalizada,,timeout esperando que el agente empiece a responder,,5.338185571104437,18.048,3.06,1790365799.019,1790365817.067,,,,,,,,,,,1790365739.022,1790365848.079,,demo_booking_classic,customer_hangup,0.0
1790365284,96,1b20b086-1483-457f-a988-82cf8bbb7499,4,client_only,short,finalizada,,,1.5071692149795126,2.7043351668100963,9.601,0.48,1790365822.406,1790365832.006,,,,,,,,,,,1790365739.022,1790365848.079,,demo_booking_classic,customer_hangup,0.0
1790365284,96,1b20b086-1483-457f-a988-82cf8bbb7499,5,client_only,short,finalizada,,,5.606627433997346,1.3173764493302347,12.045,0.32,1790365834.711,1790365846.756,,,,,,,,,,,1790365739.022,1790365848.079,,demo_booking_classic,customer_hangup,0.0
1790365284,96,1b20b086-1483-457f-a988-82cf8bbb7499,0,server_only,,finalizada,,,,,,,,,2.792,2.293,0.499,1.848,3.15,,0.811,5.46,,5.451,1790365739.022,1790365848.079,6.276,demo_booking_classic,customer_hangup,0.0
1790365284,96,1b20b086-1483-457f-a988-82cf8bbb7499,1,server_only,,finalizada,,,,,,,,,4.712,4.089,0.623,1.558,1.943,,0.665,4.41,,6.935,1790365739.022,1790365848.079,7.017,demo_booking_classic,customer_hangup,0.0
1790365284,96,1b20b086-1483-457f-a988-82cf8bbb7499,2,server_only,,finalizada,,,,,,,,,3.906,3.856,0.05,1.475,1.8,,1.301,4.97,,6.683,1790365739.022,1790365848.079,7.14,demo_booking_classic,customer_hangup,0.0
1790365284,96,1b20b086-1483-457f-a988-82cf8bbb7499,3,server_only,,finalizada,,,,,,,,,3.881,3.071,0.81,2.052,2.928,,0.684,4.33,,6.617,1790365739.022,1790365848.079,7.252,demo_booking_classic,customer_hangup,0.0
1790365284,96,2bb25cca-0ba8-4042-92e7-16f34212876c,0,client_only,medium,finalizada,,,8.888744911004324,2.3153407624542717,28.328,2.6,1790365748.142,1790365776.469,,,,,,,,,,,1790365739.264,1790365862.181,,demo_booking_classic,customer_hangup,0.0
1790365284,96,2bb25cca-0ba8-4042-92e7-16f34212876c,1,client_only,long,finalizada,,,-5.771228292986052,1.7805514624739918,23.512,3.52,1790365778.786,1790365802.298,,,,,,,,,,,1790365739.264,1790365862.181,,demo_booking_classic,customer_hangup,0.0
1790365284,96,2bb25cca-0ba8-4042-92e7-16f34212876c,2,client_only,short,finalizada,,,11.628911237989087,3.255582058215044,17.215,0.32,1790365804.079,1790365821.294,,,,,,,,,,,1790365739.264,1790365862.181,,demo_booking_classic,customer_hangup,0.0
1790365284,96,2bb25cca-0ba8-4042-92e7-16f34212876c,3,client_only,medium,finalizada,,,-5.211900568014244,1.4060896753187784,2.953,2.24,1790365824.55,1790365827.503,,,,,,,,,,,1790365739.264,1790365862.181,,demo_booking_classic,customer_hangup,0.0
1790365284,96,2bb25cca-0ba8-4042-92e7-16f34212876c,4,client_only,short,finalizada,,timeout esperando que el agente empiece a responder,,2.9481748518125834,16.001,1.0,1790365828.909,1790365844.911,,,,,,,,,,,1790365739.264,1790365862.181,,demo_booking_classic,customer_hangup,0.0
1790365284,96,2bb25cca-0ba8-4042-92e7-16f34212876c,5,client_only,short,finalizada,,,2.6487139709934127,3.5437260519799776,10.768,1.0,1790365847.86,1790365858.628,,,,,,,,,,,1790365739.264,1790365862.181,,demo_booking_classic,customer_hangup,0.0
1790365284,96,2bb25cca-0ba8-4042-92e7-16f34212876c,0,server_only,,finalizada,,,,,,,,,2.811,2.329,0.483,1.038,3.022,,1.299,22.75,,5.148,1790365739.264,1790365862.181,5.853,demo_booking_classic,customer_hangup,0.0
1790365284,96,2bb25cca-0ba8-4042-92e7-16f34212876c,1,server_only,,finalizada,,,,,,,,,4.131,4.007,0.124,0.923,1.373,,0.791,6.01,,5.846,1790365739.264,1790365862.181,7.074,demo_booking_classic,customer_hangup,0.0
1790365284,96,2bb25cca-0ba8-4042-92e7-16f34212876c,2,server_only,,finalizada,,,,,,,,,2.987,2.263,0.724,1.471,2.767,,0.917,4.34,,5.375,1790365739.264,1790365862.181,5.418,demo_booking_classic,customer_hangup,0.0
1790365284,96,9ce8b91e-48f1-4615-bed3-e1462dacdfc4,0,client_only,short,finalizada,,timeout esperando que el agente termine de hablar,7.6852223870228045,3.4611826913446806,33.692,1.0,1790365748.345,1790365782.037,,,,,,,,,,,1790365739.513,1790365832.897,,demo_booking_classic,customer_hangup,0.0
1790365284,96,9ce8b91e-48f1-4615-bed3-e1462dacdfc4,1,client_only,short,finalizada,,,-28.955189025989966,4.118985044869273,3.198,0.48,1790365785.499,1790365788.698,,,,,,,,,,,1790365739.513,1790365832.897,,demo_booking_classic,customer_hangup,0.0
1790365284,96,9ce8b91e-48f1-4615-bed3-e1462dacdfc4,2,client_only,short,finalizada,,,-4.274333918001503,2.5380615952718246,2.653,0.48,1790365792.818,1790365795.47,,,,,,,,,,,1790365739.513,1790365832.897,,demo_booking_classic,customer_hangup,0.0
1790365284,96,9ce8b91e-48f1-4615-bed3-e1462dacdfc4,3,client_only,long,finalizada,,timeout esperando que el agente empiece a responder,,1.819870894402939,18.069,3.06,1790365798.01,1790365816.079,,,,,,,,,,,1790365739.513,1790365832.897,,demo_booking_classic,customer_hangup,0.0
1790365284,96,9ce8b91e-48f1-4615-bed3-e1462dacdfc4,4,client_only,short,finalizada,,,1.7654704360174946,2.126677763260824,5.679,1.0,1790365817.899,1790365823.579,,,,,,,,,,,1790365739.513,1790365832.897,,demo_booking_classic,customer_hangup,0.0
1790365284,96,9ce8b91e-48f1-4615-bed3-e1462dacdfc4,5,client_only,medium,finalizada,,,0.20521278600790538,3.3469256593088383,3.832,2.12,1790365825.706,1790365829.538,,,,,,,,,,,1790365739.513,1790365832.897,,demo_booking_classic,customer_hangup,0.0
1790365284,96,9ce8b91e-48f1-4615-bed3-e1462dacdfc4,0,server_only,,finalizada,,,,,,,,,1.759,1.557,0.202,1.485,2.548,,0.661,19.71,,3.905,1790365739.513,1790365832.897,5.029,demo_booking_classic,customer_hangup,0.0
1790365284,96,9ce8b91e-48f1-4615-bed3-e1462dacdfc4,1,server_only,,finalizada,,,,,,,,,3.826,3.779,0.048,0.587,1.49,,0.838,5.05,,5.251,1790365739.513,1790365832.897,6.266,demo_booking_classic,customer_hangup,0.0
1790365284,96,9ce8b91e-48f1-4615-bed3-e1462dacdfc4,2,server_only,,finalizada,,,,,,,,,2.309,2.144,0.165,0.796,0.954,,0.696,3.05,,3.801,1790365739.513,1790365832.897,4.399,demo_booking_classic,customer_hangup,0.0
1790365284,96,8ea64c98-3d53-408a-892d-3f664e459833,0,paired,long,finalizada,,,8.153587812994374,1.1190060927596992,21.513,3.52,1790365748.827,1790365770.34,1.702,1.692,0.01,1.28,2.109,,0.979,4.81,,3.961,1790365739.764,1790365878.942,5.25,demo_booking_classic,customer_hangup,0.0
1790365284,96,8ea64c98-3d53-408a-892d-3f664e459833,1,paired,short,finalizada,,timeout esperando que el agente empiece a responder,,1.1481579675573468,15.47,0.48,1790365771.46,1790365786.93,1.856,1.303,0.553,1.381,2.427,,1.43,5.37,,4.667,1790365739.764,1790365878.942,5.622,demo_booking_classic,customer_hangup,0.0
1790365284,96,8ea64c98-3d53-408a-892d-3f664e459833,2,paired,short,finalizada,,,1.0131356539786793,1.0,14.446,0.32,1790365788.079,1790365802.525,1.629,0.311,1.318,0.344,1.211,,0.834,3.78,,2.806,1790365739.764,1790365878.942,2.838,demo_booking_classic,customer_hangup,0.0
1790365284,96,8ea64c98-3d53-408a-892d-3f664e459833,3,paired,medium,finalizada,,,13.853085893002572,2.2774780741965692,22.171,2.12,1790365803.525,1790365825.697,2.148,1.921,0.227,0.401,2.342,,0.805,6.58,,3.353,1790365739.764,1790365878.942,4.477,demo_booking_classic,customer_hangup,0.0
1790365284,96,8ea64c98-3d53-408a-892d-3f664e459833,4,paired,medium,finalizada,,,12.47313205501996,2.549525030664927,27.35,2.24,1790365827.975,1790365855.325,2.068,1.947,0.121,0.78,1.623,,0.782,4.18,,3.631,1790365739.764,1790365878.942,3.88,demo_booking_classic,customer_hangup,0.0
1790365284,96,8ea64c98-3d53-408a-892d-3f664e459833,5,paired,medium,finalizada,,,8.853157620003913,4.356511650231142,16.687,2.24,1790365857.875,1790365874.562,1.875,1.81,0.065,0.301,0.61,,0.205,0.05,,2.382,1790365739.764,1790365878.942,2.437,demo_booking_classic,customer_hangup,0.0
1790365284,96,61a920e1-4e72-4400-b5cc-8227dd4d1d20,0,paired,medium,finalizada,,,8.082944782014238,3.9056267973607994,19.042,2.12,1790365749.862,1790365768.904,2.228,1.762,0.465,1.422,2.155,,0.562,4.73,,4.211,1790365740.957,1790365879.047,4.584,demo_booking_classic,customer_hangup,0.0
1790365284,96,61a920e1-4e72-4400-b5cc-8227dd4d1d20,1,paired,long,finalizada,,,9.823507229011739,4.156952735801615,22.807,3.06,1790365772.811,1790365795.618,3.565,3.178,0.387,1.723,1.819,,0.546,5.14,,5.833,1790365740.957,1790365879.047,5.744,demo_booking_classic,customer_hangup,0.0
1790365284,96,61a920e1-4e72-4400-b5cc-8227dd4d1d20,2,paired,short,finalizada,,timeout esperando que el agente empiece a responder,,2.1794296014032377,16.002,1.0,1790365799.776,1790365815.778,5.862,5.825,0.036,0.622,1.59,,1.064,4.42,,7.547,1790365740.957,1790365879.047,8.509,demo_booking_classic,customer_hangup,0.0
1790365284,96,61a920e1-4e72-4400-b5cc-8227dd4d1d20,3,paired,long,finalizada,,,7.123972412984585,5.056316353169801,22.371,3.06,1790365817.958,1790365840.33,3.526,3.381,0.145,1.009,2.394,,0.318,4.98,,4.853,1790365740.957,1790365879.047,5.832,demo_booking_classic,customer_hangup,0.0
1790365284,96,61a920e1-4e72-4400-b5cc-8227dd4d1d20,4,paired,long,finalizada,,,6.3028837730234955,3.290901779381894,17.94,3.52,1790365845.387,1790365863.327,1.703,1.646,0.058,0.59,3.116,,0.295,5.61,,2.589,1790365740.957,1790365879.047,5.094,demo_booking_classic,customer_hangup,0.0
1790365284,96,61a920e1-4e72-4400-b5cc-8227dd4d1d20,5,paired,long,finalizada,,,5.522753458993975,1.3448050967586007,11.078,3.52,1790365866.619,1790365877.697,1.218,1.172,0.046,,,,,0.0,,,1790365740.957,1790365879.047,,demo_booking_classic,customer_hangup,0.0
1790365284,96,0a098b69-1cd4-4607-9b71-c50a249bf06a,0,paired,long,finalizada,,,11.18546611801139,2.8151325567794245,22.624,3.52,1790365750.67,1790365773.293,3.481,3.262,0.219,0.991,1.921,,0.492,5.61,,4.963,1790365741.197,1790365881.162,6.101,demo_booking_classic,customer_hangup,0.0
1790365284,96,0a098b69-1cd4-4607-9b71-c50a249bf06a,1,paired,long,finalizada,,timeout esperando que el agente empiece a responder,,1.8943054130323074,18.522,3.52,1790365776.11,1790365794.631,1.224,0.0,1.224,0.598,1.572,,0.36,6.25,,2.183,1790365741.197,1790365881.162,2.035,demo_booking_classic,customer_hangup,0.0
1790365284,96,0a098b69-1cd4-4607-9b71-c50a249bf06a,2,paired,long,finalizada,,,-2.694058955006767,6.970706159896139,11.759,3.06,1790365796.526,1790365808.285,0.987,0.0,0.987,2.419,2.95,,0.765,7.14,,4.172,1790365741.197,1790365881.162,1.909,demo_booking_classic,customer_hangup,0.0
1790365284,96,0a098b69-1cd4-4607-9b71-c50a249bf06a,3,paired,short,finalizada,,timeout esperando que el agente empiece a responder,,3.319632819419275,15.332,0.32,1790365815.256,1790365830.588,1.742,1.461,0.281,0.929,3.223,,0.427,9.15,,3.098,1790365741.197,1790365881.162,4.505,demo_booking_classic,customer_hangup,0.0
1790365284,96,0a098b69-1cd4-4607-9b71-c50a249bf06a,4,paired,long,finalizada,,,-2.9543609489919618,1.3427814416245034,14.336,3.06,1790365833.909,1790365848.245,0.81,0.72,0.089,0.405,3.003,,0.365,1.89,,1.579,1790365741.197,1790365881.162,3.783,demo_booking_classic,customer_hangup,0.0
1790365284,96,0a098b69-1cd4-4607-9b71-c50a249bf06a,5,paired,short,finalizada,,,9.265658551012166,10.0,21.569,0.32,1790365849.588,1790365871.157,1.116,1.072,0.044,0.453,2.33,,0.276,7.03,,1.845,1790365741.197,1790365881.162,1.965,demo_booking_classic,customer_hangup,0.0
1790365284,96,dfeee98a-9a97-4692-bd1a-ac11fb7f6b50,0,client_only,short,finalizada,,,7.96526488600648,4.77463432772796,14.672,0.48,1790365751.1,1790365765.772,,,,,,,,,,,1790365741.448,1790365841.913,,demo_booking_classic,customer_hangup,0.0
1790365284,96,dfeee98a-9a97-4692-bd1a-ac11fb7f6b50,1,client_only,short,finalizada,,,-3.734890334017109,2.046553555304482,17.949,0.48,1790365770.547,1790365788.496,,,,,,,,,,,1790365741.448,1790365841.913,,demo_booking_classic,customer_hangup,0.0
1790365284,96,dfeee98a-9a97-4692-bd1a-ac11fb7f6b50,2,client_only,short,finalizada,,,2.4653853490017354,4.443721351573848,6.189,1.0,1790365790.543,1790365796.732,,,,,,,,,,,1790365741.448,1790365841.913,,demo_booking_classic,customer_hangup,0.0
1790365284,96,dfeee98a-9a97-4692-bd1a-ac11fb7f6b50,3,client_only,short,finalizada,,,-4.474376753991237,3.371552145765621,1.474,0.48,1790365801.176,1790365802.651,,,,,,,,,,,1790365741.448,1790365841.913,,demo_booking_classic,customer_hangup,0.0
1790365284,96,dfeee98a-9a97-4692-bd1a-ac11fb7f6b50,4,client_only,medium,finalizada,,timeout esperando que el agente empiece a responder,,1.3348655901077975,17.251,2.24,1790365806.023,1790365823.274,,,,,,,,,,,1790365741.448,1790365841.913,,demo_booking_classic,customer_hangup,0.0
1790365284,96,dfeee98a-9a97-4692-bd1a-ac11fb7f6b50,5,client_only,short,finalizada,,,2.5248477660061326,1.804105610576702,15.493,1.0,1790365824.61,1790365840.103,,,,,,,,,,,1790365741.448,1790365841.913,,demo_booking_classic,customer_hangup,0.0
1790365284,96,dfeee98a-9a97-4692-bd1a-ac11fb7f6b50,0,server_only,,finalizada,,,,,,,,,2.471,2.311,0.16,1.274,3.263,,0.436,21.71,,4.18,1790365741.448,1790365841.913,4.886,demo_booking_classic,customer_hangup,0.0
1790365284,96,dfeee98a-9a97-4692-bd1a-ac11fb7f6b50,1,server_only,,finalizada,,,,,,,,,2.227,2.154,0.073,0.372,1.08,,0.699,5.37,,3.298,1790365741.448,1790365841.913,4.303,demo_booking_classic,customer_hangup,0.0
1790365284,96,dfeee98a-9a97-4692-bd1a-ac11fb7f6b50,2,server_only,,finalizada,,,,,,,,,2.275,2.266,0.008,0.879,1.727,,0.592,3.53,,3.746,1790365741.448,1790365841.913,4.677,demo_booking_classic,customer_hangup,0.0
1790365284,96,dfeee98a-9a97-4692-bd1a-ac11fb7f6b50,3,server_only,,finalizada,,,,,,,,,3.034,2.972,0.062,,,,,0.0,,,1790365741.448,1790365841.913,,demo_booking_classic,customer_hangup,0.0
1790365284,96,1bb52ae0-82bc-4755-8ac7-ffd89068934f,0,client_only,short,finalizada,,,11.931635512999492,3.2274863434915093,25.011,1.0,1790365751.244,1790365776.255,,,,,,,,,,,1790365741.698,1790365840.405,,demo_booking_classic,customer_hangup,0.0
1790365284,96,1bb52ae0-82bc-4755-8ac7-ffd89068934f,1,client_only,short,finalizada,,,-3.6290457569994032,1.6600666402123165,4.805,1.0,1790365779.484,1790365784.288,,,,,,,,,,,1790365741.698,1790365840.405,,demo_booking_classic,customer_hangup,0.0
1790365284,96,1bb52ae0-82bc-4755-8ac7-ffd89068934f,2,client_only,medium,finalizada,,,-3.389457644021604,3.176562158949465,11.668,2.24,1790365785.949,1790365797.617,,,,,,,,,,,1790365741.698,1790365840.405,,demo_booking_classic,customer_hangup,0.0
1790365284,96,1bb52ae0-82bc-4755-8ac7-ffd89068934f,3,client_only,short,finalizada,,,11.250956650008447,1.4623930009956376,15.087,1.0,1790365800.794,1790365815.881,,,,,,,,,,,1790365741.698,1790365840.405,,demo_booking_classic,customer_hangup,0.0
1790365284,96,1bb52ae0-82bc-4755-8ac7-ffd89068934f,4,client_only,medium,finalizada,,,0.7518912490049843,1.8185978832825451,5.025,2.12,1790365817.344,1790365822.369,,,,,,,,,,,1790365741.698,1790365840.405,,demo_booking_classic,customer_hangup,0.0
1790365284,96,1bb52ae0-82bc-4755-8ac7-ffd89068934f,5,client_only,short,finalizada,,,2.3918202329950873,4.503018489659495,11.692,0.38,1790365824.189,1790365835.881,,,,,,,,,,,1790365741.698,1790365840.405,,demo_booking_classic,customer_hangup,0.0
1790365284,96,1bb52ae0-82bc-4755-8ac7-ffd89068934f,0,server_only,,finalizada,,,,,,,,,3.175,3.158,0.017,1.122,3.178,,1.251,20.11,,5.548,1790365741.698,1790365840.405,7.285,demo_booking_classic,customer_hangup,0.0
1790365284,96,1bb52ae0-82bc-4755-8ac7-ffd89068934f,1,server_only,,finalizada,,,,,,,,,2.105,1.934,0.171,0.965,1.215,,0.366,5.14,,3.435,1790365741.698,1790365840.405,3.463,demo_booking_classic,customer_hangup,0.0
1790365284,96,1bb52ae0-82bc-4755-8ac7-ffd89068934f,2,server_only,,finalizada,,,,,,,,,3.276,3.006,0.271,0.702,2.135,,0.299,5.77,,4.278,1790365741.698,1790365840.405,6.817,demo_booking_classic,customer_hangup,0.0
1790365284,96,1bb52ae0-82bc-4755-8ac7-ffd89068934f,3,server_only,,finalizada,,,,,,,,,1.568,1.491,0.077,0.821,1.207,,1.076,0.05,,3.465,1790365741.698,1790365840.405,,demo_booking_classic,customer_hangup,0.0
1790365284,96,3202bd12-82ce-42c4-bc12-04b962e39603,0,client_only,short,finalizada,,,9.098754718026612,2.3269686438907393,12.275,0.38,1790365751.489,1790365763.764,,,,,,,,,,,1790365741.166,1790365860.627,,demo_booking_classic,customer_hangup,0.0
1790365284,96,3202bd12-82ce-42c4-bc12-04b962e39603,1,client_only,short,finalizada,,,-2.1018773640098516,1.7024001864898783,3.071,0.48,1790365766.092,1790365769.163,,,,,,,,,,,1790365741.166,1790365860.627,,demo_booking_classic,customer_hangup,0.0
1790365284,96,3202bd12-82ce-42c4-bc12-04b962e39603,2,client_only,long,finalizada,,,8.158741048013326,1.0,15.443,3.06,1790365770.866,1790365786.309,,,,,,,,,,,1790365741.166,1790365860.627,,demo_booking_classic,customer_hangup,0.0
1790365284,96,3202bd12-82ce-42c4-bc12-04b962e39603,3,client_only,long,finalizada,,,8.218240562011488,2.4883007559820154,18.567,3.06,1790365787.31,1790365805.877,,,,,,,,,,,1790365741.166,1790365860.627,,demo_booking_classic,customer_hangup,0.0
1790365284,96,3202bd12-82ce-42c4-bc12-04b962e39603,4,client_only,long,finalizada,,,10.638790745986626,3.993332659291687,22.432,3.52,1790365808.366,1790365830.798,,,,,,,,,,,1790365741.166,1790365860.627,,demo_booking_classic,customer_hangup,0.0
1790365284,96,3202bd12-82ce-42c4-bc12-04b962e39603,5,client_only,long,finalizada,,,11.758640551997814,3.1844664468953097,22.639,3.52,1790365834.792,1790365857.431,,,,,,,,,,,1790365741.166,1790365860.627,,demo_booking_classic,customer_hangup,0.0
1790365284,96,3202bd12-82ce-42c4-bc12-04b962e39603,0,server_only,,finalizada,,,,,,,,,3.242,2.979,0.263,1.451,2.774,,0.943,4.1,,5.635,1790365741.166,1790365860.627,6.583,demo_booking_classic,customer_hangup,0.0
1790365284,96,3202bd12-82ce-42c4-bc12-04b962e39603,1,server_only,,finalizada,,,,,,,,,0.0,0.0,0.0,1.867,3.068,,0.428,8.1,,2.295,1790365741.166,1790365860.627,,demo_booking_classic,customer_hangup,0.0
1790365284,96,3202bd12-82ce-42c4-bc12-04b962e39603,2,server_only,,finalizada,,,,,,,,,1.604,0.895,0.709,1.153,1.725,,1.106,6.02,,3.863,1790365741.166,1790365860.627,4.126,demo_booking_classic,customer_hangup,0.0
1790365284,96,3202bd12-82ce-42c4-bc12-04b962e39603,3,server_only,,finalizada,,,,,,,,,1.452,0.146,1.306,0.376,1.294,,1.059,4.17,,2.886,1790365741.166,1790365860.627,2.563,demo_booking_classic,customer_hangup,0.0
1790365284,96,3202bd12-82ce-42c4-bc12-04b962e39603,4,server_only,,finalizada,,,,,,,,,1.931,1.802,0.129,0.474,0.992,,0.61,4.41,,3.015,1790365741.166,1790365860.627,3.638,demo_booking_classic,customer_hangup,0.0
1790365284,96,c97d6bbf-f804-4408-a83b-2b6055b8b95a,0,paired,medium,finalizada,,,8.485757996008033,1.683448995846987,20.153,2.12,1790365751.861,1790365772.015,2.707,2.439,0.268,0.561,1.396,,0.718,5.13,,3.986,1790365741.408,1790365874.161,4.736,demo_booking_classic,customer_hangup,0.0
1790365284,96,c97d6bbf-f804-4408-a83b-2b6055b8b95a,1,paired,medium,finalizada,,,10.245478344993899,1.4967501348947652,22.648,2.12,1790365773.699,1790365796.347,2.756,2.525,0.231,1.365,1.465,,1.244,4.25,,5.365,1790365741.408,1790365874.161,5.572,demo_booking_classic,customer_hangup,0.0
1790365284,96,c97d6bbf-f804-4408-a83b-2b6055b8b95a,2,paired,short,finalizada,,timeout esperando que el agente empiece a responder,,2.681377204369224,15.337,0.32,1790365797.844,1790365813.181,2.533,2.168,0.364,0.703,1.927,,0.763,4.66,,3.999,1790365741.408,1790365874.161,4.989,demo_booking_classic,customer_hangup,0.0
1790365284,96,c97d6bbf-f804-4408-a83b-2b6055b8b95a,3,paired,long,finalizada,,,1.5251420120184775,4.145531765960347,13.881,3.06,1790365815.863,1790365829.744,2.996,1.773,1.223,1.835,2.275,,0.742,4.17,,5.574,1790365741.408,1790365874.161,4.912,demo_booking_classic,customer_hangup,0.0
1790365284,96,c97d6bbf-f804-4408-a83b-2b6055b8b95a,4,paired,short,finalizada,,,9.565345962007996,4.092605884032755,17.888,0.48,1790365833.891,1790365851.779,1.125,1.036,0.089,0.911,2.139,,0.334,5.14,,2.369,1790365741.408,1790365874.161,3.356,demo_booking_classic,customer_hangup,0.0
1790365284,96,c97d6bbf-f804-4408-a83b-2b6055b8b95a,5,paired,short,finalizada,,,5.265603887004545,6.255522628102422,12.022,0.32,1790365855.872,1790365867.894,1.168,1.143,0.025,0.491,2.193,,0.253,3.86,,1.912,1790365741.408,1790365874.161,2.414,demo_booking_classic,customer_hangup,0.0
1790365284,96,00c0c776-569b-4de5-b74d-44f4f6028328,0,client_only,medium,finalizada,,,9.48788556701038,7.652493968983898,21.204,2.6,1790365750.769,1790365771.973,,,,,,,,,,,1790365741.658,1790365854.87,,demo_booking_classic,customer_hangup,0.0
1790365284,96,00c0c776-569b-4de5-b74d-44f4f6028328,1,client_only,long,finalizada,,timeout esperando que el agente empiece a responder,,2.659409461390699,18.06,3.06,1790365779.626,1790365797.686,,,,,,,,,,,1790365741.658,1790365854.87,,demo_booking_classic,customer_hangup,0.0
1790365284,96,00c0c776-569b-4de5-b74d-44f4f6028328,2,client_only,long,finalizada,,,-2.6315180819947273,1.6626307624100543,5.256,3.06,1790365800.346,1790365805.601,,,,,,,,,,,1790365741.658,1790365854.87,,demo_booking_classic,customer_hangup,0.0
1790365284,96,00c0c776-569b-4de5-b74d-44f4f6028328,3,client_only,long,finalizada,,,-2.3519797069893684,2.9953563855745697,9.5,3.06,1790365807.265,1790365816.765,,,,,,,,,,,1790365741.658,1790365854.87,,demo_booking_classic,customer_hangup,0.0
1790365284,96,00c0c776-569b-4de5-b74d-44f4f6028328,4,client_only,short,finalizada,,timeout esperando que el agente empiece a responder,,2.43215643005569,15.378,0.38,1790365819.761,1790365835.139,,,,,,,,,,,1790365741.658,1790365854.87,,demo_booking_classic,customer_hangup,0.0
1790365284,96,00c0c776-569b-4de5-b74d-44f4f6028328,5,client_only,medium,finalizada,,,10.90826476100483,2.324273905722442,14.964,2.12,1790365837.572,1790365852.536,,,,,,,,,,,1790365741.658,1790365854.87,,demo_booking_classic,customer_hangup,0.0
1790365284,96,00c0c776-569b-4de5-b74d-44f4f6028328,0,server_only,,finalizada,,,,,,,,,2.512,2.195,0.317,0.622,2.969,,0.943,4.73,,4.078,1790365741.658,1790365854.87,6.634,demo_booking_classic,customer_hangup,0.0
1790365284,96,00c0c776-569b-4de5-b74d-44f4f6028328,1,server_only,,finalizada,,,,,,,,,2.524,2.179,0.345,0.554,1.426,,0.582,6.81,,3.66,1790365741.658,1790365854.87,4.587,demo_booking_classic,customer_hangup,0.0
1790365284,96,00c0c776-569b-4de5-b74d-44f4f6028328,2,server_only,,finalizada,,,,,,,,,4.792,4.758,0.034,0.932,2.109,,0.791,3.85,,6.516,1790365741.658,1790365854.87,14.247,demo_booking_classic,customer_hangup,0.0
1790365284,96,00c0c776-569b-4de5-b74d-44f4f6028328,3,server_only,,finalizada,,,,,,,,,3.391,3.388,0.003,0.34,0.896,,0.446,4.33,,4.177,1790365741.658,1790365854.87,5.164,demo_booking_classic,customer_hangup,0.0
1790365284,96,6ec61d7f-ce9d-4356-8e37-ee30a0c95334,0,client_only,medium,finalizada,,,12.316504884016467,3.1899317706752974,20.195,2.12,1790365751.84,1790365772.035,,,,,,,,,,,1790365741.908,1790365842.54,,demo_booking_classic,customer_hangup,0.0
1790365284,96,6ec61d7f-ce9d-4356-8e37-ee30a0c95334,1,client_only,long,finalizada,,timeout esperando que el agente empiece a responder,,2.484030254195424,18.522,3.52,1790365775.226,1790365793.748,,,,,,,,,,,1790365741.908,1790365842.54,,demo_booking_classic,customer_hangup,0.0
1790365284,96,6ec61d7f-ce9d-4356-8e37-ee30a0c95334,2,client_only,short,finalizada,,,1.0777499260148033,4.38473334489418,5.475,1.0,1790365796.233,1790365801.708,,,,,,,,,,,1790365741.908,1790365842.54,,demo_booking_classic,customer_hangup,0.0
1790365284,96,6ec61d7f-ce9d-4356-8e37-ee30a0c95334,3,client_only,medium,finalizada,,timeout esperando que el agente empiece a responder,,3.1826749386391544,17.237,2.24,1790365806.094,1790365823.331,,,,,,,,,,,1790365741.908,1790365842.54,,demo_booking_classic,customer_hangup,0.0
1790365284,96,6ec61d7f-ce9d-4356-8e37-ee30a0c95334,4,client_only,short,finalizada,,,-0.043304391991114244,3.657895316608209,4.674,0.32,1790365826.514,1790365831.188,,,,,,,,,,,1790365741.908,1790365842.54,,demo_booking_classic,customer_hangup,0.0
1790365284,96,6ec61d7f-ce9d-4356-8e37-ee30a0c95334,5,client_only,short,finalizada,,,-0.2824666700034868,6.014350954502543,1.672,0.38,1790365834.846,1790365836.518,,,,,,,,,,,1790365741.908,1790365842.54,,demo_booking_classic,customer_hangup,0.0
1790365284,96,6ec61d7f-ce9d-4356-8e37-ee30a0c95334,0,server_only,,finalizada,,,,,,,,,3.805,3.296,0.509,1.49,3.219,,0.764,4.65,,6.059,1790365741.908,1790365842.54,7.561,demo_booking_classic,customer_hangup,0.0
1790365284,96,6ec61d7f-ce9d-4356-8e37-ee30a0c95334,1,server_only,,finalizada,,,,,,,,,2.016,1.882,0.134,0.424,1.197,,0.634,4.49,,3.074,1790365741.908,1790365842.54,3.891,demo_booking_classic,customer_hangup,0.0
1790365284,96,6ec61d7f-ce9d-4356-8e37-ee30a0c95334,2,server_only,,finalizada,,,,,,,,,3.54,3.028,0.511,0.491,1.662,,0.853,3.61,,4.883,1790365741.908,1790365842.54,6.024,demo_booking_classic,customer_hangup,0.0
1790365284,96,6ec61d7f-ce9d-4356-8e37-ee30a0c95334,3,server_only,,finalizada,,,,,,,,,2.484,2.409,0.074,0.592,1.088,,0.981,4.17,,4.057,1790365741.908,1790365842.54,4.721,demo_booking_classic,customer_hangup,0.0
1790365284,96,c2f066f3-f784-4143-af3a-b3d6429f0baf,0,client_only,medium,finalizada,,,9.594702604983468,2.342631995181939,22.544,2.24,1790365752.101,1790365774.645,,,,,,,,,,,1790365742.814,1790365855.539,,demo_booking_classic,customer_hangup,0.0
1790365284,96,c2f066f3-f784-4143-af3a-b3d6429f0baf,1,client_only,short,finalizada,,timeout esperando que el agente empiece a responder,,2.7257460035174046,15.319,0.32,1790365776.989,1790365792.307,,,,,,,,,,,1790365742.814,1790365855.539,,demo_booking_classic,customer_hangup,0.0
1790365284,96,c2f066f3-f784-4143-af3a-b3d6429f0baf,2,client_only,short,finalizada,,,-0.8246925919956993,1.8004342123873274,3.017,0.48,1790365795.034,1790365798.051,,,,,,,,,,,1790365742.814,1790365855.539,,demo_booking_classic,customer_hangup,0.0
1790365284,96,c2f066f3-f784-4143-af3a-b3d6429f0baf,3,client_only,long,finalizada,,,-1.6247900270100217,8.725450387170495,6.318,3.06,1790365799.852,1790365806.17,,,,,,,,,,,1790365742.814,1790365855.539,,demo_booking_classic,customer_hangup,0.0
1790365284,96,c2f066f3-f784-4143-af3a-b3d6429f0baf,4,client_only,long,finalizada,,timeout esperando que el agente empiece a responder,,3.921669339415854,18.522,3.52,1790365814.896,1790365833.418,,,,,,,,,,,1790365742.814,1790365855.539,,demo_booking_classic,customer_hangup,0.0
1790365284,96,c2f066f3-f784-4143-af3a-b3d6429f0baf,5,client_only,medium,finalizada,,,7.715034606022527,6.707053830458105,11.476,2.24,1790365837.341,1790365848.817,,,,,,,,,,,1790365742.814,1790365855.539,,demo_booking_classic,customer_hangup,0.0
1790365284,96,c2f066f3-f784-4143-af3a-b3d6429f0baf,0,server_only,,finalizada,,,,,,,,,2.161,1.721,0.441,2.201,2.749,,0.947,5.85,,5.309,1790365742.814,1790365855.539,5.721,demo_booking_classic,customer_hangup,0.0
1790365284,96,c2f066f3-f784-4143-af3a-b3d6429f0baf,1,server_only,,finalizada,,,,,,,,,3.082,2.247,0.835,1.168,2.055,,1.338,4.34,,5.588,1790365742.814,1790365855.539,5.487,demo_booking_classic,customer_hangup,0.0
1790365284,96,c2f066f3-f784-4143-af3a-b3d6429f0baf,2,server_only,,finalizada,,,,,,,,,1.816,1.658,0.158,1.083,3.316,,1.936,6.98,,4.834,1790365742.814,1790365855.539,20.133,demo_booking_classic,customer_hangup,0.0
1790365284,96,c2f066f3-f784-4143-af3a-b3d6429f0baf,3,server_only,,finalizada,,,,,,,,,2.624,2.599,0.025,0.446,2.082,,0.932,6.74,,4.002,1790365742.814,1790365855.539,6.591,demo_booking_classic,customer_hangup,0.0
1790365284,96,3093e164-466b-4168-8e1b-49313e110989,0,client_only,long,finalizada,,,7.591427470004419,2.3000403858684972,21.381,3.52,1790365752.875,1790365774.255,,,,,,,,,,,1790365743.053,1790365855.521,,demo_booking_classic,customer_hangup,0.0
1790365284,96,3093e164-466b-4168-8e1b-49313e110989,1,client_only,long,finalizada,,,12.29132858599769,4.308763885368893,23.498,3.52,1790365776.556,1790365800.055,,,,,,,,,,,1790365743.053,1790365855.521,,demo_booking_classic,customer_hangup,0.0
1790365284,96,3093e164-466b-4168-8e1b-49313e110989,2,client_only,short,finalizada,,timeout esperando que el agente empiece a responder,,1.0835791856473407,15.491,0.48,1790365804.364,1790365819.856,,,,,,,,,,,1790365743.053,1790365855.521,,demo_booking_classic,customer_hangup,0.0
1790365284,96,3093e164-466b-4168-8e1b-49313e110989,3,client_only,long,finalizada,,,-1.5077541089849547,2.354582534817912,7.838,3.06,1790365820.939,1790365828.777,,,,,,,,,,,1790365743.053,1790365855.521,,demo_booking_classic,customer_hangup,0.0
1790365284,96,3093e164-466b-4168-8e1b-49313e110989,4,client_only,medium,finalizada,,,11.451287737989333,1.2985162325360877,16.615,2.24,1790365831.132,1790365847.747,,,,,,,,,,,1790365743.053,1790365855.521,,demo_booking_classic,customer_hangup,0.0
1790365284,96,3093e164-466b-4168-8e1b-49313e110989,5,client_only,short,finalizada,,,2.8514303069969174,1.3246386728561539,5.141,0.48,1790365849.046,1790365854.187,,,,,,,,,,,1790365743.053,1790365855.521,,demo_booking_classic,customer_hangup,0.0
1790365284,96,3093e164-466b-4168-8e1b-49313e110989,0,server_only,,finalizada,,,,,,,,,1.694,1.682,0.012,1.536,1.663,,0.588,6.89,,3.818,1790365743.053,1790365855.521,3.959,demo_booking_classic,customer_hangup,0.0
1790365284,96,3093e164-466b-4168-8e1b-49313e110989,1,server_only,,finalizada,,,,,,,,,3.696,3.194,0.502,1.308,2.364,,0.475,4.33,,5.479,1790365743.053,1790365855.521,6.079,demo_booking_classic,customer_hangup,0.0
1790365284,96,3093e164-466b-4168-8e1b-49313e110989,2,server_only,,finalizada,,,,,,,,,0.922,0.83,0.092,0.979,1.719,,0.836,4.33,,2.738,1790365743.053,1790365855.521,3.821,demo_booking_classic,customer_hangup,0.0
1790365284,96,3093e164-466b-4168-8e1b-49313e110989,3,server_only,,finalizada,,,,,,,,,3.782,3.381,0.401,0.748,1.807,,0.415,4.65,,4.945,1790365743.053,1790365855.521,5.738,demo_booking_classic,customer_hangup,0.0
1790365284,96,3093e164-466b-4168-8e1b-49313e110989,4,server_only,,finalizada,,,,,,,,,2.749,2.645,0.105,0.714,1.239,,0.402,1.26,,3.865,1790365743.053,1790365855.521,4.404,demo_booking_classic,customer_hangup,0.0
1790365284,96,fa1f3a9a-dd6b-4807-b68d-2193bf8e7a53,0,client_only,medium,finalizada,,,9.050183134007966,2.254879732487507,21.571,2.12,1790365752.787,1790365774.357,,,,,,,,,,,1790365743.303,1790365851.333,,demo_booking_classic,customer_hangup,0.0
1790365284,96,fa1f3a9a-dd6b-4807-b68d-2193bf8e7a53,1,client_only,long,finalizada,,timeout esperando que el agente empiece a responder,,1.9857335701555923,18.522,3.52,1790365776.612,1790365795.134,,,,,,,,,,,1790365743.303,1790365851.333,,demo_booking_classic,customer_hangup,0.0
1790365284,96,fa1f3a9a-dd6b-4807-b68d-2193bf8e7a53,2,client_only,short,finalizada,,,-0.13055724202422425,3.235910215674742,8.352,0.32,1790365797.121,1790365805.473,,,,,,,,,,,1790365743.303,1790365851.333,,demo_booking_classic,customer_hangup,0.0
1790365284,96,fa1f3a9a-dd6b-4807-b68d-2193bf8e7a53,3,client_only,short,finalizada,,timeout esperando que el agente empiece a responder,,5.010293516071672,15.321,0.32,1790365808.71,1790365824.031,,,,,,,,,,,1790365743.303,1790365851.333,,demo_booking_classic,customer_hangup,0.0
1790365284,96,fa1f3a9a-dd6b-4807-b68d-2193bf8e7a53,4,client_only,long,finalizada,,,-7.130250569985947,2.1289539378642925,5.937,3.52,1790365829.042,1790365834.979,,,,,,,,,,,1790365743.303,1790365851.333,,demo_booking_classic,customer_hangup,0.0
1790365284,96,fa1f3a9a-dd6b-4807-b68d-2193bf8e7a53,5,client_only,medium,finalizada,,,2.8696161289990414,2.4680208178202965,11.751,2.6,1790365837.108,1790365848.859,,,,,,,,,,,1790365743.303,1790365851.333,,demo_booking_classic,customer_hangup,0.0
1790365284,96,fa1f3a9a-dd6b-4807-b68d-2193bf8e7a53,0,server_only,,finalizada,,,,,,,,,2.228,2.168,0.059,0.805,2.179,,1.092,5.38,,4.125,1790365743.303,1790365851.333,5.586,demo_booking_classic,customer_hangup,0.0
1790365284,96,fa1f3a9a-dd6b-4807-b68d-2193bf8e7a53,1,server_only,,finalizada,,,,,,,,,3.066,2.4,0.665,2.148,2.562,,0.325,4.25,,5.539,1790365743.303,1790365851.333,5.45,demo_booking_classic,customer_hangup,0.0
1790365284,96,fa1f3a9a-dd6b-4807-b68d-2193bf8e7a53,2,server_only,,finalizada,,,,,,,,,3.763,2.689,1.074,3.698,5.276,,0.947,4.42,,8.409,1790365743.303,1790365851.333,9.817,demo_booking_classic,customer_hangup,0.0
1790365284,96,fa1f3a9a-dd6b-4807-b68d-2193bf8e7a53,3,server_only,,finalizada,,,,,,,,,4.123,3.884,0.239,0.566,1.314,,0.743,3.94,,5.432,1790365743.303,1790365851.333,5.802,demo_booking_classic,customer_hangup,0.0
1790365284,96,bdc202b9-e6d2-4d77-8ded-d75dd483ebab,0,paired,medium,finalizada,,,11.129713706992334,2.474624415458093,21.881,2.24,1790365754.597,1790365776.478,4.155,3.863,0.292,1.145,1.302,,0.859,4.49,,6.159,1790365743.553,1790365878.34,6.548,demo_booking_classic,customer_hangup,0.0
1790365284,96,bdc202b9-e6d2-4d77-8ded-d75dd483ebab,1,paired,medium,finalizada,,,13.56945210901904,4.648050695437129,19.682,2.6,1790365778.954,1790365798.636,4.183,3.772,0.411,0.907,1.845,,0.711,5.13,,5.802,1790365743.553,1790365878.34,6.644,demo_booking_classic,customer_hangup,0.0
1790365284,96,bdc202b9-e6d2-4d77-8ded-d75dd483ebab,2,paired,medium,finalizada,,timeout esperando que el agente empiece a responder,,4.437364978502293,17.241,2.24,1790365803.284,1790365820.526,2.311,2.299,0.012,0.386,1.212,,0.654,4.49,,3.352,1790365743.553,1790365878.34,4.316,demo_booking_classic,customer_hangup,0.0
1790365284,96,bdc202b9-e6d2-4d77-8ded-d75dd483ebab,3,paired,short,finalizada,,,10.18918789800955,7.839163089626789,16.27,0.32,1790365824.964,1790365841.234,3.959,3.459,0.499,1.564,2.75,,0.476,4.42,,5.998,1790365743.553,1790365878.34,6.57,demo_booking_classic,customer_hangup,0.0
1790365284,96,bdc202b9-e6d2-4d77-8ded-d75dd483ebab,4,paired,long,finalizada,,,6.708715976012172,7.497903196195988,15.847,3.06,1790365849.074,1790365864.921,1.239,1.214,0.025,0.354,2.569,,0.221,4.33,,1.814,1790365743.553,1790365878.34,4.015,demo_booking_classic,customer_hangup,0.0
1790365284,96,bdc202b9-e6d2-4d77-8ded-d75dd483ebab,5,paired,short,finalizada,,,2.6888973519962747,1.1235360345707337,4.788,0.32,1790365872.419,1790365877.207,1.533,1.528,0.005,,,,0.161,0.05,,,1790365743.553,1790365878.34,,demo_booking_classic,customer_hangup,0.0
1790365284,96,c85e06bc-6de9-4a1f-a6fb-3567615d7fd3,0,paired,long,finalizada,,,9.51880268700188,2.5673356356546853,24.029,3.52,1790365753.986,1790365778.016,2.711,2.675,0.037,0.276,0.9,,0.692,5.61,,3.679,1790365743.27,1790365878.7,5.527,demo_booking_classic,customer_hangup,0.0
1790365284,96,c85e06bc-6de9-4a1f-a6fb-3567615d7fd3,1,paired,long,finalizada,,timeout esperando que el agente empiece a responder,,2.283538025983829,18.055,3.06,1790365780.584,1790365798.639,1.73,1.699,0.031,0.632,1.484,,0.293,7.61,,2.655,1790365743.27,1790365878.7,3.664,demo_booking_classic,customer_hangup,0.0
1790365284,96,c85e06bc-6de9-4a1f-a6fb-3567615d7fd3,2,paired,medium,finalizada,,,7.419282262999332,1.7307371881684395,23.099,2.24,1790365800.923,1790365824.022,3.473,2.81,0.663,2.158,2.696,,0.313,4.74,,5.944,1790365743.27,1790365878.7,5.657,demo_booking_classic,customer_hangup,0.0
1790365284,96,c85e06bc-6de9-4a1f-a6fb-3567615d7fd3,3,paired,short,finalizada,,,10.979513828991912,2.733005484389771,19.15,0.48,1790365825.753,1790365844.903,2.354,1.965,0.39,0.926,2.501,,0.374,4.66,,3.655,1790365743.27,1790365878.7,4.662,demo_booking_classic,customer_hangup,0.0
1790365284,96,c85e06bc-6de9-4a1f-a6fb-3567615d7fd3,4,paired,short,finalizada,,,10.998453817999689,3.358282751083359,17.732,0.38,1790365847.636,1790365865.369,1.071,1.025,0.046,0.804,2.771,,0.167,4.66,,2.042,1790365743.27,1790365878.7,3.39,demo_booking_classic,customer_hangup,0.0
1790365284,96,c85e06bc-6de9-4a1f-a6fb-3567615d7fd3,5,paired,short,finalizada,,,2.3588869179948233,1.0,8.967,1.0,1790365868.728,1790365877.695,1.398,1.382,0.016,0.417,1.516,,-1.0,0.0,,0.814,1790365743.27,1790365878.7,,demo_booking_classic,customer_hangup,0.0
1790365284,96,c13dd786-6ed8-42e1-b090-e24d9a231068,0,client_only,short,finalizada,,timeout esperando que el agente empiece a responder,,1.0201006671998092,15.309,0.32,1790365754.235,1790365769.544,,,,,,,,,,,1790365743.509,1790365864.303,,demo_booking_classic,customer_hangup,0.0
1790365284,96,c13dd786-6ed8-42e1-b090-e24d9a231068,1,client_only,long,finalizada,,,11.560515524004586,1.878153732111307,24.229,3.06,1790365770.565,1790365794.794,,,,,,,,,,,1790365743.509,1790365864.303,,demo_booking_classic,customer_hangup,0.0
1790365284,96,c13dd786-6ed8-42e1-b090-e24d9a231068,2,client_only,short,finalizada,,timeout esperando que el agente empiece a responder,,1.8994639674104954,15.373,0.38,1790365796.673,1790365812.047,,,,,,,,,,,1790365743.509,1790365864.303,,demo_booking_classic,customer_hangup,0.0
1790365284,96,c13dd786-6ed8-42e1-b090-e24d9a231068,3,client_only,medium,finalizada,,,2.9604280349740293,1.8225042518221506,14.882,2.24,1790365813.947,1790365828.828,,,,,,,,,,,1790365743.509,1790365864.303,,demo_booking_classic,customer_hangup,0.0
1790365284,96,c13dd786-6ed8-42e1-b090-e24d9a231068,4,client_only,short,finalizada,,,8.940357676008716,3.883621380927247,15.487,0.48,1790365830.652,1790365846.139,,,,,,,,,,,1790365743.509,1790365864.303,,demo_booking_classic,customer_hangup,0.0
1790365284,96,c13dd786-6ed8-42e1-b090-e24d9a231068,5,client_only,short,finalizada,,,5.3209441019862425,1.659484399964608,12.614,0.32,1790365850.023,1790365862.637,,,,,,,,,,,1790365743.509,1790365864.303,,demo_booking_classic,customer_hangup,0.0
1790365284,96,c13dd786-6ed8-42e1-b090-e24d9a231068,0,server_only,,finalizada,,,,,,,,,4.619,4.38,0.239,0.814,1.014,,0.543,4.49,,5.975,1790365743.509,1790365864.303,6.059,demo_booking_classic,customer_hangup,0.0
1790365284,96,c13dd786-6ed8-42e1-b090-e24d9a231068,1,server_only,,finalizada,,,,,,,,,5.144,4.483,0.661,1.235,1.945,,0.198,5.37,,6.578,1790365743.509,1790365864.303,6.833,demo_booking_classic,customer_hangup,0.0
1790365284,96,c13dd786-6ed8-42e1-b090-e24d9a231068,2,server_only,,finalizada,,,,,,,,,3.411,3.397,0.013,0.369,0.605,,0.468,4.09,,4.248,1790365743.509,1790365864.303,4.542,demo_booking_classic,customer_hangup,0.0
1790365284,96,c13dd786-6ed8-42e1-b090-e24d9a231068,3,server_only,,finalizada,,,,,,,,,3.473,3.392,0.081,0.555,1.218,,0.212,5.06,,4.241,1790365743.509,1790365864.303,4.278,demo_booking_classic,customer_hangup,0.0
1790365284,96,9111efbe-6b9d-42ee-82fc-389dff9d9fbb,0,client_only,short,finalizada,,timeout esperando que el agente empiece a responder,,2.657124002409788,15.993,1.0,1790365753.873,1790365769.866,,,,,,,,,,,1790365743.758,1790365879.924,,demo_booking_classic,customer_hangup,0.0
1790365284,96,9111efbe-6b9d-42ee-82fc-389dff9d9fbb,1,client_only,short,finalizada,,,12.592420944012702,5.712843330464198,19.385,1.0,1790365772.524,1790365791.908,,,,,,,,,,,1790365743.758,1790365879.924,,demo_booking_classic,customer_hangup,0.0
1790365284,96,9111efbe-6b9d-42ee-82fc-389dff9d9fbb,2,client_only,long,finalizada,,,-8.366603628004668,1.5701493418308936,25.453,3.06,1790365797.622,1790365823.075,,,,,,,,,,,1790365743.758,1790365879.924,,demo_booking_classic,customer_hangup,0.0
1790365284,96,9111efbe-6b9d-42ee-82fc-389dff9d9fbb,3,client_only,long,finalizada,,,4.092714400001569,1.0,19.517,3.06,1790365824.646,1790365844.163,,,,,,,,,,,1790365743.758,1790365879.924,,demo_booking_classic,customer_hangup,0.0
1790365284,96,9111efbe-6b9d-42ee-82fc-389dff9d9fbb,4,client_only,long,finalizada,,,10.713099635002436,3.916084905361831,20.985,3.52,1790365845.164,1790365866.149,,,,,,,,,,,1790365743.758,1790365879.924,,demo_booking_classic,customer_hangup,0.0
1790365284,96,9111efbe-6b9d-42ee-82fc-389dff9d9fbb,5,client_only,short,finalizada,,,3.3932560949760955,1.1265474056330251,8.723,0.38,1790365870.066,1790365878.789,,,,,,,,,,,1790365743.758,1790365879.924,,demo_booking_classic,customer_hangup,0.0
1790365284,96,9111efbe-6b9d-42ee-82fc-389dff9d9fbb,0,server_only,,finalizada,,,,,,,,,4.468,3.874,0.594,1.71,3.018,,1.071,21.39,,7.249,1790365743.758,1790365879.924,7.95,demo_booking_classic,customer_hangup,0.0
1790365284,96,9111efbe-6b9d-42ee-82fc-389dff9d9fbb,1,server_only,,finalizada,,,,,,,,,2.309,2.276,0.033,1.324,3.053,,0.435,5.53,,4.069,1790365743.758,1790365879.924,5.922,demo_booking_classic,customer_hangup,0.0
1790365284,96,9111efbe-6b9d-42ee-82fc-389dff9d9fbb,2,server_only,,finalizada,,,,,,,,,2.472,2.283,0.189,0.69,2.184,,0.269,4.41,,3.431,1790365743.758,1790365879.924,4.858,demo_booking_classic,customer_hangup,0.0
1790365284,96,9111efbe-6b9d-42ee-82fc-389dff9d9fbb,3,server_only,,finalizada,,,,,,,,,1.717,1.574,0.143,1.043,2.297,,0.148,4.81,,2.908,1790365743.758,1790365879.924,4.077,demo_booking_classic,customer_hangup,0.0
1790365284,96,9111efbe-6b9d-42ee-82fc-389dff9d9fbb,4,server_only,,finalizada,,,,,,,,,1.734,1.732,0.002,,,,,0.0,,,1790365743.758,1790365879.924,,demo_booking_classic,customer_hangup,0.0
1790365284,96,223027c9-54c6-4627-baf7-2769c913c9f6,0,paired,medium,finalizada,,timeout esperando que el agente termine de hablar,8.644563241978176,4.8905608607516875,36.235,2.6,1790365755.202,1790365791.437,2.976,2.454,0.522,1.253,2.816,,0.973,19.79,,5.203,1790365744.008,1790365883.48,5.352,demo_booking_classic,customer_hangup,0.0
1790365284,96,223027c9-54c6-4627-baf7-2769c913c9f6,1,paired,short,finalizada,,,-30.895770018018084,3.577989036988828,12.266,1.0,1790365796.328,1790365808.594,1.999,1.913,0.086,0.487,1.58,,2.137,3.69,,4.623,1790365744.008,1790365883.48,6.053,demo_booking_classic,customer_hangup,0.0
1790365284,96,223027c9-54c6-4627-baf7-2769c913c9f6,2,paired,long,finalizada,,timeout esperando que el agente empiece a responder,,1.1262251091245283,18.526,3.52,1790365812.172,1790365830.699,2.588,2.268,0.319,1.296,2.476,,0.286,4.57,,4.17,1790365744.008,1790365883.48,5.159,demo_booking_classic,customer_hangup,0.0
1790365284,96,223027c9-54c6-4627-baf7-2769c913c9f6,3,paired,short,finalizada,,,3.8442058879882097,1.5793215778488225,11.804,0.48,1790365831.825,1790365843.629,1.545,1.522,0.023,0.822,1.561,,0.206,3.85,,2.573,1790365744.008,1790365883.48,3.591,demo_booking_classic,customer_hangup,0.0
1790365284,96,223027c9-54c6-4627-baf7-2769c913c9f6,4,paired,long,finalizada,,,11.024362110998482,2.876343154667883,21.269,3.52,1790365845.209,1790365866.478,1.57,1.539,0.03,0.449,0.986,,0.511,4.09,,2.53,1790365744.008,1790365883.48,3.198,demo_booking_classic,customer_hangup,0.0
1790365284,96,223027c9-54c6-4627-baf7-2769c913c9f6,5,paired,short,finalizada,,,-0.35786590198404156,9.509400375150733,4.611,1.0,1790365869.356,1790365873.966,0.995,0.988,0.007,0.508,1.85,,0.183,3.45,,1.687,1790365744.008,1790365883.48,3.044,demo_booking_classic,customer_hangup,0.0
1790365284,96,7ab8fa24-b845-4d96-990d-f35365f738d3,0,paired,medium,finalizada,,,12.327361319010379,4.501728214112649,19.391,2.6,1790365755.993,1790365775.384,1.69,1.322,0.368,2.848,4.049,,0.837,21.55,,5.375,1790365744.228,1790365881.227,6.555,demo_booking_classic,customer_hangup,0.0
1790365284,96,7ab8fa24-b845-4d96-990d-f35365f738d3,1,paired,long,finalizada,,timeout esperando que el agente termine de hablar,-5.752539024018915,7.513769358840102,28.051,3.06,1790365779.886,1790365807.937,1.923,1.643,0.28,0.679,1.673,,0.619,5.62,,3.221,1790365744.228,1790365881.227,3.811,demo_booking_classic,customer_hangup,0.0
1790365284,96,7ab8fa24-b845-4d96-990d-f35365f738d3,2,paired,long,finalizada,,,4.0672626580053475,3.018531523013981,15.942,3.52,1790365815.452,1790365831.394,3.028,2.904,0.123,0.565,1.904,,0.757,7.39,,4.349,1790365744.228,1790365881.227,4.87,demo_booking_classic,customer_hangup,0.0
1790365284,96,7ab8fa24-b845-4d96-990d-f35365f738d3,3,paired,medium,finalizada,,timeout esperando que el agente empiece a responder,,5.657952661631685,17.23,2.24,1790365834.413,1790365851.643,1.281,1.277,0.004,0.586,1.977,,0.311,5.14,,2.177,1790365744.228,1790365881.227,3.3,demo_booking_classic,customer_hangup,0.0
1790365284,96,7ab8fa24-b845-4d96-990d-f35365f738d3,4,paired,short,finalizada,,,6.527727497013984,2.3954392259381665,14.857,0.48,1790365857.302,1790365872.159,0.962,0.96,0.002,,,,0.246,2.78,,,1790365744.228,1790365881.227,,demo_booking_classic,customer_hangup,0.0
1790365284,96,7ab8fa24-b845-4d96-990d-f35365f738d3,5,paired,short,finalizada,,,0.32720790899475105,3.229472469355507,3.435,0.38,1790365874.555,1790365877.99,0.0,0.0,0.0,,,,0.128,0.05,,,1790365744.228,1790365881.227,,demo_booking_classic,customer_hangup,0.0
1790365284,96,f440add1-466d-4fce-978b-7f8a1d37e6f7,0,paired,long,finalizada,,,11.411151965003228,1.0333843524699937,25.645,3.52,1790365756.139,1790365781.784,3.048,2.966,0.081,0.301,0.807,,0.679,4.49,,4.028,1790365744.466,1790365862.114,4.571,demo_booking_classic,customer_hangup,0.0
1790365284,96,f440add1-466d-4fce-978b-7f8a1d37e6f7,1,paired,short,finalizada,,timeout esperando que el agente empiece a responder,,3.7138144305102374,15.995,1.0,1790365782.818,1790365798.813,2.17,2.011,0.158,0.691,1.32,,0.539,4.41,,3.4,1790365744.466,1790365862.114,4.012,demo_booking_classic,customer_hangup,0.0
1790365284,96,f440add1-466d-4fce-978b-7f8a1d37e6f7,2,paired,medium,finalizada,,,-5.548871364007937,1.0,3.574,2.12,1790365802.528,1790365806.102,1.157,0.594,0.562,0.614,1.056,,0.238,2.08,,2.009,1790365744.466,1790365862.114,1.902,demo_booking_classic,customer_hangup,0.0
1790365284,96,f440add1-466d-4fce-978b-7f8a1d37e6f7,3,paired,short,finalizada,,timeout esperando que el agente empiece a responder,,4.525439597020733,15.392,0.38,1790365807.102,1790365822.494,0.905,0.05,0.855,0.629,1.099,,0.688,4.41,,2.221,1790365744.466,1790365862.114,2.738,demo_booking_classic,customer_hangup,0.0
1790365284,96,f440add1-466d-4fce-978b-7f8a1d37e6f7,4,paired,medium,finalizada,,,-0.1485477150126826,2.8756976053951435,8.76,2.12,1790365827.02,1790365835.781,0.632,0.0,0.632,0.39,1.011,,0.648,4.33,,1.67,1790365744.466,1790365862.114,1.672,demo_booking_classic,customer_hangup,0.0
1790365284,96,f440add1-466d-4fce-978b-7f8a1d37e6f7,5,paired,long,finalizada,,,10.431661423994228,3.800512893607621,19.648,3.06,1790365838.657,1790365858.306,1.253,1.179,0.074,0.804,1.102,,0.152,0.05,,2.208,1790365744.466,1790365862.114,,demo_booking_classic,customer_hangup,0.0
1790365284,96,2b5cf816-30fc-428c-af0c-9ce320fe414a,0,paired,medium,finalizada,,,12.945975253009237,1.7146470221625685,26.255,2.12,1790365755.695,1790365781.95,3.241,3.007,0.234,2.762,3.85,,0.733,5.62,,6.736,1790365744.716,1790365876.883,7.762,demo_booking_classic,customer_hangup,0.0
1790365284,96,2b5cf816-30fc-428c-af0c-9ce320fe414a,1,paired,short,finalizada,,timeout esperando que el agente empiece a responder,,2.4013436747227583,15.374,0.38,1790365783.665,1790365799.039,1.514,1.439,0.075,0.493,0.734,,0.653,4.49,,2.66,1790365744.716,1790365876.883,3.044,demo_booking_classic,customer_hangup,0.0
1790365284,96,2b5cf816-30fc-428c-af0c-9ce320fe414a,2,paired,medium,finalizada,,,2.946279735013377,2.6210131882059935,12.48,2.24,1790365801.441,1790365813.921,2.97,2.098,0.872,0.365,2.242,,0.456,4.82,,3.791,1790365744.716,1790365876.883,5.131,demo_booking_classic,customer_hangup,0.0
1790365284,96,2b5cf816-30fc-428c-af0c-9ce320fe414a,3,paired,long,finalizada,,,11.827005614992231,1.741940499802252,26.575,3.06,1790365816.542,1790365843.117,1.525,1.357,0.168,0.814,1.782,,0.959,5.78,,3.297,1790365744.716,1790365876.883,4.159,demo_booking_classic,customer_hangup,0.0
1790365284,96,2b5cf816-30fc-428c-af0c-9ce320fe414a,4,paired,medium,finalizada,,,4.885683590022381,1.544668150857689,14.7,2.6,1790365844.86,1790365859.56,2.027,1.821,0.205,1.191,3.778,,0.185,5.3,,3.403,1790365744.716,1790365876.883,4.421,demo_booking_classic,customer_hangup,0.0
1790365284,96,2b5cf816-30fc-428c-af0c-9ce320fe414a,5,paired,long,finalizada,,,8.326648716989439,1.1205003647493228,14.651,3.52,1790365861.106,1790365875.757,1.499,1.477,0.023,0.338,0.994,,-1.0,0.0,,0.837,1790365744.716,1790365876.883,,demo_booking_classic,customer_hangup,0.0
1790365284,96,aee9f95f-f767-462e-9a99-2274bca8a367,0,client_only,short,finalizada,,timeout esperando que el agente empiece a responder,,1.3242544549822433,15.468,0.48,1790365756.135,1790365771.604,,,,,,,,,,,1790365744.965,1790365866.521,,demo_booking_classic,customer_hangup,0.0
1790365284,96,aee9f95f-f767-462e-9a99-2274bca8a367,1,client_only,medium,finalizada,,,14.375623936008196,3.1410821492482217,25.863,2.24,1790365772.929,1790365798.792,,,,,,,,,,,1790365744.965,1790365866.521,,demo_booking_classic,customer_hangup,0.0
1790365284,96,aee9f95f-f767-462e-9a99-2274bca8a367,2,client_only,medium,finalizada,,timeout esperando que el agente empiece a responder,,4.155043812995424,17.238,2.24,1790365801.934,1790365819.172,,,,,,,,,,,1790365744.965,1790365866.521,,demo_booking_classic,customer_hangup,0.0
1790365284,96,aee9f95f-f767-462e-9a99-2274bca8a367,3,client_only,long,finalizada,,,-3.544945593981538,3.888992318210401,9.102,3.52,1790365823.328,1790365832.43,,,,,,,,,,,1790365744.965,1790365866.521,,demo_booking_classic,customer_hangup,0.0
1790365284,96,aee9f95f-f767-462e-9a99-2274bca8a367,4,client_only,short,finalizada,,timeout esperando que el agente empiece a responder,,3.422607859529499,15.489,0.48,1790365836.32,1790365851.809,,,,,,,,,,,1790365744.965,1790365866.521,,demo_booking_classic,customer_hangup,0.0
1790365284,96,aee9f95f-f767-462e-9a99-2274bca8a367,5,client_only,short,finalizada,,,3.7949804830132052,1.935469027769133,9.348,0.48,1790365855.232,1790365864.58,,,,,,,,,,,1790365744.965,1790365866.521,,demo_booking_classic,customer_hangup,0.0
1790365284,96,aee9f95f-f767-462e-9a99-2274bca8a367,0,server_only,,finalizada,,,,,,,,,3.0,2.423,0.577,1.472,2.208,,1.004,4.5,,5.476,1790365744.965,1790365866.521,5.818,demo_booking_classic,customer_hangup,0.0
1790365284,96,aee9f95f-f767-462e-9a99-2274bca8a367,1,server_only,,finalizada,,,,,,,,,2.565,1.362,1.204,1.222,2.11,,1.36,4.42,,5.147,1790365744.965,1790365866.521,4.62,demo_booking_classic,customer_hangup,0.0
1790365284,96,aee9f95f-f767-462e-9a99-2274bca8a367,2,server_only,,finalizada,,,,,,,,,2.124,2.004,0.119,0.792,2.858,,0.501,4.73,,3.416,1790365744.965,1790365866.521,5.41,demo_booking_classic,customer_hangup,0.0
1790365284,96,aee9f95f-f767-462e-9a99-2274bca8a367,3,server_only,,finalizada,,,,,,,,,0.975,0.971,0.004,,,,0.417,0.05,,,1790365744.965,1790365866.521,,demo_booking_classic,customer_hangup,0.0
1790365284,96,a8bd22a6-2f60-4788-91c0-766057201b86,0,client_only,medium,finalizada,,,9.770957499014912,1.591091760887644,20.196,2.12,1790365756.522,1790365776.717,,,,,,,,,,,1790365745.786,1790365864.743,,demo_booking_classic,customer_hangup,0.0
1790365284,96,a8bd22a6-2f60-4788-91c0-766057201b86,1,client_only,medium,finalizada,,timeout esperando que el agente empiece a responder,,2.777372467921155,17.12,2.12,1790365778.309,1790365795.429,,,,,,,,,,,1790365745.786,1790365864.743,,demo_booking_classic,customer_hangup,0.0
1790365284,96,a8bd22a6-2f60-4788-91c0-766057201b86,2,client_only,medium,finalizada,,,-0.8492594160197768,2.1941298665318207,12.151,2.24,1790365798.207,1790365810.358,,,,,,,,,,,1790365745.786,1790365864.743,,demo_booking_classic,customer_hangup,0.0
1790365284,96,a8bd22a6-2f60-4788-91c0-766057201b86,3,client_only,long,finalizada,,,13.210682262986666,1.0,23.019,3.52,1790365812.553,1790365835.571,,,,,,,,,,,1790365745.786,1790365864.743,,demo_booking_classic,customer_hangup,0.0
1790365284,96,a8bd22a6-2f60-4788-91c0-766057201b86,4,client_only,short,finalizada,,,-0.2890859270119108,1.4940516343059667,12.507,0.32,1790365836.572,1790365849.079,,,,,,,,,,,1790365745.786,1790365864.743,,demo_booking_classic,customer_hangup,0.0
1790365284,96,a8bd22a6-2f60-4788-91c0-766057201b86,5,client_only,medium,finalizada,,,3.6302225120016374,1.0053353500738769,13.157,2.12,1790365850.574,1790365863.731,,,,,,,,,,,1790365745.786,1790365864.743,,demo_booking_classic,customer_hangup,0.0
1790365284,96,a8bd22a6-2f60-4788-91c0-766057201b86,0,server_only,,finalizada,,,,,,,,,2.001,1.952,0.049,0.641,1.04,,0.877,5.13,,3.519,1790365745.786,1790365864.743,4.127,demo_booking_classic,customer_hangup,0.0
1790365284,96,a8bd22a6-2f60-4788-91c0-766057201b86,1,server_only,,finalizada,,,,,,,,,3.212,3.133,0.079,0.279,1.467,,0.577,4.5,,4.067,1790365745.786,1790365864.743,5.279,demo_booking_classic,customer_hangup,0.0
1790365284,96,a8bd22a6-2f60-4788-91c0-766057201b86,2,server_only,,finalizada,,,,,,,,,3.007,2.987,0.02,0.186,0.713,,0.677,9.46,,3.87,1790365745.786,1790365864.743,4.089,demo_booking_classic,customer_hangup,0.0
1790365284,96,a8bd22a6-2f60-4788-91c0-766057201b86,3,server_only,,finalizada,,,,,,,,,2.155,2.102,0.053,0.716,2.229,,0.206,6.17,,3.077,1790365745.786,1790365864.743,4.661,demo_booking_classic,customer_hangup,0.0
1790365284,96,3ec03189-6a2b-4edc-8c96-73a83cc1beb9,0,client_only,medium,finalizada,,timeout esperando que el agente termine de hablar,9.564559164980892,1.2002162045462215,37.171,2.6,1790365757.408,1790365794.579,,,,,,,,,,,1790365746.021,1790365874.023,,demo_booking_classic,customer_hangup,0.0
1790365284,96,3ec03189-6a2b-4edc-8c96-73a83cc1beb9,1,client_only,medium,finalizada,,,-28.815553240012378,3.360029450301435,12.703,2.6,1790365795.781,1790365808.484,,,,,,,,,,,1790365746.021,1790365874.023,,demo_booking_classic,customer_hangup,0.0
1790365284,96,3ec03189-6a2b-4edc-8c96-73a83cc1beb9,2,client_only,short,finalizada,,timeout esperando que el agente empiece a responder,,1.505167379883536,15.311,0.32,1790365811.845,1790365827.155,,,,,,,,,,,1790365746.021,1790365874.023,,demo_booking_classic,customer_hangup,0.0
1790365284,96,3ec03189-6a2b-4edc-8c96-73a83cc1beb9,3,client_only,long,finalizada,,,-3.3956532969896216,10.0,10.228,3.06,1790365828.662,1790365838.889,,,,,,,,,,,1790365746.021,1790365874.023,,demo_booking_classic,customer_hangup,0.0
1790365284,96,3ec03189-6a2b-4edc-8c96-73a83cc1beb9,4,client_only,medium,finalizada,,,-3.0958429200109094,5.403224205776988,5.708,2.6,1790365848.89,1790365854.598,,,,,,,,,,,1790365746.021,1790365874.023,,demo_booking_classic,customer_hangup,0.0
1790365284,96,3ec03189-6a2b-4edc-8c96-73a83cc1beb9,5,client_only,long,finalizada,,,1.624098372994922,2.6915288397212516,11.317,3.06,1790365860.002,1790365871.319,,,,,,,,,,,1790365746.021,1790365874.023,,demo_booking_classic,customer_hangup,0.0
1790365284,96,3ec03189-6a2b-4edc-8c96-73a83cc1beb9,0,server_only,,finalizada,,,,,,,,,1.656,1.525,0.131,0.642,1.789,,0.705,21.07,,3.003,1790365746.021,1790365874.023,3.809,demo_booking_classic,customer_hangup,0.0
1790365284,96,3ec03189-6a2b-4edc-8c96-73a83cc1beb9,1,server_only,,finalizada,,,,,,,,,2.568,2.218,0.35,1.043,1.485,,0.678,5.62,,4.289,1790365746.021,1790365874.023,4.464,demo_booking_classic,customer_hangup,0.0
1790365284,96,3ec03189-6a2b-4edc-8c96-73a83cc1beb9,2,server_only,,finalizada,,,,,,,,,2.294,2.144,0.149,0.802,2.623,,0.508,3.94,,3.604,1790365746.021,1790365874.023,5.128,demo_booking_classic,customer_hangup,0.0
1790365284,96,3ec03189-6a2b-4edc-8c96-73a83cc1beb9,3,server_only,,finalizada,,,,,,,,,1.394,1.322,0.072,0.608,1.462,,0.254,5.21,,2.256,1790365746.021,1790365874.023,3.145,demo_booking_classic,customer_hangup,0.0
1790365284,96,3ec03189-6a2b-4edc-8c96-73a83cc1beb9,4,server_only,,finalizada,,,,,,,,,0.62,0.0,0.62,,,,-1.0,0.0,,,1790365746.021,1790365874.023,,demo_booking_classic,customer_hangup,0.0
1790365284,96,d6801e1e-9059-4401-89c0-1cf563e5c5ab,0,client_only,short,finalizada,,,9.777414475975093,1.0,20.44,1.0,1790365757.035,1790365777.475,,,,,,,,,,,1790365746.271,1790365869.546,,demo_booking_classic,customer_hangup,0.0
1790365284,96,d6801e1e-9059-4401-89c0-1cf563e5c5ab,1,client_only,medium,finalizada,,timeout esperando que el agente termine de hablar,-2.5429994050064124,2.910050989704347,27.116,2.12,1790365778.476,1790365805.592,,,,,,,,,,,1790365746.271,1790365869.546,,demo_booking_classic,customer_hangup,0.0
1790365284,96,d6801e1e-9059-4401-89c0-1cf563e5c5ab,2,client_only,medium,finalizada,,,7.8170986129844096,2.6201187920843974,19.252,2.12,1790365808.503,1790365827.755,,,,,,,,,,,1790365746.271,1790365869.546,,demo_booking_classic,customer_hangup,0.0
1790365284,96,d6801e1e-9059-4401-89c0-1cf563e5c5ab,3,client_only,medium,finalizada,,,-2.842503913998371,3.982729603738785,9.462,2.24,1790365830.376,1790365839.838,,,,,,,,,,,1790365746.271,1790365869.546,,demo_booking_classic,customer_hangup,0.0
1790365284,96,d6801e1e-9059-4401-89c0-1cf563e5c5ab,4,client_only,short,finalizada,,timeout esperando que el agente empiece a responder,,5.735196682497206,15.487,0.48,1790365843.822,1790365859.309,,,,,,,,,,,1790365746.271,1790365869.546,,demo_booking_classic,customer_hangup,0.0
1790365284,96,d6801e1e-9059-4401-89c0-1cf563e5c5ab,5,client_only,short,finalizada,,,-4.16284870202071,1.0972366693285442,3.399,1.0,1790365865.045,1790365868.444,,,,,,,,,,,1790365746.271,1790365869.546,,demo_booking_classic,customer_hangup,0.0
1790365284,96,d6801e1e-9059-4401-89c0-1cf563e5c5ab,0,server_only,,finalizada,,,,,,,,,3.269,3.207,0.061,0.763,2.008,,0.819,21.39,,4.851,1790365746.271,1790365869.546,5.259,demo_booking_classic,customer_hangup,0.0
1790365284,96,d6801e1e-9059-4401-89c0-1cf563e5c5ab,1,server_only,,finalizada,,,,,,,,,3.645,3.586,0.059,0.361,1.173,,1.945,4.57,,5.951,1790365746.271,1790365869.546,7.154,demo_booking_classic,customer_hangup,0.0
1790365284,96,d6801e1e-9059-4401-89c0-1cf563e5c5ab,2,server_only,,finalizada,,,,,,,,,1.887,1.652,0.235,0.702,1.344,,0.511,5.21,,3.1,1790365746.271,1790365869.546,3.542,demo_booking_classic,customer_hangup,0.0
1790365284,96,ede9e2b9-f75d-4472-848d-f7b5f806beba,0,paired,long,finalizada,,,8.555475695000496,5.762534839004268,32.787,3.52,1790365758.007,1790365790.794,1.528,1.421,0.107,0.334,0.971,,0.557,7.37,,2.419,1790365746.521,1790365891.822,3.071,demo_booking_classic,customer_hangup,0.0
1790365284,96,ede9e2b9-f75d-4472-848d-f7b5f806beba,1,paired,medium,finalizada,,timeout esperando que el agente empiece a responder,,2.8514124083868126,17.233,2.24,1790365796.558,1790365813.791,5.17,4.129,1.04,2.25,3.75,,0.847,4.98,,8.267,1790365746.521,1790365891.822,9.412,demo_booking_classic,customer_hangup,0.0
1790365284,96,ede9e2b9-f75d-4472-848d-f7b5f806beba,2,paired,medium,finalizada,,,7.954786043002969,1.0,22.397,2.24,1790365816.644,1790365839.04,1.307,1.296,0.012,1.008,3.082,,0.236,8.43,,2.551,1790365746.521,1790365891.822,3.334,demo_booking_classic,customer_hangup,0.0
1790365284,96,ede9e2b9-f75d-4472-848d-f7b5f806beba,3,paired,short,finalizada,,,13.595451036002487,1.0,25.64,1.0,1790365840.041,1790365865.681,0.542,0.191,0.351,0.543,1.138,,0.262,4.57,,1.347,1790365746.521,1790365891.822,1.657,demo_booking_classic,customer_hangup,0.0
1790365284,96,ede9e2b9-f75d-4472-848d-f7b5f806beba,4,paired,long,finalizada,,,1.2153113750100601,2.8458690492281926,10.262,3.06,1790365866.682,1790365876.944,1.252,1.221,0.031,0.64,2.841,,0.14,0.05,,2.032,1790365746.521,1790365891.822,,demo_booking_classic,customer_hangup,0.0
1790365284,96,ede9e2b9-f75d-4472-848d-f7b5f806beba,5,paired,short,finalizada,,,3.9947881739935838,1.3456414819354603,10.68,1.0,1790365879.791,1790365890.471,1.001,0.502,0.499,0.386,1.265,,0.167,4.57,,1.553,1790365746.521,1790365891.822,2.435,demo_booking_classic,customer_hangup,0.0
1790365284,96,be66413f-a78e-404a-8c0f-aecb84e2bae5,0,client_only,long,finalizada,,,12.462975233996985,1.9380459656558895,24.644,3.06,1790365760.56,1790365785.204,,,,,,,,,,,1790365747.072,1790365858.393,,demo_booking_classic,customer_hangup,0.0
1790365284,96,be66413f-a78e-404a-8c0f-aecb84e2bae5,1,client_only,short,finalizada,,timeout esperando que el agente empiece a responder,,3.0449757714610204,15.328,0.32,1790365787.143,1790365802.471,,,,,,,,,,,1790365747.072,1790365858.393,,demo_booking_classic,customer_hangup,0.0
1790365284,96,be66413f-a78e-404a-8c0f-aecb84e2bae5,2,client_only,medium,finalizada,,,-1.9964757909765467,2.4705767385949247,7.829,2.24,1790365805.516,1790365813.345,,,,,,,,,,,1790365747.072,1790365858.393,,demo_booking_classic,customer_hangup,0.0
1790365284,96,be66413f-a78e-404a-8c0f-aecb84e2bae5,3,client_only,short,finalizada,,timeout esperando que el agente empiece a responder,,4.1127785314265175,15.323,0.32,1790365815.816,1790365831.139,,,,,,,,,,,1790365747.072,1790365858.393,,demo_booking_classic,customer_hangup,0.0
1790365284,96,be66413f-a78e-404a-8c0f-aecb84e2bae5,4,client_only,short,finalizada,,,-3.8565634969854727,3.43906472473904,8.943,1.0,1790365835.254,1790365844.197,,,,,,,,,,,1790365747.072,1790365858.393,,demo_booking_classic,customer_hangup,0.0
1790365284,96,be66413f-a78e-404a-8c0f-aecb84e2bae5,5,client_only,long,finalizada,,,-3.0766731400217395,2.492429108045364,8.247,3.52,1790365847.637,1790365855.883,,,,,,,,,,,1790365747.072,1790365858.393,,demo_booking_classic,customer_hangup,0.0
1790365284,96,be66413f-a78e-404a-8c0f-aecb84e2bae5,0,server_only,,finalizada,,,,,,,,,2.639,2.562,0.077,1.816,2.58,,0.946,5.14,,5.402,1790365747.072,1790365858.393,6.551,demo_booking_classic,customer_hangup,0.0
1790365284,96,be66413f-a78e-404a-8c0f-aecb84e2bae5,1,server_only,,finalizada,,,,,,,,,0.0,0.0,0.0,1.415,3.631,,0.581,4.58,,1.996,1790365747.072,1790365858.393,,demo_booking_classic,customer_hangup,0.0
1790365284,96,be66413f-a78e-404a-8c0f-aecb84e2bae5,2,server_only,,finalizada,,,,,,,,,2.9,2.774,0.126,0.697,2.423,,0.734,5.78,,4.331,1790365747.072,1790365858.393,4.45,demo_booking_classic,customer_hangup,0.0
1790365284,96,be66413f-a78e-404a-8c0f-aecb84e2bae5,3,server_only,,finalizada,,,,,,,,,2.347,2.308,0.04,1.071,2.008,,0.793,4.42,,4.211,1790365747.072,1790365858.393,5.121,demo_booking_classic,customer_hangup,0.0
1790365284,96,8e59224c-af2c-4080-a9b5-bd414981b963,0,client_only,long,finalizada,,,14.294835914013674,2.1658713525652504,24.747,3.06,1790365760.478,1790365785.225,,,,,,,,,,,1790365747.307,1790365866.387,,demo_booking_classic,customer_hangup,0.0
1790365284,96,8e59224c-af2c-4080-a9b5-bd414981b963,1,client_only,short,finalizada,,timeout esperando que el agente empiece a responder,,2.922322044603159,15.47,0.48,1790365787.391,1790365802.862,,,,,,,,,,,1790365747.307,1790365866.387,,demo_booking_classic,customer_hangup,0.0
1790365284,96,8e59224c-af2c-4080-a9b5-bd414981b963,2,client_only,medium,finalizada,,,13.11487520398805,1.3283317231807503,19.887,2.24,1790365805.785,1790365825.672,,,,,,,,,,,1790365747.307,1790365866.387,,demo_booking_classic,customer_hangup,0.0
1790365284,96,8e59224c-af2c-4080-a9b5-bd414981b963,3,client_only,medium,finalizada,,,-3.185302576981485,1.0,8.469,2.6,1790365827.001,1790365835.47,,,,,,,,,,,1790365747.307,1790365866.387,,demo_booking_classic,customer_hangup,0.0
1790365284,96,8e59224c-af2c-4080-a9b5-bd414981b963,4,client_only,short,finalizada,,,-0.8046846569923218,1.467747376495484,14.267,0.32,1790365836.47,1790365850.737,,,,,,,,,,,1790365747.307,1790365866.387,,demo_booking_classic,customer_hangup,0.0
1790365284,96,8e59224c-af2c-4080-a9b5-bd414981b963,5,client_only,long,finalizada,,,1.2549409439961892,1.9120626005241812,12.263,3.52,1790365852.206,1790365864.469,,,,,,,,,,,1790365747.307,1790365866.387,,demo_booking_classic,customer_hangup,0.0
1790365284,96,8e59224c-af2c-4080-a9b5-bd414981b963,0,server_only,,finalizada,,,,,,,,,2.768,2.41,0.359,2.173,3.296,,2.02,5.69,,6.961,1790365747.307,1790365866.387,8.835,demo_booking_classic,customer_hangup,0.0
1790365284,96,8e59224c-af2c-4080-a9b5-bd414981b963,1,server_only,,finalizada,,,,,,,,,2.877,2.734,0.143,0.792,4.447,,0.874,20.67,,4.544,1790365747.307,1790365866.387,8.113,demo_booking_classic,customer_hangup,0.0
1790365284,96,8e59224c-af2c-4080-a9b5-bd414981b963,2,server_only,,finalizada,,,,,,,,,2.086,2.028,0.059,1.437,2.305,,0.629,5.62,,4.152,1790365747.307,1790365866.387,5.304,demo_booking_classic,customer_hangup,0.0
1790365284,96,faca9b22-3cc7-472f-b292-8193c3c87cfb,0,client_only,short,finalizada,,timeout esperando que el agente empiece a responder,,10.0,15.467,0.48,1790365761.454,1790365776.921,,,,,,,,,,,1790365747.557,1790365889.926,,demo_booking_classic,customer_hangup,0.0
1790365284,96,faca9b22-3cc7-472f-b292-8193c3c87cfb,1,client_only,long,finalizada,,,11.758638440980576,1.0,22.158,3.52,1790365786.922,1790365809.08,,,,,,,,,,,1790365747.557,1790365889.926,,demo_booking_classic,customer_hangup,0.0
1790365284,96,faca9b22-3cc7-472f-b292-8193c3c87cfb,2,client_only,short,finalizada,,timeout esperando que el agente empiece a responder,,1.3333731380430145,16.004,1.0,1790365810.081,1790365826.085,,,,,,,,,,,1790365747.557,1790365889.926,,demo_booking_classic,customer_hangup,0.0
1790365284,96,faca9b22-3cc7-472f-b292-8193c3c87cfb,3,client_only,short,finalizada,,timeout esperando que el agente termine de hablar,6.978709704999346,2.431048538965229,32.993,1.0,1790365827.419,1790365860.412,,,,,,,,,,,1790365747.557,1790365889.926,,demo_booking_classic,customer_hangup,0.0
1790365284,96,faca9b22-3cc7-472f-b292-8193c3c87cfb,4,client_only,short,finalizada,,,1.5386412250227295,2.515214230346398,7.84,0.38,1790365862.843,1790365870.684,,,,,,,,,,,1790365747.557,1790365889.926,,demo_booking_classic,customer_hangup,0.0
1790365284,96,faca9b22-3cc7-472f-b292-8193c3c87cfb,5,client_only,short,finalizada,,,8.438723630999448,2.4689435107714663,14.253,0.32,1790365873.199,1790365887.452,,,,,,,,,,,1790365747.557,1790365889.926,,demo_booking_classic,customer_hangup,0.0
1790365284,96,faca9b22-3cc7-472f-b292-8193c3c87cfb,0,server_only,,finalizada,,,,,,,,,3.818,3.704,0.114,1.661,2.137,,0.771,4.01,,6.25,1790365747.557,1790365889.926,6.859,demo_booking_classic,customer_hangup,0.0
1790365284,96,faca9b22-3cc7-472f-b292-8193c3c87cfb,1,server_only,,finalizada,,,,,,,,,1.356,1.264,0.093,0.347,2.326,,0.736,20.59,,2.439,1790365747.557,1790365889.926,3.464,demo_booking_classic,customer_hangup,0.0
1790365284,96,faca9b22-3cc7-472f-b292-8193c3c87cfb,2,server_only,,finalizada,,,,,,,,,1.507,1.468,0.039,0.579,1.134,,0.378,4.01,,2.464,1790365747.557,1790365889.926,3.148,demo_booking_classic,customer_hangup,0.0
1790365284,96,faca9b22-3cc7-472f-b292-8193c3c87cfb,3,server_only,,finalizada,,,,,,,,,1.536,1.458,0.077,0.301,1.708,,0.238,0.05,,2.075,1790365747.557,1790365889.926,,demo_booking_classic,customer_hangup,0.0
1790365284,96,faca9b22-3cc7-472f-b292-8193c3c87cfb,4,server_only,,finalizada,,,,,,,,,1.206,1.193,0.013,0.818,2.454,,0.161,4.34,,2.185,1790365747.557,1790365889.926,3.34,demo_booking_classic,customer_hangup,0.0
1790365284,96,f22e589e-7919-4a5f-b98b-d41f27b85b97,0,client_only,short,finalizada,,timeout esperando que el agente empiece a responder,,3.3436269444958335,15.472,0.48,1790365762.496,1790365777.968,,,,,,,,,,,1790365747.807,1790365893.721,,demo_booking_classic,customer_hangup,0.0
1790365284,96,f22e589e-7919-4a5f-b98b-d41f27b85b97,1,client_only,medium,finalizada,,timeout esperando que el agente termine de hablar,14.947238235996338,3.921010747377907,42.563,2.6,1790365781.312,1790365823.875,,,,,,,,,,,1790365747.807,1790365893.721,,demo_booking_classic,customer_hangup,0.0
1790365284,96,f22e589e-7919-4a5f-b98b-d41f27b85b97,2,client_only,medium,finalizada,,,-31.07271888302057,2.3585248322492003,14.169,2.12,1790365827.797,1790365841.966,,,,,,,,,,,1790365747.807,1790365893.721,,demo_booking_classic,customer_hangup,0.0
1790365284,96,f22e589e-7919-4a5f-b98b-d41f27b85b97,3,client_only,short,finalizada,,,14.16698152400204,1.0988612079443207,21.011,0.32,1790365844.325,1790365865.336,,,,,,,,,,,1790365747.807,1790365893.721,,demo_booking_classic,customer_hangup,0.0
1790365284,96,f22e589e-7919-4a5f-b98b-d41f27b85b97,4,client_only,long,finalizada,,,-1.8525584040035028,1.6241214345619341,10.658,3.52,1790365866.435,1790365877.094,,,,,,,,,,,1790365747.807,1790365893.721,,demo_booking_classic,customer_hangup,0.0
1790365284,96,f22e589e-7919-4a5f-b98b-d41f27b85b97,5,client_only,medium,finalizada,,,3.7665402099955827,2.610488513120095,12.386,2.12,1790365878.719,1790365891.104,,,,,,,,,,,1790365747.807,1790365893.721,,demo_booking_classic,customer_hangup,0.0
1790365284,96,f22e589e-7919-4a5f-b98b-d41f27b85b97,0,server_only,,finalizada,,,,,,,,,2.941,1.813,1.128,3.223,5.232,,2.136,22.83,,8.299,1790365747.807,1790365893.721,8.676,demo_booking_classic,customer_hangup,0.0
1790365284,96,f22e589e-7919-4a5f-b98b-d41f27b85b97,1,server_only,,finalizada,,,,,,,,,0.632,0.611,0.021,0.45,1.117,,0.544,4.82,,1.626,1790365747.807,1790365893.721,1.827,demo_booking_classic,customer_hangup,0.0
1790365284,96,f22e589e-7919-4a5f-b98b-d41f27b85b97,2,server_only,,finalizada,,,,,,,,,1.632,1.545,0.087,0.348,2.141,,0.321,7.3,,2.301,1790365747.807,1790365893.721,3.0,demo_booking_classic,customer_hangup,0.0
1790365284,96,f22e589e-7919-4a5f-b98b-d41f27b85b97,3,server_only,,finalizada,,,,,,,,,1.215,1.192,0.023,0.424,1.43,,0.238,4.73,,1.878,1790365747.807,1790365893.721,2.888,demo_booking_classic,customer_hangup,0.0
1790365284,96,f22e589e-7919-4a5f-b98b-d41f27b85b97,4,server_only,,finalizada,,,,,,,,,0.664,0.662,0.001,0.371,1.628,,0.15,5.29,,1.184,1790365747.807,1790365893.721,2.446,demo_booking_classic,customer_hangup,0.0
1790365284,96,9e9ad401-d480-4961-a55d-ee291cbd7575,0,paired,short,finalizada,,timeout esperando que el agente termine de hablar,11.130893644003663,3.071889911161618,37.129,1.0,1790365758.965,1790365796.094,2.084,2.022,0.062,1.164,2.703,,0.81,20.43,,4.058,1790365747.277,1790365882.802,4.898,demo_booking_classic,customer_hangup,0.0
1790365284,96,9e9ad401-d480-4961-a55d-ee291cbd7575,1,paired,short,finalizada,,,-29.088899816008052,3.9764376378073942,13.97,1.0,1790365799.167,1790365813.137,1.461,1.409,0.052,0.413,1.372,,0.61,4.41,,2.484,1790365747.277,1790365882.802,3.495,demo_booking_classic,customer_hangup,0.0
1790365284,96,9e9ad401-d480-4961-a55d-ee291cbd7575,2,paired,medium,finalizada,,timeout esperando que el agente empiece a responder,,5.32746599196446,17.606,2.6,1790365817.114,1790365834.719,2.436,2.414,0.022,0.316,1.601,,0.525,5.86,,3.278,1790365747.277,1790365882.802,4.259,demo_booking_classic,customer_hangup,0.0
1790365284,96,9e9ad401-d480-4961-a55d-ee291cbd7575,3,paired,short,finalizada,,,3.530750681005884,1.0167286465388437,11.523,0.38,1790365840.047,1790365851.57,0.0,0.0,0.0,0.911,4.091,,0.184,0.05,,1.095,1790365747.277,1790365882.802,,demo_booking_classic,customer_hangup,0.0
1790365284,96,9e9ad401-d480-4961-a55d-ee291cbd7575,4,paired,medium,finalizada,,,10.410705507994862,2.3142857529087277,19.706,2.12,1790365852.588,1790365872.294,0.953,0.951,0.002,0.631,1.626,,0.258,1.89,,1.842,1790365747.277,1790365882.802,2.91,demo_booking_classic,customer_hangup,0.0
1790365284,96,9e9ad401-d480-4961-a55d-ee291cbd7575,5,paired,medium,finalizada,,,2.750509081000928,1.233456996346746,6.955,2.6,1790365874.609,1790365881.564,0.699,0.698,0.001,0.467,1.621,,0.149,2.22,,1.315,1790365747.277,1790365882.802,1.765,demo_booking_classic,customer_hangup,0.0
1790365284,96,3ae06cf8-8f8a-4b8d-8edb-7eb4791472b0,0,client_only,medium,finalizada,,timeout esperando que el agente termine de hablar,10.60737030999735,2.351228920833005,38.2,2.6,1790365762.649,1790365800.849,,,,,,,,,,,1790365747.51,1790365882.081,,demo_booking_classic,customer_hangup,0.0
1790365284,96,3ae06cf8-8f8a-4b8d-8edb-7eb4791472b0,1,client_only,long,finalizada,,,-30.872664494003402,2.715068295998971,14.756,3.52,1790365803.201,1790365817.957,,,,,,,,,,,1790365747.51,1790365882.081,,demo_booking_classic,customer_hangup,0.0
1790365284,96,3ae06cf8-8f8a-4b8d-8edb-7eb4791472b0,2,client_only,short,finalizada,,timeout esperando que el agente empiece a responder,,3.0008731670480544,15.338,0.32,1790365820.673,1790365836.01,,,,,,,,,,,1790365747.51,1790365882.081,,demo_booking_classic,customer_hangup,0.0
1790365284,96,3ae06cf8-8f8a-4b8d-8edb-7eb4791472b0,3,client_only,medium,finalizada,,,6.666530034999596,2.1964554693641527,17.746,2.24,1790365839.012,1790365856.758,,,,,,,,,,,1790365747.51,1790365882.081,,demo_booking_classic,customer_hangup,0.0
1790365284,96,3ae06cf8-8f8a-4b8d-8edb-7eb4791472b0,4,client_only,long,finalizada,,,-1.6329775750054978,1.0,7.857,3.52,1790365858.956,1790365866.812,,,,,,,,,,,1790365747.51,1790365882.081,,demo_booking_classic,customer_hangup,0.0
1790365284,96,3ae06cf8-8f8a-4b8d-8edb-7eb4791472b0,5,client_only,medium,finalizada,,,3.5069745520013385,3.1850479094403052,11.079,2.24,1790365867.813,1790365878.892,,,,,,,,,,,1790365747.51,1790365882.081,,demo_booking_classic,customer_hangup,0.0
1790365284,96,3ae06cf8-8f8a-4b8d-8edb-7eb4791472b0,0,server_only,,finalizada,,,,,,,,,1.211,1.004,0.207,1.415,2.294,,0.855,0.05,,3.48,1790365747.51,1790365882.081,,demo_booking_classic,customer_hangup,0.0
1790365284,96,3ae06cf8-8f8a-4b8d-8edb-7eb4791472b0,1,server_only,,finalizada,,,,,,,,,0.0,0.0,0.0,0.57,3.011,,1.03,21.63,,1.6,1790365747.51,1790365882.081,,demo_booking_classic,customer_hangup,0.0
1790365284,96,3ae06cf8-8f8a-4b8d-8edb-7eb4791472b0,2,server_only,,finalizada,,,,,,,,,0.873,0.563,0.31,1.028,3.23,,0.198,5.85,,2.099,1790365747.51,1790365882.081,4.066,demo_booking_classic,customer_hangup,0.0
1790365284,96,3ae06cf8-8f8a-4b8d-8edb-7eb4791472b0,3,server_only,,finalizada,,,,,,,,,0.0,0.0,0.0,0.899,1.656,,0.346,4.81,,1.245,1790365747.51,1790365882.081,,demo_booking_classic,customer_hangup,0.0
1790365284,96,3ae06cf8-8f8a-4b8d-8edb-7eb4791472b0,4,server_only,,finalizada,,,,,,,,,0.753,0.467,0.286,0.981,2.358,,0.238,4.17,,1.971,1790365747.51,1790365882.081,3.094,demo_booking_classic,customer_hangup,0.0
1790365284,96,3ae06cf8-8f8a-4b8d-8edb-7eb4791472b0,5,server_only,,finalizada,,,,,,,,,0.899,0.853,0.046,,,,,0.0,,,1790365747.51,1790365882.081,,demo_booking_classic,customer_hangup,0.0
1790365284,96,3ae06cf8-8f8a-4b8d-8edb-7eb4791472b0,6,server_only,,finalizada,,,,,,,,,0.825,0.823,0.003,,,,0.136,0.05,,,1790365747.51,1790365882.081,,demo_booking_classic,customer_hangup,0.0
1790365284,96,4d329ef8-4339-4a51-96c0-4dfd3238d690,0,paired,long,finalizada,,,9.718660249025561,1.9809053813734259,31.862,3.52,1790365765.937,1790365797.799,3.82,2.965,0.855,2.305,3.285,,1.006,8.1,,7.131,1790365747.76,1790365883.799,7.219,demo_booking_classic,customer_hangup,0.0
1790365284,96,4d329ef8-4339-4a51-96c0-4dfd3238d690,1,paired,short,finalizada,,timeout esperando que el agente empiece a responder,,4.937424537062633,16.014,1.0,1790365799.78,1790365815.794,3.346,3.294,0.052,0.695,1.547,,0.78,4.17,,4.821,1790365747.76,1790365883.799,5.642,demo_booking_classic,customer_hangup,0.0
1790365284,96,4d329ef8-4339-4a51-96c0-4dfd3238d690,2,paired,medium,finalizada,,,5.478646167990519,2.7399780712463375,15.799,2.6,1790365820.732,1790365836.53,3.302,3.266,0.036,0.936,1.272,,0.516,5.54,,4.754,1790365747.76,1790365883.799,5.111,demo_booking_classic,customer_hangup,0.0
1790365284,96,4d329ef8-4339-4a51-96c0-4dfd3238d690,3,paired,medium,finalizada,,,10.25920485999086,1.1129536757879601,21.538,2.6,1790365839.27,1790365860.808,1.909,1.849,0.06,0.675,1.074,,0.233,5.86,,2.817,1790365747.76,1790365883.799,2.998,demo_booking_classic,customer_hangup,0.0
1790365284,96,4d329ef8-4339-4a51-96c0-4dfd3238d690,4,paired,short,finalizada,,,4.39855056500528,5.032640287981934,13.091,1.0,1790365861.922,1790365875.012,1.706,1.614,0.092,0.671,1.773,,0.201,4.49,,2.578,1790365747.76,1790365883.799,3.637,demo_booking_classic,customer_hangup,0.0
1790365284,96,4d329ef8-4339-4a51-96c0-4dfd3238d690,5,paired,short,finalizada,,,-1.0009838709956966,1.109777509024511,2.638,1.0,1790365880.046,1790365882.684,1.001,0.585,0.416,0.387,1.223,,0.15,0.05,,1.538,1790365747.76,1790365883.799,,demo_booking_classic,customer_hangup,0.0
1790365284,96,2bf9dd04-fd77-49b4-a136-a08aaeafcb46,0,paired,long,finalizada,,,11.92019990098197,1.8141149582597837,24.785,3.52,1790365762.856,1790365787.641,2.741,2.274,0.467,0.253,1.803,,2.425,4.89,,5.419,1790365748.01,1790365880.411,8.229,demo_booking_classic,customer_hangup,0.0
1790365284,96,2bf9dd04-fd77-49b4-a136-a08aaeafcb46,1,paired,medium,finalizada,,timeout esperando que el agente empiece a responder,,1.3113388526052083,17.111,2.12,1790365789.456,1790365806.567,1.179,1.098,0.081,0.636,1.474,,0.893,5.21,,2.709,1790365748.01,1790365880.411,3.647,demo_booking_classic,customer_hangup,0.0
1790365284,96,2bf9dd04-fd77-49b4-a136-a08aaeafcb46,2,paired,short,finalizada,,,3.279536426998675,1.6526194414906537,14.763,0.32,1790365807.879,1790365822.642,1.091,1.023,0.068,0.432,1.634,,1.186,4.02,,2.709,1790365748.01,1790365880.411,3.124,demo_booking_classic,customer_hangup,0.0
1790365284,96,2bf9dd04-fd77-49b4-a136-a08aaeafcb46,3,paired,short,finalizada,,,11.360015502985334,5.372908409943058,20.587,1.0,1790365824.295,1790365844.882,1.661,1.589,0.072,0.763,2.497,,0.3,6.09,,2.725,1790365748.01,1790365880.411,4.427,demo_booking_classic,customer_hangup,0.0
1790365284,96,2bf9dd04-fd77-49b4-a136-a08aaeafcb46,4,paired,short,finalizada,,,8.6204046929779,3.544514279642218,15.761,0.38,1790365850.256,1790365866.018,1.153,1.1,0.053,0.711,2.225,,0.198,4.81,,2.062,1790365748.01,1790365880.411,3.561,demo_booking_classic,customer_hangup,0.0
1790365284,96,2bf9dd04-fd77-49b4-a136-a08aaeafcb46,5,paired,medium,finalizada,,,4.2804905679950025,1.0,9.843,2.12,1790365869.563,1790365879.406,0.876,0.856,0.02,,,,,0.0,,,1790365748.01,1790365880.411,,demo_booking_classic,customer_hangup,0.0
1790365284,96,0ba2ff3b-2c3c-41cd-8e34-52631feac8a9,0,client_only,short,finalizada,,,0.48369085299782455,1.8831991288283092,7.645,0.48,1790365761.218,1790365768.864,,,,,,,,,,,1790365748.953,1790365874.808,,demo_booking_classic,customer_hangup,0.0
1790365284,96,0ba2ff3b-2c3c-41cd-8e34-52631feac8a9,1,client_only,short,finalizada,,timeout esperando que el agente termine de hablar,9.903329177992418,2.088236616693907,35.912,1.0,1790365770.748,1790365806.66,,,,,,,,,,,1790365748.953,1790365874.808,,demo_booking_classic,customer_hangup,0.0
1790365284,96,0ba2ff3b-2c3c-41cd-8e34-52631feac8a9,2,client_only,short,finalizada,,,-27.57659702800447,1.4767505771098282,6.187,0.48,1790365808.748,1790365814.936,,,,,,,,,,,1790365748.953,1790365874.808,,demo_booking_classic,customer_hangup,0.0
1790365284,96,0ba2ff3b-2c3c-41cd-8e34-52631feac8a9,3,client_only,short,finalizada,,,13.20389886200428,2.724339700045648,20.764,0.32,1790365816.413,1790365837.178,,,,,,,,,,,1790365748.953,1790365874.808,,demo_booking_classic,customer_hangup,0.0
1790365284,96,0ba2ff3b-2c3c-41cd-8e34-52631feac8a9,4,client_only,short,finalizada,,,-0.5762477630050853,1.4734713467693001,7.261,1.0,1790365839.903,1790365847.164,,,,,,,,,,,1790365748.953,1790365874.808,,demo_booking_classic,customer_hangup,0.0
1790365284,96,0ba2ff3b-2c3c-41cd-8e34-52631feac8a9,5,client_only,medium,finalizada,,,10.864005415001884,8.106013654344356,18.059,2.24,1790365848.638,1790365866.697,,,,,,,,,,,1790365748.953,1790365874.808,,demo_booking_classic,customer_hangup,0.0
1790365284,96,0ba2ff3b-2c3c-41cd-8e34-52631feac8a9,0,server_only,,finalizada,,,,,,,,,2.901,2.026,0.875,2.049,3.485,,1.253,21.31,,6.203,1790365748.953,1790365874.808,6.173,demo_booking_classic,customer_hangup,0.0
1790365284,96,0ba2ff3b-2c3c-41cd-8e34-52631feac8a9,1,server_only,,finalizada,,,,,,,,,0.628,0.0,0.628,0.754,1.715,,0.715,4.81,,2.097,1790365748.953,1790365874.808,2.063,demo_booking_classic,customer_hangup,0.0
1790365284,96,0ba2ff3b-2c3c-41cd-8e34-52631feac8a9,2,server_only,,finalizada,,,,,,,,,0.991,0.539,0.452,0.768,1.72,,0.616,4.33,,2.375,1790365748.953,1790365874.808,3.184,demo_booking_classic,customer_hangup,0.0
1790365284,96,0ba2ff3b-2c3c-41cd-8e34-52631feac8a9,3,server_only,,finalizada,,,,,,,,,1.01,0.851,0.159,1.143,2.251,,0.569,4.01,,2.721,1790365748.953,1790365874.808,3.756,demo_booking_classic,customer_hangup,0.0
1790365284,96,0ba2ff3b-2c3c-41cd-8e34-52631feac8a9,4,server_only,,finalizada,,,,,,,,,1.079,1.02,0.06,0.817,1.321,,0.319,4.33,,2.215,1790365748.953,1790365874.808,2.783,demo_booking_classic,customer_hangup,0.0
1790365284,96,7a34269e-a1fc-47de-9099-5797727a3298,0,client_only,medium,finalizada,,,11.356794188002823,7.202827161842425,17.338,2.24,1790365765.305,1790365782.643,,,,,,,,,,,1790365749.186,1790365859.397,,demo_booking_classic,customer_hangup,0.0
1790365284,96,7a34269e-a1fc-47de-9099-5797727a3298,1,client_only,short,finalizada,,timeout esperando que el agente empiece a responder,,3.952379013518869,16.011,1.0,1790365789.847,1790365805.858,,,,,,,,,,,1790365749.186,1790365859.397,,demo_booking_classic,customer_hangup,0.0
1790365284,96,7a34269e-a1fc-47de-9099-5797727a3298,2,client_only,long,finalizada,,,2.6374723549815826,1.0,8.926,3.52,1790365809.812,1790365818.738,,,,,,,,,,,1790365749.186,1790365859.397,,demo_booking_classic,customer_hangup,0.0
1790365284,96,7a34269e-a1fc-47de-9099-5797727a3298,3,client_only,long,finalizada,,,-2.0033337679924443,1.8702445661774665,6.002,3.52,1790365819.739,1790365825.741,,,,,,,,,,,1790365749.186,1790365859.397,,demo_booking_classic,customer_hangup,0.0
1790365284,96,7a34269e-a1fc-47de-9099-5797727a3298,4,client_only,long,finalizada,,timeout esperando que el agente empiece a responder,,1.9085269276071042,18.069,3.06,1790365827.612,1790365845.681,,,,,,,,,,,1790365749.186,1790365859.397,,demo_booking_classic,customer_hangup,0.0
1790365284,96,7a34269e-a1fc-47de-9099-5797727a3298,5,client_only,short,finalizada,,,0.25677736799116246,2.172866538285335,9.628,0.48,1790365847.59,1790365857.218,,,,,,,,,,,1790365749.186,1790365859.397,,demo_booking_classic,customer_hangup,0.0
1790365284,96,7a34269e-a1fc-47de-9099-5797727a3298,0,server_only,,finalizada,,,,,,,,,5.517,4.187,1.33,1.53,2.199,,0.751,4.33,,7.799,1790365749.186,1790365859.397,8.006,demo_booking_classic,customer_hangup,0.0
1790365284,96,7a34269e-a1fc-47de-9099-5797727a3298,1,server_only,,finalizada,,,,,,,,,1.099,0.79,0.309,1.137,1.687,,0.745,3.13,,2.981,1790365749.186,1790365859.397,3.538,demo_booking_classic,customer_hangup,0.0
1790365284,96,7a34269e-a1fc-47de-9099-5797727a3298,2,server_only,,finalizada,,,,,,,,,0.993,0.827,0.166,1.231,3.314,,0.352,9.7,,2.576,1790365749.186,1790365859.397,4.208,demo_booking_classic,customer_hangup,0.0
1790365284,96,7a34269e-a1fc-47de-9099-5797727a3298,3,server_only,,finalizada,,,,,,,,,0.997,0.0,0.997,,,,,0.0,,,1790365749.186,1790365859.397,,demo_booking_classic,customer_hangup,0.0
1790365284,96,966e2df8-8d2d-40bb-9b97-1708a3b17608,0,client_only,short,finalizada,,timeout esperando que el agente empiece a responder,,3.23787559493899,15.308,0.32,1790365763.487,1790365778.795,,,,,,,,,,,1790365749.436,1790365870.009,,demo_booking_classic,customer_hangup,0.0
1790365284,96,966e2df8-8d2d-40bb-9b97-1708a3b17608,1,client_only,short,finalizada,,,10.75494903800427,2.2268281417494946,18.999,0.32,1790365782.034,1790365801.033,,,,,,,,,,,1790365749.436,1790365870.009,,demo_booking_classic,customer_hangup,0.0
1790365284,96,966e2df8-8d2d-40bb-9b97-1708a3b17608,2,client_only,medium,finalizada,,,14.814824216009583,1.0,23.206,2.6,1790365803.261,1790365826.467,,,,,,,,,,,1790365749.436,1790365870.009,,demo_booking_classic,customer_hangup,0.0
1790365284,96,966e2df8-8d2d-40bb-9b97-1708a3b17608,3,client_only,short,finalizada,,timeout esperando que el agente empiece a responder,,6.021570185373322,15.495,0.48,1790365827.468,1790365842.963,,,,,,,,,,,1790365749.436,1790365870.009,,demo_booking_classic,customer_hangup,0.0
1790365284,96,966e2df8-8d2d-40bb-9b97-1708a3b17608,4,client_only,long,finalizada,,,-7.764712229982251,1.7941101274764222,9.446,3.06,1790365848.985,1790365858.431,,,,,,,,,,,1790365749.436,1790365870.009,,demo_booking_classic,customer_hangup,0.0
1790365284,96,966e2df8-8d2d-40bb-9b97-1708a3b17608,5,client_only,long,finalizada,,,0.7745260329975281,1.0,8.778,3.52,1790365860.225,1790365869.003,,,,,,,,,,,1790365749.436,1790365870.009,,demo_booking_classic,customer_hangup,0.0
1790365284,96,966e2df8-8d2d-40bb-9b97-1708a3b17608,0,server_only,,finalizada,,,,,,,,,4.577,3.925,0.652,1.339,1.957,,0.734,4.34,,6.65,1790365749.436,1790365870.009,6.584,demo_booking_classic,customer_hangup,0.0
1790365284,96,966e2df8-8d2d-40bb-9b97-1708a3b17608,1,server_only,,finalizada,,,,,,,,,1.421,1.345,0.075,0.865,1.825,,0.598,2.97,,2.883,1790365749.436,1790365870.009,3.991,demo_booking_classic,customer_hangup,0.0
1790365284,96,966e2df8-8d2d-40bb-9b97-1708a3b17608,2,server_only,,finalizada,,,,,,,,,1.903,1.686,0.217,0.819,3.345,,0.831,11.22,,3.552,1790365749.436,1790365870.009,5.723,demo_booking_classic,customer_hangup,0.0
1790365284,96,966e2df8-8d2d-40bb-9b97-1708a3b17608,3,server_only,,finalizada,,,,,,,,,2.1,1.66,0.44,0.864,1.325,,0.324,5.45,,3.288,1790365749.436,1790365870.009,3.513,demo_booking_classic,customer_hangup,0.0
1790365284,96,966e2df8-8d2d-40bb-9b97-1708a3b17608,4,server_only,,finalizada,,,,,,,,,0.923,0.921,0.002,,,,,0.0,,,1790365749.436,1790365870.009,,demo_booking_classic,customer_hangup,0.0
1790365284,96,fd8b45fe-1dd9-4d96-8519-5728cbdd3c9c,0,client_only,medium,finalizada,,,-1.3542346780013759,5.423268141191659,7.082,2.6,1790365762.007,1790365769.089,,,,,,,,,,,1790365749.685,1790365853.184,,demo_booking_classic,customer_hangup,0.0
1790365284,96,fd8b45fe-1dd9-4d96-8519-5728cbdd3c9c,1,client_only,long,finalizada,,,0.865157263004221,4.666031276130071,28.687,3.06,1790365774.512,1790365803.199,,,,,,,,,,,1790365749.685,1790365853.184,,demo_booking_classic,customer_hangup,0.0
1790365284,96,fd8b45fe-1dd9-4d96-8519-5728cbdd3c9c,2,client_only,medium,finalizada,,,1.3444389030046295,1.571743063147855,5.06,2.12,1790365807.867,1790365812.927,,,,,,,,,,,1790365749.685,1790365853.184,,demo_booking_classic,customer_hangup,0.0
1790365284,96,fd8b45fe-1dd9-4d96-8519-5728cbdd3c9c,3,client_only,short,finalizada,,,-0.6143012969987467,2.7786290553710566,6.856,0.32,1790365814.499,1790365821.355,,,,,,,,,,,1790365749.685,1790365853.184,,demo_booking_classic,customer_hangup,0.0
1790365284,96,fd8b45fe-1dd9-4d96-8519-5728cbdd3c9c,4,client_only,medium,finalizada,,timeout esperando que el agente empiece a responder,,4.618732218182502,17.613,2.6,1790365824.135,1790365841.748,,,,,,,,,,,1790365749.685,1790365853.184,,demo_booking_classic,customer_hangup,0.0
1790365284,96,fd8b45fe-1dd9-4d96-8519-5728cbdd3c9c,5,client_only,medium,finalizada,,,-3.1948719630017877,1.3282303911268658,5.479,2.6,1790365846.367,1790365851.846,,,,,,,,,,,1790365749.685,1790365853.184,,demo_booking_classic,customer_hangup,0.0
1790365284,96,fd8b45fe-1dd9-4d96-8519-5728cbdd3c9c,0,server_only,,finalizada,,,,,,,,,3.119,3.01,0.109,0.971,2.723,,1.157,22.27,,5.247,1790365749.685,1790365853.184,6.758,demo_booking_classic,customer_hangup,0.0
1790365284,96,fd8b45fe-1dd9-4d96-8519-5728cbdd3c9c,1,server_only,,finalizada,,,,,,,,,3.133,2.549,0.584,0.51,1.182,,0.372,4.82,,4.014,1790365749.685,1790365853.184,4.572,demo_booking_classic,customer_hangup,0.0
1790365284,96,fd8b45fe-1dd9-4d96-8519-5728cbdd3c9c,2,server_only,,finalizada,,,,,,,,,1.889,1.044,0.845,1.222,2.581,,0.441,4.74,,3.552,1790365749.685,1790365853.184,4.391,demo_booking_classic,customer_hangup,0.0
1790365284,96,fd8b45fe-1dd9-4d96-8519-5728cbdd3c9c,3,server_only,,finalizada,,,,,,,,,0.966,0.0,0.966,,,,-1.0,0.0,,,1790365749.685,1790365853.184,,demo_booking_classic,customer_hangup,0.0
1790365284,96,46050566-5f39-4cf5-8508-003b5ad0236b,0,client_only,short,finalizada,,,-0.33027461799792945,3.0117477528550443,5.693,0.32,1790365757.036,1790365762.729,,,,,,,,,,,1790365749.118,1790365843.273,,demo_booking_classic,customer_hangup,0.0
1790365284,96,46050566-5f39-4cf5-8508-003b5ad0236b,1,client_only,short,finalizada,,,10.589716149988817,1.2231007778409713,20.882,0.48,1790365765.741,1790365786.623,,,,,,,,,,,1790365749.118,1790365843.273,,demo_booking_classic,customer_hangup,0.0
1790365284,96,46050566-5f39-4cf5-8508-003b5ad0236b,2,client_only,short,finalizada,,timeout esperando que el agente empiece a responder,,2.5342055061842617,16.005,1.0,1790365787.848,1790365803.853,,,,,,,,,,,1790365749.118,1790365843.273,,demo_booking_classic,customer_hangup,0.0
1790365284,96,46050566-5f39-4cf5-8508-003b5ad0236b,3,client_only,long,finalizada,,,-1.5502670139831025,2.571933682645651,7.03,3.06,1790365806.387,1790365813.417,,,,,,,,,,,1790365749.118,1790365843.273,,demo_booking_classic,customer_hangup,0.0
1790365284,96,46050566-5f39-4cf5-8508-003b5ad0236b,4,client_only,short,finalizada,,timeout esperando que el agente empiece a responder,,3.926878098892363,15.316,0.32,1790365815.989,1790365831.305,,,,,,,,,,,1790365749.118,1790365843.273,,demo_booking_classic,customer_hangup,0.0
1790365284,96,46050566-5f39-4cf5-8508-003b5ad0236b,5,client_only,long,finalizada,,,-4.8903889679932036,2.1627446989797097,5.869,3.52,1790365835.233,1790365841.102,,,,,,,,,,,1790365749.118,1790365843.273,,demo_booking_classic,customer_hangup,0.0
1790365284,96,46050566-5f39-4cf5-8508-003b5ad0236b,0,server_only,,finalizada,,,,,,,,,1.868,1.833,0.035,0.814,1.35,,1.36,4.33,,4.042,1790365749.118,1790365843.273,4.712,demo_booking_classic,customer_hangup,0.0
1790365284,96,46050566-5f39-4cf5-8508-003b5ad0236b,1,server_only,,finalizada,,,,,,,,,1.376,0.932,0.444,0.296,0.794,,0.582,2.65,,2.253,1790365749.118,1790365843.273,2.649,demo_booking_classic,customer_hangup,0.0
1790365284,96,46050566-5f39-4cf5-8508-003b5ad0236b,2,server_only,,finalizada,,,,,,,,,1.217,0.712,0.504,0.764,1.278,,0.574,5.93,,2.554,1790365749.118,1790365843.273,2.574,demo_booking_classic,customer_hangup,0.0
1790365284,96,46050566-5f39-4cf5-8508-003b5ad0236b,3,server_only,,finalizada,,,,,,,,,1.482,1.399,0.083,1.187,2.248,,1.139,0.05,,3.808,1790365749.118,1790365843.273,,demo_booking_classic,customer_hangup,0.0
1790365284,96,a2dc79c7-372b-493f-8a8c-17ed2d060ea0,0,client_only,short,finalizada,,,-0.09080050900229253,1.9328967496457183,7.67,0.32,1790365760.526,1790365768.196,,,,,,,,,,,1790365749.351,1790365879.127,,demo_booking_classic,customer_hangup,0.0
1790365284,96,a2dc79c7-372b-493f-8a8c-17ed2d060ea0,1,client_only,long,finalizada,,timeout esperando que el agente empiece a responder,,5.304559978061961,18.076,3.06,1790365770.13,1790365788.206,,,,,,,,,,,1790365749.351,1790365879.127,,demo_booking_classic,customer_hangup,0.0
1790365284,96,a2dc79c7-372b-493f-8a8c-17ed2d060ea0,2,client_only,short,finalizada,,,-3.790275519975694,1.7663623738135767,9.355,0.38,1790365793.511,1790365802.866,,,,,,,,,,,1790365749.351,1790365879.127,,demo_booking_classic,customer_hangup,0.0
1790365284,96,a2dc79c7-372b-493f-8a8c-17ed2d060ea0,3,client_only,long,finalizada,,,11.869155819003936,4.994358752724544,24.714,3.52,1790365804.634,1790365829.347,,,,,,,,,,,1790365749.351,1790365879.127,,demo_booking_classic,customer_hangup,0.0
1790365284,96,a2dc79c7-372b-493f-8a8c-17ed2d060ea0,4,client_only,medium,finalizada,,,13.650079662998905,4.091288143671618,30.329,2.12,1790365834.342,1790365864.672,,,,,,,,,,,1790365749.351,1790365879.127,,demo_booking_classic,customer_hangup,0.0
1790365284,96,a2dc79c7-372b-493f-8a8c-17ed2d060ea0,5,client_only,short,finalizada,,,1.1890653310110793,3.5713083396787146,6.786,0.48,1790365868.763,1790365875.549,,,,,,,,,,,1790365749.351,1790365879.127,,demo_booking_classic,customer_hangup,0.0
1790365284,96,a2dc79c7-372b-493f-8a8c-17ed2d060ea0,0,server_only,,finalizada,,,,,,,,,4.448,3.786,0.662,2.276,3.145,,1.262,8.26,,7.986,1790365749.351,1790365879.127,8.782,demo_booking_classic,customer_hangup,0.0
1790365284,96,a2dc79c7-372b-493f-8a8c-17ed2d060ea0,1,server_only,,finalizada,,,,,,,,,4.309,4.293,0.016,0.545,1.421,,0.442,4.58,,5.295,1790365749.351,1790365879.127,6.822,demo_booking_classic,customer_hangup,0.0
1790365284,96,a2dc79c7-372b-493f-8a8c-17ed2d060ea0,2,server_only,,finalizada,,,,,,,,,4.198,3.954,0.245,0.968,5.339,,1.706,12.1,,6.872,1790365749.351,1790365879.127,10.026,demo_booking_classic,customer_hangup,0.0
1790365284,96,a2dc79c7-372b-493f-8a8c-17ed2d060ea0,3,server_only,,finalizada,,,,,,,,,2.077,2.033,0.044,0.255,0.709,,0.369,4.01,,2.701,1790365749.351,1790365879.127,3.206,demo_booking_classic,customer_hangup,0.0
1790365284,96,a2dc79c7-372b-493f-8a8c-17ed2d060ea0,4,server_only,,finalizada,,,,,,,,,1.844,1.813,0.031,,,,,0.0,,,1790365749.351,1790365879.127,,demo_booking_classic,customer_hangup,0.0
1790365284,96,abd50422-1301-4702-83d0-3c1c7f98b261,0,client_only,short,finalizada,,timeout esperando que el agente empiece a responder,,1.7361604473138081,15.48,0.48,1790365765.522,1790365781.002,,,,,,,,,,,1790365749.601,1790365845.876,,demo_booking_classic,customer_hangup,0.0
1790365284,96,abd50422-1301-4702-83d0-3c1c7f98b261,1,client_only,medium,finalizada,,timeout esperando que el agente empiece a responder,,4.452847278681706,17.226,2.24,1790365782.739,1790365799.965,,,,,,,,,,,1790365749.601,1790365845.876,,demo_booking_classic,customer_hangup,0.0
1790365284,96,abd50422-1301-4702-83d0-3c1c7f98b261,2,client_only,short,finalizada,,,-3.8868494080088567,1.346097371134076,2.878,0.48,1790365804.418,1790365807.296,,,,,,,,,,,1790365749.601,1790365845.876,,demo_booking_classic,customer_hangup,0.0
1790365284,96,abd50422-1301-4702-83d0-3c1c7f98b261,3,client_only,long,finalizada,,timeout esperando que el agente empiece a responder,,1.7704773235172846,18.525,3.52,1790365808.643,1790365827.168,,,,,,,,,,,1790365749.601,1790365845.876,,demo_booking_classic,customer_hangup,0.0
1790365284,96,abd50422-1301-4702-83d0-3c1c7f98b261,4,client_only,medium,finalizada,,,0.23346319299889728,1.0,6.19,2.6,1790365828.939,1790365835.129,,,,,,,,,,,1790365749.601,1790365845.876,,demo_booking_classic,customer_hangup,0.0
1790365284,96,abd50422-1301-4702-83d0-3c1c7f98b261,5,client_only,long,finalizada,,,1.373600349004846,3.7422144771230985,5.997,3.06,1790365836.129,1790365842.126,,,,,,,,,,,1790365749.601,1790365845.876,,demo_booking_classic,customer_hangup,0.0
1790365284,96,abd50422-1301-4702-83d0-3c1c7f98b261,0,server_only,,finalizada,,,,,,,,,2.293,1.771,0.522,0.97,2.671,,1.347,4.65,,4.61,1790365749.601,1790365845.876,6.148,demo_booking_classic,customer_hangup,0.0
1790365284,96,abd50422-1301-4702-83d0-3c1c7f98b261,1,server_only,,finalizada,,,,,,,,,1.018,0.0,1.018,0.662,1.562,,0.99,4.25,,2.67,1790365749.601,1790365845.876,3.052,demo_booking_classic,customer_hangup,0.0
1790365284,96,abd50422-1301-4702-83d0-3c1c7f98b261,2,server_only,,finalizada,,,,,,,,,2.71,2.566,0.144,1.632,2.123,,0.326,4.17,,4.668,1790365749.601,1790365845.876,5.526,demo_booking_classic,customer_hangup,0.0
1790365284,96,3b706cd3-3ed1-4448-8702-2889ecfc899d,0,client_only,short,finalizada,,timeout esperando que el agente empiece a responder,,2.6186566678091623,15.48,0.48,1790365766.117,1790365781.598,,,,,,,,,,,1790365749.851,1790365894.084,,demo_booking_classic,customer_hangup,0.0
1790365284,96,3b706cd3-3ed1-4448-8702-2889ecfc899d,1,client_only,long,finalizada,,,13.23854974398273,1.8103796952900018,24.853,3.06,1790365784.217,1790365809.07,,,,,,,,,,,1790365749.851,1790365894.084,,demo_booking_classic,customer_hangup,0.0
1790365284,96,3b706cd3-3ed1-4448-8702-2889ecfc899d,2,client_only,short,finalizada,,timeout esperando que el agente empiece a responder,,3.1517537956615813,16.017,1.0,1790365810.881,1790365826.898,,,,,,,,,,,1790365749.851,1790365894.084,,demo_booking_classic,customer_hangup,0.0
1790365284,96,3b706cd3-3ed1-4448-8702-2889ecfc899d,3,client_only,short,finalizada,,,12.077771334006684,2.768220825121478,35.616,0.38,1790365830.051,1790365865.667,,,,,,,,,,,1790365749.851,1790365894.084,,demo_booking_classic,customer_hangup,0.0
1790365284,96,3b706cd3-3ed1-4448-8702-2889ecfc899d,4,client_only,long,finalizada,,,-4.322195690008812,1.0,4.701,3.52,1790365868.437,1790365873.138,,,,,,,,,,,1790365749.851,1790365894.084,,demo_booking_classic,customer_hangup,0.0
1790365284,96,3b706cd3-3ed1-4448-8702-2889ecfc899d,5,client_only,short,finalizada,,,7.597650085022906,1.6990059762989416,18.239,0.32,1790365874.139,1790365892.378,,,,,,,,,,,1790365749.851,1790365894.084,,demo_booking_classic,customer_hangup,0.0
1790365284,96,3b706cd3-3ed1-4448-8702-2889ecfc899d,0,server_only,,finalizada,,,,,,,,,2.664,2.588,0.076,0.704,1.214,,0.745,5.13,,4.114,1790365749.851,1790365894.084,4.756,demo_booking_classic,customer_hangup,0.0
1790365284,96,3b706cd3-3ed1-4448-8702-2889ecfc899d,1,server_only,,finalizada,,,,,,,,,0.846,0.0,0.846,0.368,5.557,,0.295,20.75,,1.509,1790365749.851,1790365894.084,1.867,demo_booking_classic,customer_hangup,0.0
1790365284,96,3b706cd3-3ed1-4448-8702-2889ecfc899d,2,server_only,,finalizada,,,,,,,,,1.097,0.187,0.91,0.54,1.021,,0.317,4.33,,1.954,1790365749.851,1790365894.084,2.541,demo_booking_classic,customer_hangup,0.0
1790365284,96,3b706cd3-3ed1-4448-8702-2889ecfc899d,3,server_only,,finalizada,,,,,,,,,0.558,0.539,0.019,,,,,0.0,,,1790365749.851,1790365894.084,,demo_booking_classic,customer_hangup,0.0
1790365284,96,3b706cd3-3ed1-4448-8702-2889ecfc899d,4,server_only,,finalizada,,,,,,,,,0.0,0.0,0.0,0.55,3.073,,0.111,9.15,,0.661,1790365749.851,1790365894.084,,demo_booking_classic,customer_hangup,0.0
1790365284,96,8febc08d-6f42-4158-9c33-668bd423379d,0,paired,medium,finalizada,,timeout esperando que el agente termine de hablar,7.974066814000253,4.311877057559901,35.589,2.6,1790365769.356,1790365804.946,1.972,1.731,0.241,1.914,3.446,,0.746,21.47,,4.632,1790365750.544,1790365880.822,5.747,demo_booking_classic,customer_hangup,0.0
1790365284,96,8febc08d-6f42-4158-9c33-668bd423379d,1,paired,short,finalizada,,,-29.665911188989412,10.0,11.514,0.32,1790365809.259,1790365820.773,5.477,5.252,0.225,1.988,3.649,,1.098,3.7,,8.563,1790365750.544,1790365880.822,9.214,demo_booking_classic,customer_hangup,0.0
1790365284,96,8febc08d-6f42-4158-9c33-668bd423379d,2,paired,short,finalizada,,,12.47363321101875,1.9689730572978807,15.353,0.32,1790365830.773,1790365846.126,3.217,3.195,0.022,0.837,2.274,,0.243,4.82,,4.297,1790365750.544,1790365880.822,4.486,demo_booking_classic,customer_hangup,0.0
1790365284,96,8febc08d-6f42-4158-9c33-668bd423379d,3,paired,short,finalizada,,,-1.9658558620139956,3.4666349461282886,3.469,0.48,1790365848.096,1790365851.564,1.805,1.661,0.145,0.722,2.295,,0.204,1.5,,2.732,1790365750.544,1790365880.822,,demo_booking_classic,customer_hangup,0.0
1790365284,96,8febc08d-6f42-4158-9c33-668bd423379d,4,paired,medium,finalizada,,,5.694082095025806,1.5054163468235093,15.016,2.6,1790365855.032,1790365870.047,1.499,1.465,0.034,0.378,0.944,,0.257,5.54,,2.134,1790365750.544,1790365880.822,2.589,demo_booking_classic,customer_hangup,0.0
1790365284,96,8febc08d-6f42-4158-9c33-668bd423379d,5,paired,medium,finalizada,,,3.9337845469999593,1.0958296310578302,8.168,2.12,1790365871.553,1790365879.722,1.745,1.737,0.008,,,,,0.0,,,1790365750.544,1790365880.822,,demo_booking_classic,customer_hangup,0.0
1790365284,96,4f682ee5-b7e3-42cd-96af-2b29b6ae2ed5,0,client_only,long,finalizada,,,6.971430197008885,1.4922531764972506,16.156,3.52,1790365770.219,1790365786.375,,,,,,,,,,,1790365750.776,1790365874.003,,demo_booking_classic,customer_hangup,0.0
1790365284,96,4f682ee5-b7e3-42cd-96af-2b29b6ae2ed5,1,client_only,short,finalizada,,,-1.1683697970001958,1.874216306958513,6.517,1.0,1790365787.868,1790365794.385,,,,,,,,,,,1790365750.776,1790365874.003,,demo_booking_classic,customer_hangup,0.0
1790365284,96,4f682ee5-b7e3-42cd-96af-2b29b6ae2ed5,2,client_only,medium,finalizada,,,14.071346526005073,4.096485367199166,34.092,2.12,1790365796.26,1790365830.351,,,,,,,,,,,1790365750.776,1790365874.003,,demo_booking_classic,customer_hangup,0.0
1790365284,96,4f682ee5-b7e3-42cd-96af-2b29b6ae2ed5,3,client_only,short,finalizada,,,0.811658274004003,2.323454840167434,3.373,1.0,1790365834.449,1790365837.822,,,,,,,,,,,1790365750.776,1790365874.003,,demo_booking_classic,customer_hangup,0.0
1790365284,96,4f682ee5-b7e3-42cd-96af-2b29b6ae2ed5,4,client_only,short,finalizada,,,1.2315225269994698,4.310821311605221,12.553,0.32,1790365840.146,1790365852.7,,,,,,,,,,,1790365750.776,1790365874.003,,demo_booking_classic,customer_hangup,0.0
1790365284,96,4f682ee5-b7e3-42cd-96af-2b29b6ae2ed5,5,client_only,short,finalizada,,timeout esperando que el agente empiece a responder,,1.5740692073661913,15.389,0.38,1790365857.011,1790365872.4,,,,,,,,,,,1790365750.776,1790365874.003,,demo_booking_classic,customer_hangup,0.0
1790365284,96,4f682ee5-b7e3-42cd-96af-2b29b6ae2ed5,0,server_only,,finalizada,,,,,,,,,1.8,1.481,0.319,1.364,1.743,,0.815,6.58,,3.979,1790365750.776,1790365874.003,5.266,demo_booking_classic,customer_hangup,0.0
1790365284,96,4f682ee5-b7e3-42cd-96af-2b29b6ae2ed5,1,server_only,,finalizada,,,,,,,,,1.617,1.352,0.265,0.646,2.25,,0.688,22.11,,2.952,1790365750.776,1790365874.003,3.74,demo_booking_classic,customer_hangup,0.0
1790365284,96,4f682ee5-b7e3-42cd-96af-2b29b6ae2ed5,2,server_only,,finalizada,,,,,,,,,3.567,3.053,0.514,0.641,1.618,,0.788,7.62,,4.996,1790365750.776,1790365874.003,5.781,demo_booking_classic,customer_hangup,0.0
1790365284,96,4f682ee5-b7e3-42cd-96af-2b29b6ae2ed5,3,server_only,,finalizada,,,,,,,,,2.104,1.836,0.268,,,,,0.0,,,1790365750.776,1790365874.003,,demo_booking_classic,customer_hangup,0.0
1790365284,96,4f682ee5-b7e3-42cd-96af-2b29b6ae2ed5,4,server_only,,finalizada,,,,,,,,,1.151,1.104,0.046,0.429,2.399,,0.251,0.05,,1.83,1790365750.776,1790365874.003,,demo_booking_classic,customer_hangup,0.0
1790365284,96,d081045a-b9bb-4c0a-b465-ecadd5d74db3,0,client_only,short,finalizada,,,-0.916532728006132,1.5795479007496143,3.036,1.0,1790365764.046,1790365767.082,,,,,,,,,,,1790365751.025,1790365831.344,,demo_booking_classic,customer_hangup,0.0
1790365284,96,d081045a-b9bb-4c0a-b465-ecadd5d74db3,1,client_only,short,finalizada,,,8.584347639989574,1.7736968587880122,14.817,0.48,1790365768.663,1790365783.48,,,,,,,,,,,1790365751.025,1790365831.344,,demo_booking_classic,customer_hangup,0.0
1790365284,96,d081045a-b9bb-4c0a-b465-ecadd5d74db3,2,client_only,short,finalizada,,,-0.735388517001411,4.55685135424482,1.873,1.0,1790365785.255,1790365787.128,,,,,,,,,,,1790365751.025,1790365831.344,,demo_booking_classic,customer_hangup,0.0
1790365284,96,d081045a-b9bb-4c0a-b465-ecadd5d74db3,3,client_only,short,finalizada,,,-2.3153755349921994,1.7044395598877147,8.429,0.48,1790365791.686,1790365800.115,,,,,,,,,,,1790365751.025,1790365831.344,,demo_booking_classic,customer_hangup,0.0
1790365284,96,d081045a-b9bb-4c0a-b465-ecadd5d74db3,4,client_only,medium,finalizada,,timeout esperando que el agente empiece a responder,,3.2655636532738437,17.246,2.24,1790365801.82,1790365819.066,,,,,,,,,,,1790365751.025,1790365831.344,,demo_booking_classic,customer_hangup,0.0
1790365284,96,d081045a-b9bb-4c0a-b465-ecadd5d74db3,5,client_only,short,finalizada,,,-0.9958293880044948,5.255459807763157,3.747,0.38,1790365822.333,1790365826.08,,,,,,,,,,,1790365751.025,1790365831.344,,demo_booking_classic,customer_hangup,0.0
1790365284,96,d081045a-b9bb-4c0a-b465-ecadd5d74db3,0,server_only,,finalizada,,,,,,,,,1.061,1.033,0.028,,,,,0.0,,,1790365751.025,1790365831.344,,demo_booking_classic,customer_hangup,0.0
1790365284,96,d081045a-b9bb-4c0a-b465-ecadd5d74db3,1,server_only,,finalizada,,,,,,,,,0.0,0.0,0.0,1.003,2.375,,2.268,9.97,,3.27,1790365751.025,1790365831.344,,demo_booking_classic,customer_hangup,0.0
1790365284,96,d081045a-b9bb-4c0a-b465-ecadd5d74db3,2,server_only,,finalizada,,,,,,,,,2.585,2.583,0.002,0.782,1.335,,0.809,5.21,,4.176,1790365751.025,1790365831.344,5.208,demo_booking_classic,customer_hangup,0.0
1790365284,96,d081045a-b9bb-4c0a-b465-ecadd5d74db3,3,server_only,,finalizada,,,,,,,,,1.976,1.699,0.277,0.67,1.828,,0.924,5.77,,3.57,1790365751.025,1790365831.344,5.234,demo_booking_classic,customer_hangup,0.0
1790365284,96,d081045a-b9bb-4c0a-b465-ecadd5d74db3,4,server_only,,finalizada,,,,,,,,,2.959,1.631,1.329,1.28,2.187,,0.535,0.05,,4.775,1790365751.025,1790365831.344,6.292,demo_booking_classic,customer_hangup,0.0
1790365284,96,d4225817-9724-448c-97b5-26ba540ebf8b,0,client_only,short,finalizada,,,-0.3135247159807477,3.403241119438438,6.835,0.48,1790365765.414,1790365772.249,,,,,,,,,,,1790365751.274,1790365864.736,,demo_booking_classic,customer_hangup,0.0
1790365284,96,d4225817-9724-448c-97b5-26ba540ebf8b,1,client_only,short,finalizada,,,8.986614293011371,1.1419277181081326,20.471,0.38,1790365775.654,1790365796.125,,,,,,,,,,,1790365751.274,1790365864.736,,demo_booking_classic,customer_hangup,0.0
1790365284,96,d4225817-9724-448c-97b5-26ba540ebf8b,2,client_only,short,finalizada,,timeout esperando que el agente empiece a responder,,2.1940771468298133,15.384,0.38,1790365797.267,1790365812.651,,,,,,,,,,,1790365751.274,1790365864.736,,demo_booking_classic,customer_hangup,0.0
1790365284,96,d4225817-9724-448c-97b5-26ba540ebf8b,3,client_only,medium,finalizada,,,0.5262406209949404,5.84754096009629,10.679,2.12,1790365814.846,1790365825.525,,,,,,,,,,,1790365751.274,1790365864.736,,demo_booking_classic,customer_hangup,0.0
1790365284,96,d4225817-9724-448c-97b5-26ba540ebf8b,4,client_only,long,finalizada,,,5.646270235010888,4.839908964243809,16.567,3.52,1790365831.373,1790365847.94,,,,,,,,,,,1790365751.274,1790365864.736,,demo_booking_classic,customer_hangup,0.0
1790365284,96,d4225817-9724-448c-97b5-26ba540ebf8b,5,client_only,long,finalizada,,,-0.6133818719827104,3.643890305520483,8.264,3.52,1790365852.781,1790365861.044,,,,,,,,,,,1790365751.274,1790365864.736,,demo_booking_classic,customer_hangup,0.0
1790365284,96,d4225817-9724-448c-97b5-26ba540ebf8b,0,server_only,,finalizada,,,,,,,,,2.99,2.938,0.052,1.161,2.147,,0.78,4.82,,4.931,1790365751.274,1790365864.736,5.898,demo_booking_classic,customer_hangup,0.0
1790365284,96,d4225817-9724-448c-97b5-26ba540ebf8b,1,server_only,,finalizada,,,,,,,,,2.722,2.685,0.037,0.412,2.081,,3.054,5.06,,6.188,1790365751.274,1790365864.736,6.862,demo_booking_classic,customer_hangup,0.0
1790365284,96,d4225817-9724-448c-97b5-26ba540ebf8b,2,server_only,,finalizada,,,,,,,,,1.528,1.476,0.052,0.542,1.46,,1.017,4.57,,3.087,1790365751.274,1790365864.736,4.087,demo_booking_classic,customer_hangup,0.0
1790365284,96,d4225817-9724-448c-97b5-26ba540ebf8b,3,server_only,,finalizada,,,,,,,,,0.69,0.43,0.261,0.577,1.524,,0.201,4.09,,1.469,1790365751.274,1790365864.736,2.184,demo_booking_classic,customer_hangup,0.0
1790365284,96,f2a7482c-9b04-48de-b3b9-da7d9634065a,0,client_only,short,finalizada,,,0.5263490340148564,1.7356870956725654,9.474,0.32,1790365767.28,1790365776.755,,,,,,,,,,,1790365751.261,1790365865.354,,demo_booking_classic,customer_hangup,0.0
1790365284,96,f2a7482c-9b04-48de-b3b9-da7d9634065a,1,client_only,short,finalizada,,timeout esperando que el agente empiece a responder,,1.0,15.49,0.48,1790365778.491,1790365793.981,,,,,,,,,,,1790365751.261,1790365865.354,,demo_booking_classic,customer_hangup,0.0
1790365284,96,f2a7482c-9b04-48de-b3b9-da7d9634065a,2,client_only,short,finalizada,,,-1.113198707025731,2.516640485010998,12.291,1.0,1790365794.981,1790365807.272,,,,,,,,,,,1790365751.261,1790365865.354,,demo_booking_classic,customer_hangup,0.0
1790365284,96,f2a7482c-9b04-48de-b3b9-da7d9634065a,3,client_only,long,finalizada,,,4.806485275999876,3.0741001435767084,12.819,3.52,1790365809.789,1790365822.608,,,,,,,,,,,1790365751.261,1790365865.354,,demo_booking_classic,customer_hangup,0.0
1790365284,96,f2a7482c-9b04-48de-b3b9-da7d9634065a,4,client_only,short,finalizada,,,-3.894017102982616,4.3927416882574235,13.841,1.0,1790365825.683,1790365839.524,,,,,,,,,,,1790365751.261,1790365865.354,,demo_booking_classic,customer_hangup,0.0
1790365284,96,f2a7482c-9b04-48de-b3b9-da7d9634065a,5,client_only,medium,finalizada,,,10.486138968000887,2.251329014788871,19.17,2.24,1790365843.917,1790365863.087,,,,,,,,,,,1790365751.261,1790365865.354,,demo_booking_classic,customer_hangup,0.0
1790365284,96,f2a7482c-9b04-48de-b3b9-da7d9634065a,0,server_only,,finalizada,,,,,,,,,2.913,2.647,0.265,0.692,2.469,,0.681,5.13,,4.286,1790365751.261,1790365865.354,5.822,demo_booking_classic,customer_hangup,0.0
1790365284,96,f2a7482c-9b04-48de-b3b9-da7d9634065a,1,server_only,,finalizada,,,,,,,,,1.632,1.568,0.064,0.985,1.724,,0.611,4.89,,3.228,1790365751.261,1790365865.354,3.946,demo_booking_classic,customer_hangup,0.0
1790365284,96,f2a7482c-9b04-48de-b3b9-da7d9634065a,2,server_only,,finalizada,,,,,,,,,3.515,3.464,0.051,0.357,1.469,,0.38,5.29,,4.252,1790365751.261,1790365865.354,5.318,demo_booking_classic,customer_hangup,0.0
1790365284,96,f2a7482c-9b04-48de-b3b9-da7d9634065a,3,server_only,,finalizada,,,,,,,,,1.762,1.76,0.002,0.517,1.683,,0.247,0.05,,2.525,1790365751.261,1790365865.354,,demo_booking_classic,customer_hangup,0.0
1790365284,96,5b80d1d7-de86-4cf0-aa94-39a908f35ce2,0,client_only,short,finalizada,,,0.046335209015524015,1.5855695145848994,3.679,1.0,1790365769.67,1790365773.35,,,,,,,,,,,1790365751.492,1790365846.619,,demo_booking_classic,customer_hangup,0.0
1790365284,96,5b80d1d7-de86-4cf0-aa94-39a908f35ce2,1,client_only,short,finalizada,,,-0.8736016799812205,2.154111137732076,5.682,1.0,1790365774.936,1790365780.618,,,,,,,,,,,1790365751.492,1790365846.619,,demo_booking_classic,customer_hangup,0.0
1790365284,96,5b80d1d7-de86-4cf0-aa94-39a908f35ce2,2,client_only,short,finalizada,,,10.28600325298612,5.324965213854658,17.417,0.48,1790365782.774,1790365800.19,,,,,,,,,,,1790365751.492,1790365846.619,,demo_booking_classic,customer_hangup,0.0
1790365284,96,5b80d1d7-de86-4cf0-aa94-39a908f35ce2,3,client_only,short,finalizada,,,-1.2340503640007228,2.055767366624879,7.237,0.38,1790365805.516,1790365812.753,,,,,,,,,,,1790365751.492,1790365846.619,,demo_booking_classic,customer_hangup,0.0
1790365284,96,5b80d1d7-de86-4cf0-aa94-39a908f35ce2,4,client_only,long,finalizada,,timeout esperando que el agente empiece a responder,,2.3742285711054243,18.046,3.06,1790365814.81,1790365832.856,,,,,,,,,,,1790365751.492,1790365846.619,,demo_booking_classic,customer_hangup,0.0
1790365284,96,5b80d1d7-de86-4cf0-aa94-39a908f35ce2,5,client_only,medium,finalizada,,,0.8063568139914423,1.8229775033965343,9.56,2.12,1790365835.231,1790365844.791,,,,,,,,,,,1790365751.492,1790365846.619,,demo_booking_classic,customer_hangup,0.0
1790365284,96,5b80d1d7-de86-4cf0-aa94-39a908f35ce2,0,server_only,,finalizada,,,,,,,,,4.532,4.068,0.464,2.339,3.531,,0.833,5.05,,7.705,1790365751.492,1790365846.619,8.551,demo_booking_classic,customer_hangup,0.0
1790365284,96,5b80d1d7-de86-4cf0-aa94-39a908f35ce2,1,server_only,,finalizada,,,,,,,,,1.199,1.164,0.035,0.792,1.512,,0.632,5.05,,2.623,1790365751.492,1790365846.619,3.706,demo_booking_classic,customer_hangup,0.0
1790365284,96,5b80d1d7-de86-4cf0-aa94-39a908f35ce2,2,server_only,,finalizada,,,,,,,,,1.685,1.57,0.115,0.992,1.923,,1.415,3.77,,4.093,1790365751.492,1790365846.619,5.072,demo_booking_classic,customer_hangup,0.0
1790365284,96,49076b5f-8606-4154-b4c4-b6f4568fea8f,0,client_only,medium,finalizada,,,-1.0680996679875534,10.0,2.716,2.24,1790365771.975,1790365774.691,,,,,,,,,,,1790365751.742,1790365845.754,,demo_booking_classic,customer_hangup,0.0
1790365284,96,49076b5f-8606-4154-b4c4-b6f4568fea8f,1,client_only,short,finalizada,,timeout esperando que el agente empiece a responder,,4.105763221930349,15.376,0.38,1790365784.692,1790365800.068,,,,,,,,,,,1790365751.742,1790365845.754,,demo_booking_classic,customer_hangup,0.0
1790365284,96,49076b5f-8606-4154-b4c4-b6f4568fea8f,2,client_only,short,finalizada,,,-0.6483374329982325,2.5685546039062803,4.372,0.38,1790365804.174,1790365808.546,,,,,,,,,,,1790365751.742,1790365845.754,,demo_booking_classic,customer_hangup,0.0
1790365284,96,49076b5f-8606-4154-b4c4-b6f4568fea8f,3,client_only,short,finalizada,,,-2.5677753379859496,1.7565363015045128,4.221,0.48,1790365811.115,1790365815.337,,,,,,,,,,,1790365751.742,1790365845.754,,demo_booking_classic,customer_hangup,0.0
1790365284,96,49076b5f-8606-4154-b4c4-b6f4568fea8f,4,client_only,medium,finalizada,,timeout esperando que el agente empiece a responder,,1.9678971713752351,17.59,2.6,1790365817.094,1790365834.684,,,,,,,,,,,1790365751.742,1790365845.754,,demo_booking_classic,customer_hangup,0.0
1790365284,96,49076b5f-8606-4154-b4c4-b6f4568fea8f,5,client_only,short,finalizada,,,1.992816320998827,1.8858296331708024,7.208,0.38,1790365836.653,1790365843.861,,,,,,,,,,,1790365751.742,1790365845.754,,demo_booking_classic,customer_hangup,0.0
1790365284,96,49076b5f-8606-4154-b4c4-b6f4568fea8f,0,server_only,,finalizada,,,,,,,,,5.108,4.699,0.409,2.136,2.328,,0.982,5.21,,8.225,1790365751.742,1790365845.754,8.869,demo_booking_classic,customer_hangup,0.0
1790365284,96,49076b5f-8606-4154-b4c4-b6f4568fea8f,1,server_only,,finalizada,,,,,,,,,4.943,4.895,0.048,0.631,1.256,,0.501,3.53,,6.074,1790365751.742,1790365845.754,7.108,demo_booking_classic,customer_hangup,0.0
1790365284,96,49076b5f-8606-4154-b4c4-b6f4568fea8f,2,server_only,,finalizada,,,,,,,,,2.057,1.839,0.217,,,,,0.0,,,1790365751.742,1790365845.754,,demo_booking_classic,customer_hangup,0.0
1790365284,96,56b99880-6fe4-4425-b998-98ea36d3a4cc,0,client_only,medium,finalizada,,,-1.7061743400117848,1.309929304960223,6.725,2.12,1790365767.692,1790365774.417,,,,,,,,,,,1790365751.991,1790365846.779,,demo_booking_classic,customer_hangup,0.0
1790365284,96,56b99880-6fe4-4425-b998-98ea36d3a4cc,1,client_only,long,finalizada,,,0.5142795850115363,2.7399336090239164,10.524,3.06,1790365775.728,1790365786.251,,,,,,,,,,,1790365751.991,1790365846.779,,demo_booking_classic,customer_hangup,0.0
1790365284,96,56b99880-6fe4-4425-b998-98ea36d3a4cc,2,client_only,long,finalizada,,,2.0943386419967283,2.250945670276959,9.417,3.06,1790365788.992,1790365798.41,,,,,,,,,,,1790365751.991,1790365846.779,,demo_booking_classic,customer_hangup,0.0
1790365284,96,56b99880-6fe4-4425-b998-98ea36d3a4cc,3,client_only,medium,finalizada,,,-4.0857470110058784,4.003376585627943,6.47,2.12,1790365800.661,1790365807.131,,,,,,,,,,,1790365751.991,1790365846.779,,demo_booking_classic,customer_hangup,0.0
1790365284,96,56b99880-6fe4-4425-b998-98ea36d3a4cc,4,client_only,short,finalizada,,,5.4740596049814485,2.4701456131157027,20.527,0.48,1790365811.135,1790365831.662,,,,,,,,,,,1790365751.991,1790365846.779,,demo_booking_classic,customer_hangup,0.0
1790365284,96,56b99880-6fe4-4425-b998-98ea36d3a4cc,5,client_only,short,finalizada,,,7.353891992999706,1.0,11.64,0.38,1790365834.134,1790365845.773,,,,,,,,,,,1790365751.991,1790365846.779,,demo_booking_classic,customer_hangup,0.0
1790365284,96,56b99880-6fe4-4425-b998-98ea36d3a4cc,0,server_only,,finalizada,,,,,,,,,1.959,1.956,0.003,0.657,1.236,,0.914,4.73,,3.529,1790365751.991,1790365846.779,4.403,demo_booking_classic,customer_hangup,0.0
1790365284,96,56b99880-6fe4-4425-b998-98ea36d3a4cc,1,server_only,,finalizada,,,,,,,,,3.455,3.343,0.112,1.227,1.691,,1.292,7.22,,5.974,1790365751.991,1790365846.779,6.898,demo_booking_classic,customer_hangup,0.0
1790365284,96,56b99880-6fe4-4425-b998-98ea36d3a4cc,2,server_only,,finalizada,,,,,,,,,3.25,2.863,0.387,0.634,1.579,,0.596,6.9,,4.48,1790365751.991,1790365846.779,5.786,demo_booking_classic,customer_hangup,0.0
1790365284,96,56b99880-6fe4-4425-b998-98ea36d3a4cc,3,server_only,,finalizada,,,,,,,,,3.86,3.83,0.03,0.946,1.864,,0.234,3.37,,5.039,1790365751.991,1790365846.779,6.026,demo_booking_classic,customer_hangup,0.0
1790365284,96,56b99880-6fe4-4425-b998-98ea36d3a4cc,4,server_only,,finalizada,,,,,,,,,4.804,4.787,0.018,0.996,3.349,,-1.0,0.0,,4.8,1790365751.991,1790365846.779,,demo_booking_classic,customer_hangup,0.0
1790365284,96,4fbb49b3-39b5-4ae1-98d4-93187c7d6029,0,client_only,short,finalizada,,,-0.6376359430141747,3.2555357666211977,4.672,1.0,1790365771.095,1790365775.767,,,,,,,,,,,1790365752.464,1790365837.456,,demo_booking_classic,customer_hangup,0.0
1790365284,96,4fbb49b3-39b5-4ae1-98d4-93187c7d6029,1,client_only,short,finalizada,,,-0.9175921880232636,4.933142327524273,1.978,0.38,1790365779.024,1790365781.002,,,,,,,,,,,1790365752.464,1790365837.456,,demo_booking_classic,customer_hangup,0.0
1790365284,96,4fbb49b3-39b5-4ae1-98d4-93187c7d6029,2,client_only,short,finalizada,,,-0.9772818179917522,1.2522224040296381,7.03,0.38,1790365785.936,1790365792.966,,,,,,,,,,,1790365752.464,1790365837.456,,demo_booking_classic,customer_hangup,0.0
1790365284,96,4fbb49b3-39b5-4ae1-98d4-93187c7d6029,3,client_only,short,finalizada,,,2.9822690289875027,3.095728763665872,14.436,1.0,1790365794.219,1790365808.655,,,,,,,,,,,1790365752.464,1790365837.456,,demo_booking_classic,customer_hangup,0.0
1790365284,96,4fbb49b3-39b5-4ae1-98d4-93187c7d6029,4,client_only,short,finalizada,,,-1.417279610002879,1.7103008537550104,8.85,0.32,1790365811.751,1790365820.602,,,,,,,,,,,1790365752.464,1790365837.456,,demo_booking_classic,customer_hangup,0.0
1790365284,96,4fbb49b3-39b5-4ae1-98d4-93187c7d6029,5,client_only,short,finalizada,,,4.022116993000964,1.6405541604024183,13.489,0.48,1790365822.313,1790365835.802,,,,,,,,,,,1790365752.464,1790365837.456,,demo_booking_classic,customer_hangup,0.0
1790365284,96,4fbb49b3-39b5-4ae1-98d4-93187c7d6029,0,server_only,,finalizada,,,,,,,,,3.496,3.393,0.103,1.975,2.615,,0.617,4.25,,6.089,1790365752.464,1790365837.456,7.509,demo_booking_classic,customer_hangup,0.0
1790365284,96,4fbb49b3-39b5-4ae1-98d4-93187c7d6029,1,server_only,,finalizada,,,,,,,,,1.442,1.244,0.198,0.957,2.564,,1.495,4.66,,3.894,1790365752.464,1790365837.456,5.16,demo_booking_classic,customer_hangup,0.0
1790365284,96,4fbb49b3-39b5-4ae1-98d4-93187c7d6029,2,server_only,,finalizada,,,,,,,,,1.252,0.846,0.406,0.316,2.012,,1.614,4.9,,3.182,1790365752.464,1790365837.456,3.53,demo_booking_classic,customer_hangup,0.0
1790365284,96,4fbb49b3-39b5-4ae1-98d4-93187c7d6029,3,server_only,,finalizada,,,,,,,,,0.796,0.097,0.699,0.297,1.989,,0.493,6.01,,1.587,1790365752.464,1790365837.456,2.659,demo_booking_classic,customer_hangup,0.0
1790365284,96,7ded0eea-4310-48a1-9518-3f1ddaef4acc,0,client_only,short,finalizada,,,0.5376484980224632,5.187339132740836,8.581,0.38,1790365772.6,1790365781.181,,,,,,,,,,,1790365752.693,1790365870.949,,demo_booking_classic,customer_hangup,0.0
1790365284,96,7ded0eea-4310-48a1-9518-3f1ddaef4acc,1,client_only,short,finalizada,,timeout esperando que el agente empiece a responder,,2.5420949436506937,15.488,0.48,1790365786.37,1790365801.857,,,,,,,,,,,1790365752.693,1790365870.949,,demo_booking_classic,customer_hangup,0.0
1790365284,96,7ded0eea-4310-48a1-9518-3f1ddaef4acc,2,client_only,short,finalizada,,timeout esperando que el agente termine de hablar,-1.8624052969971672,2.3145735763777004,25.365,0.38,1790365804.4,1790365829.765,,,,,,,,,,,1790365752.693,1790365870.949,,demo_booking_classic,customer_hangup,0.0
1790365284,96,7ded0eea-4310-48a1-9518-3f1ddaef4acc,3,client_only,medium,finalizada,,,-2.2417653610173147,2.924066171854915,3.392,2.24,1790365832.08,1790365835.471,,,,,,,,,,,1790365752.693,1790365870.949,,demo_booking_classic,customer_hangup,0.0
1790365284,96,7ded0eea-4310-48a1-9518-3f1ddaef4acc,4,client_only,long,finalizada,,,-3.4015797280007973,3.7065411973833444,9.785,3.52,1790365838.396,1790365848.181,,,,,,,,,,,1790365752.693,1790365870.949,,demo_booking_classic,customer_hangup,0.0
1790365284,96,7ded0eea-4310-48a1-9518-3f1ddaef4acc,5,client_only,long,finalizada,,timeout esperando que el agente empiece a responder,,1.0,18.054,3.06,1790365851.889,1790365869.942,,,,,,,,,,,1790365752.693,1790365870.949,,demo_booking_classic,customer_hangup,0.0
1790365284,96,7ded0eea-4310-48a1-9518-3f1ddaef4acc,0,server_only,,finalizada,,,,,,,,,2.496,2.325,0.17,0.848,2.723,,1.109,21.07,,4.453,1790365752.693,1790365870.949,6.517,demo_booking_classic,customer_hangup,0.0
1790365284,96,7ded0eea-4310-48a1-9518-3f1ddaef4acc,1,server_only,,finalizada,,,,,,,,,4.573,4.045,0.528,0.751,1.523,,0.821,5.21,,6.145,1790365752.693,1790365870.949,7.621,demo_booking_classic,customer_hangup,0.0
1790365284,96,7ded0eea-4310-48a1-9518-3f1ddaef4acc,2,server_only,,finalizada,,,,,,,,,0.816,0.0,0.816,0.451,1.684,,0.191,0.05,,1.458,1790365752.693,1790365870.949,,demo_booking_classic,customer_hangup,0.0
1790365284,96,7ded0eea-4310-48a1-9518-3f1ddaef4acc,3,server_only,,finalizada,,,,,,,,,0.0,0.0,0.0,,,,,0.0,,,1790365752.693,1790365870.949,,demo_booking_classic,customer_hangup,0.0
1790365284,96,a5ff3e9e-56f5-4a34-8206-09e21797ebff,0,paired,short,finalizada,,timeout esperando que el agente termine de hablar,11.762717056990368,5.378411655514003,37.252,0.48,1790365777.705,1790365814.957,4.633,4.595,0.038,1.004,2.26,,1.361,18.19,,6.998,1790365752.943,1790365892.705,8.988,demo_booking_classic,customer_hangup,0.0
1790365284,96,a5ff3e9e-56f5-4a34-8206-09e21797ebff,1,paired,short,finalizada,,timeout esperando que el agente empiece a responder,,1.3451443527043871,15.486,0.48,1790365820.336,1790365835.822,1.269,0.0,1.269,0.843,1.416,,0.788,4.09,,2.9,1790365752.943,1790365892.705,2.583,demo_booking_classic,customer_hangup,0.0
1790365284,96,a5ff3e9e-56f5-4a34-8206-09e21797ebff,2,paired,short,finalizada,,,11.362250817008317,1.0,18.861,1.0,1790365837.168,1790365856.029,1.574,1.442,0.131,0.811,1.622,,0.287,5.05,,2.672,1790365752.943,1790365892.705,3.502,demo_booking_classic,customer_hangup,0.0
1790365284,96,a5ff3e9e-56f5-4a34-8206-09e21797ebff,3,paired,short,finalizada,,,9.422310169000411,4.399752996508335,16.192,0.32,1790365857.03,1790365873.222,1.248,1.182,0.065,0.339,1.416,,0.331,5.22,,1.918,1790365752.943,1790365892.705,2.683,demo_booking_classic,customer_hangup,0.0
1790365284,96,a5ff3e9e-56f5-4a34-8206-09e21797ebff,4,paired,short,finalizada,,,-1.4775635800033342,1.822611463190488,3.791,0.48,1790365877.622,1790365881.413,0.927,0.926,0.001,0.478,1.625,,0.128,4.9,,1.533,1790365752.943,1790365892.705,1.952,demo_booking_classic,customer_hangup,0.0
1790365284,96,a5ff3e9e-56f5-4a34-8206-09e21797ebff,5,paired,short,finalizada,,,-1.577084824006306,6.713918060663771,2.749,1.0,1790365883.237,1790365885.985,0.472,0.471,0.001,0.237,0.511,,0.042,4.65,,0.751,1790365752.943,1790365892.705,1.037,demo_booking_classic,customer_hangup,0.0
1790365284,96,ba9c3208-df9e-4888-9b86-696f7e5ccfd8,0,client_only,long,finalizada,,,-3.0791415180137847,1.5440562473349895,4.955,3.52,1790365771.757,1790365776.712,,,,,,,,,,,1790365753.193,1790365869.574,,demo_booking_classic,customer_hangup,0.0
1790365284,96,ba9c3208-df9e-4888-9b86-696f7e5ccfd8,1,client_only,medium,finalizada,,,1.3809647769958246,1.4990666257797658,6.29,2.6,1790365778.257,1790365784.547,,,,,,,,,,,1790365753.193,1790365869.574,,demo_booking_classic,customer_hangup,0.0
1790365284,96,ba9c3208-df9e-4888-9b86-696f7e5ccfd8,2,client_only,medium,finalizada,,,7.980618330009747,2.8219469341743304,15.148,2.12,1790365786.048,1790365801.196,,,,,,,,,,,1790365753.193,1790365869.574,,demo_booking_classic,customer_hangup,0.0
1790365284,96,ba9c3208-df9e-4888-9b86-696f7e5ccfd8,3,client_only,long,finalizada,,,3.2604104360216297,1.5613380171450995,17.612,3.06,1790365804.018,1790365821.631,,,,,,,,,,,1790365753.193,1790365869.574,,demo_booking_classic,customer_hangup,0.0
1790365284,96,ba9c3208-df9e-4888-9b86-696f7e5ccfd8,4,client_only,long,finalizada,,,9.400464555015787,5.682373954020229,25.792,3.52,1790365823.193,1790365848.985,,,,,,,,,,,1790365753.193,1790365869.574,,demo_booking_classic,customer_hangup,0.0
1790365284,96,ba9c3208-df9e-4888-9b86-696f7e5ccfd8,5,client_only,short,finalizada,,,4.280566838016966,3.2101119100958138,11.69,0.32,1790365854.669,1790365866.359,,,,,,,,,,,1790365753.193,1790365869.574,,demo_booking_classic,customer_hangup,0.0
1790365284,96,ba9c3208-df9e-4888-9b86-696f7e5ccfd8,0,server_only,,finalizada,,,,,,,,,1.485,0.0,1.485,,,,,0.0,,,1790365753.193,1790365869.574,,demo_booking_classic,customer_hangup,0.0
1790365284,96,ba9c3208-df9e-4888-9b86-696f7e5ccfd8,1,server_only,,finalizada,,,,,,,,,0.0,0.0,0.0,2.281,3.428,,0.403,7.7,,2.684,1790365753.193,1790365869.574,,demo_booking_classic,customer_hangup,0.0
1790365284,96,ba9c3208-df9e-4888-9b86-696f7e5ccfd8,2,server_only,,finalizada,,,,,,,,,0.747,0.578,0.169,0.861,1.448,,1.21,5.29,,2.818,1790365753.193,1790365869.574,3.613,demo_booking_classic,customer_hangup,0.0
1790365284,96,ba9c3208-df9e-4888-9b86-696f7e5ccfd8,3,server_only,,finalizada,,,,,,,,,0.864,0.778,0.087,0.556,1.23,,0.336,8.74,,1.756,1790365753.193,1790365869.574,2.411,demo_booking_classic,customer_hangup,0.0
1790365284,96,ba9c3208-df9e-4888-9b86-696f7e5ccfd8,4,server_only,,finalizada,,,,,,,,,1.184,1.113,0.071,0.652,1.1,,0.335,4.65,,2.171,1790365753.193,1790365869.574,2.583,demo_booking_classic,customer_hangup,0.0
1790365284,96,4e41ccab-cb73-489a-91fa-334db2b55322,0,client_only,medium,finalizada,,,-1.8373986259975936,2.60675706719873,5.875,2.12,1790365771.465,1790365777.34,,,,,,,,,,,1790365753.283,1790365846.673,,demo_booking_classic,customer_hangup,0.0
1790365284,96,4e41ccab-cb73-489a-91fa-334db2b55322,1,client_only,short,finalizada,,,-1.6178928180015646,2.686240037805335,3.466,1.0,1790365779.947,1790365783.413,,,,,,,,,,,1790365753.283,1790365846.673,,demo_booking_classic,customer_hangup,0.0
1790365284,96,4e41ccab-cb73-489a-91fa-334db2b55322,2,client_only,short,finalizada,,,12.061836995999329,1.0,16.202,0.38,1790365786.1,1790365802.302,,,,,,,,,,,1790365753.283,1790365846.673,,demo_booking_classic,customer_hangup,0.0
1790365284,96,4e41ccab-cb73-489a-91fa-334db2b55322,3,client_only,short,finalizada,,,4.402282538998406,2.1598211448722306,8.11,0.32,1790365803.302,1790365811.412,,,,,,,,,,,1790365753.283,1790365846.673,,demo_booking_classic,customer_hangup,0.0
1790365284,96,4e41ccab-cb73-489a-91fa-334db2b55322,4,client_only,short,finalizada,,,-2.1176840009866282,6.7117155628333975,2.497,0.32,1790365813.573,1790365816.069,,,,,,,,,,,1790365753.283,1790365846.673,,demo_booking_classic,customer_hangup,0.0
1790365284,96,4e41ccab-cb73-489a-91fa-334db2b55322,5,client_only,medium,finalizada,,,8.84330591399339,2.277524890015451,21.607,2.12,1790365822.782,1790365844.389,,,,,,,,,,,1790365753.283,1790365846.673,,demo_booking_classic,customer_hangup,0.0
1790365284,96,4e41ccab-cb73-489a-91fa-334db2b55322,0,server_only,,finalizada,,,,,,,,,2.24,1.877,0.363,1.346,3.351,,1.164,7.97,,4.749,1790365753.283,1790365846.673,6.564,demo_booking_classic,customer_hangup,0.0
1790365284,96,4e41ccab-cb73-489a-91fa-334db2b55322,1,server_only,,finalizada,,,,,,,,,1.979,1.976,0.003,0.433,1.082,,0.444,3.61,,2.856,1790365753.283,1790365846.673,4.073,demo_booking_classic,customer_hangup,0.0
1790365284,96,4e41ccab-cb73-489a-91fa-334db2b55322,2,server_only,,finalizada,,,,,,,,,0.43,0.333,0.097,0.707,1.825,,0.552,4.74,,1.689,1790365753.283,1790365846.673,2.866,demo_booking_classic,customer_hangup,0.0
1790365284,96,551c3274-4939-4e88-97c0-44afd998c441,0,paired,long,finalizada,,,-3.312216959981015,3.2573012447396903,7.989,3.52,1790365773.451,1790365781.44,4.875,4.17,0.704,2.768,2.978,,0.872,4.49,,8.514,1790365753.512,1790365892.619,9.901,demo_booking_classic,customer_hangup,0.0
1790365284,96,551c3274-4939-4e88-97c0-44afd998c441,1,paired,medium,finalizada,,,4.947112780006137,4.170185343997851,16.989,2.6,1790365784.698,1790365801.687,3.013,2.942,0.071,0.748,1.164,,0.604,5.21,,4.365,1790365753.512,1790365892.619,4.948,demo_booking_classic,customer_hangup,0.0
1790365284,96,551c3274-4939-4e88-97c0-44afd998c441,2,paired,long,finalizada,,,3.1070235520019196,8.590738819354376,22.357,3.52,1790365805.858,1790365828.215,2.499,1.899,0.6,2.296,3.18,,0.251,6.5,,5.046,1790365753.512,1790365892.619,4.97,demo_booking_classic,customer_hangup,0.0
1790365284,96,551c3274-4939-4e88-97c0-44afd998c441,3,paired,long,finalizada,,,7.927410247008083,1.2843851569666394,20.73,3.52,1790365836.807,1790365857.537,1.444,1.381,0.062,0.462,1.679,,0.343,4.57,,2.249,1790365753.512,1790365892.619,3.572,demo_booking_classic,customer_hangup,0.0
1790365284,96,551c3274-4939-4e88-97c0-44afd998c441,4,paired,long,finalizada,,,7.707287764002103,2.358052195960664,17.15,3.52,1790365858.822,1790365875.973,1.341,1.258,0.082,0.471,2.042,,0.187,4.25,,1.999,1790365753.512,1790365892.619,3.528,demo_booking_classic,customer_hangup,0.0
1790365284,96,551c3274-4939-4e88-97c0-44afd998c441,5,paired,short,finalizada,,,4.607444966008188,2.5971068818057756,11.684,1.0,1790365878.332,1790365890.016,1.001,0.683,0.318,0.206,1.686,,0.215,4.89,,1.422,1790365753.512,1790365892.619,2.904,demo_booking_classic,customer_hangup,0.0
1790365284,96,35095197-23ea-41f1-97a6-8614bf4d34c0,0,client_only,medium,finalizada,,,-1.8794695560063701,3.4163017356090886,7.879,2.6,1790365770.928,1790365778.807,,,,,,,,,,,1790365753.762,1790365848.135,,demo_booking_classic,customer_hangup,0.0
1790365284,96,35095197-23ea-41f1-97a6-8614bf4d34c0,1,client_only,short,finalizada,,,-0.21881640900392085,2.0899226253291134,2.5,0.48,1790365782.224,1790365784.725,,,,,,,,,,,1790365753.762,1790365848.135,,demo_booking_classic,customer_hangup,0.0
1790365284,96,35095197-23ea-41f1-97a6-8614bf4d34c0,2,client_only,medium,finalizada,,,1.5805596860009246,2.53830778796631,13.947,2.12,1790365786.815,1790365800.762,,,,,,,,,,,1790365753.762,1790365848.135,,demo_booking_classic,customer_hangup,0.0
1790365284,96,35095197-23ea-41f1-97a6-8614bf4d34c0,3,client_only,short,finalizada,,timeout esperando que el agente empiece a responder,,3.76704846818506,15.992,1.0,1790365803.302,1790365819.294,,,,,,,,,,,1790365753.762,1790365848.135,,demo_booking_classic,customer_hangup,0.0
1790365284,96,35095197-23ea-41f1-97a6-8614bf4d34c0,4,client_only,short,finalizada,,,-0.2193284079839941,5.707504711588153,6.906,0.32,1790365823.062,1790365829.968,,,,,,,,,,,1790365753.762,1790365848.135,,demo_booking_classic,customer_hangup,0.0
1790365284,96,35095197-23ea-41f1-97a6-8614bf4d34c0,5,client_only,short,finalizada,,,3.8006294569931924,1.067202231785247,11.368,0.32,1790365835.677,1790365847.044,,,,,,,,,,,1790365753.762,1790365848.135,,demo_booking_classic,customer_hangup,0.0
1790365284,96,35095197-23ea-41f1-97a6-8614bf4d34c0,0,server_only,,finalizada,,,,,,,,,3.336,3.149,0.187,0.986,2.16,,1.308,4.89,,5.629,1790365753.762,1790365848.135,7.942,demo_booking_classic,customer_hangup,0.0
1790365284,96,35095197-23ea-41f1-97a6-8614bf4d34c0,1,server_only,,finalizada,,,,,,,,,2.577,1.82,0.756,2.139,2.797,,0.524,4.97,,5.24,1790365753.762,1790365848.135,5.468,demo_booking_classic,customer_hangup,0.0
1790365284,96,35095197-23ea-41f1-97a6-8614bf4d34c0,2,server_only,,finalizada,,,,,,,,,3.411,3.246,0.165,0.523,0.708,,0.693,4.65,,4.626,1790365753.762,1790365848.135,4.934,demo_booking_classic,customer_hangup,0.0
1790365284,96,35095197-23ea-41f1-97a6-8614bf4d34c0,3,server_only,,finalizada,,,,,,,,,1.99,0.94,1.051,0.459,1.177,,0.68,4.09,,3.129,1790365753.762,1790365848.135,2.941,demo_booking_classic,customer_hangup,0.0
1790365284,96,4deaeacd-15fb-4239-8d1f-b57389e06c1c,0,client_only,short,finalizada,,timeout esperando que el agente empiece a responder,,3.7586339135530973,15.313,0.32,1790365781.95,1790365797.262,,,,,,,,,,,1790365754.011,1790365882.548,,demo_booking_classic,customer_hangup,0.0
1790365284,96,4deaeacd-15fb-4239-8d1f-b57389e06c1c,1,client_only,short,finalizada,,timeout esperando que el agente empiece a responder,,5.573098635645738,15.311,0.32,1790365801.022,1790365816.334,,,,,,,,,,,1790365754.011,1790365882.548,,demo_booking_classic,customer_hangup,0.0
1790365284,96,4deaeacd-15fb-4239-8d1f-b57389e06c1c,2,client_only,medium,finalizada,,,1.458455044979928,4.886008721557701,10.163,2.6,1790365821.907,1790365832.071,,,,,,,,,,,1790365754.011,1790365882.548,,demo_booking_classic,customer_hangup,0.0
1790365284,96,4deaeacd-15fb-4239-8d1f-b57389e06c1c,3,client_only,long,finalizada,,,12.418685898999684,2.1145303070184793,22.476,3.06,1790365836.958,1790365859.433,,,,,,,,,,,1790365754.011,1790365882.548,,demo_booking_classic,customer_hangup,0.0
1790365284,96,4deaeacd-15fb-4239-8d1f-b57389e06c1c,4,client_only,short,finalizada,,,0.45859184200526215,5.33404436078865,7.81,0.32,1790365861.548,1790365869.358,,,,,,,,,,,1790365754.011,1790365882.548,,demo_booking_classic,customer_hangup,0.0
1790365284,96,4deaeacd-15fb-4239-8d1f-b57389e06c1c,5,client_only,long,finalizada,,,-5.201265595998848,4.545095766657983,3.305,3.06,1790365874.693,1790365877.998,,,,,,,,,,,1790365754.011,1790365882.548,,demo_booking_classic,customer_hangup,0.0
1790365284,96,4deaeacd-15fb-4239-8d1f-b57389e06c1c,0,server_only,,finalizada,,,,,,,,,2.676,2.395,0.28,0.725,1.458,,0.803,4.98,,4.204,1790365754.011,1790365882.548,4.209,demo_booking_classic,customer_hangup,0.0
1790365284,96,4deaeacd-15fb-4239-8d1f-b57389e06c1c,1,server_only,,finalizada,,,,,,,,,2.286,2.091,0.195,1.02,2.937,,0.489,4.65,,3.795,1790365754.011,1790365882.548,5.89,demo_booking_classic,customer_hangup,0.0
1790365284,96,4deaeacd-15fb-4239-8d1f-b57389e06c1c,2,server_only,,finalizada,,,,,,,,,1.2,1.145,0.056,0.496,0.953,,0.215,5.77,,1.912,1790365754.011,1790365882.548,2.543,demo_booking_classic,customer_hangup,0.0
1790365284,96,4deaeacd-15fb-4239-8d1f-b57389e06c1c,3,server_only,,finalizada,,,,,,,,,0.704,0.471,0.233,1.018,2.706,,0.277,4.91,,1.999,1790365754.011,1790365882.548,2.487,demo_booking_classic,customer_hangup,0.0
1790365284,96,4deaeacd-15fb-4239-8d1f-b57389e06c1c,4,server_only,,finalizada,,,,,,,,,1.346,1.333,0.013,0.534,2.224,,0.134,1.58,,2.014,1790365754.011,1790365882.548,3.05,demo_booking_classic,customer_hangup,0.0
