run_id,concurrency,call_id,turn_index,row_kind,category,status,call_error,turn_error,client_latency_s,think_time_s,turn_duration_s,user_speech_s,turn_start_ts,turn_end_ts,eou_s,stt_s,endpointing_s,ttft_s,llm_total_s,llm_tokens,tts_s,tts_audio_s,cancelled,total_s,call_start_ts,call_end_ts,e2e_s,workflow_id,ended_reason,client_mic_lag_s
1790362725,32,0182bf62-c9de-4fb8-a7cb-a1c26a36d975,0,paired,short,finalizada,,,2.4152698180114385,2.5723775765779715,8.156,1.0,1790362736.867,1790362745.023,0.669,0.649,0.019,0.224,0.86,,0.081,3.61,,0.973,1790362726.18,1790362807.949,1.593,demo_booking,customer_hangup,0.0
1790362725,32,0182bf62-c9de-4fb8-a7cb-a1c26a36d975,1,paired,long,finalizada,,,2.3151873459864873,2.0592474090188104,10.561,3.52,1790362747.595,1790362758.157,0.591,0.579,0.012,0.194,0.762,,0.105,3.53,,0.89,1790362726.18,1790362807.949,1.449,demo_booking,customer_hangup,0.0
1790362725,32,0182bf62-c9de-4fb8-a7cb-a1c26a36d975,2,paired,medium,finalizada,,,2.855682017019717,3.3783076446429194,9.211,2.12,1790362760.217,1790362769.428,0.516,0.503,0.013,0.212,1.234,,0.109,2.97,,0.837,1790362726.18,1790362807.949,1.849,demo_booking,customer_hangup,0.0
1790362725,32,0182bf62-c9de-4fb8-a7cb-a1c26a36d975,3,paired,short,finalizada,,,3.735495235014241,2.918309297156112,8.234,0.38,1790362772.807,1790362781.041,1.0,0.456,0.544,0.498,2.011,,0.115,3.29,,1.613,1790362726.18,1790362807.949,2.586,demo_booking,customer_hangup,0.0
1790362725,32,0182bf62-c9de-4fb8-a7cb-a1c26a36d975,4,paired,medium,finalizada,,,2.755578117008554,2.5856079407890173,9.439,2.12,1790362783.96,1790362793.399,0.641,0.627,0.014,0.231,0.976,,0.105,3.37,,0.977,1790362726.18,1790362807.949,1.711,demo_booking,customer_hangup,0.0
1790362725,32,0182bf62-c9de-4fb8-a7cb-a1c26a36d975,5,paired,short,finalizada,,,3.2754392180067953,4.033050503168564,7.926,0.38,1790362795.985,1790362803.911,1.001,0.579,0.422,0.5,1.663,,0.09,3.29,,1.591,1790362726.18,1790362807.949,2.378,demo_booking,customer_hangup,0.0
1790362725,32,3fd4744a-666c-492a-91d2-43026bc0c4a3,0,paired,medium,finalizada,,,2.3198831629997585,1.6856431770603868,8.64,2.24,1790362734.022,1790362742.662,0.588,0.574,0.015,0.182,0.887,,0.079,3.37,,0.849,1790362726.443,1790362813.095,1.543,demo_booking,customer_hangup,0.0
1790362725,32,3fd4744a-666c-492a-91d2-43026bc0c4a3,1,paired,long,finalizada,,,3.179728362010792,3.16992705792399,13.232,3.52,1790362744.348,1790362757.581,0.587,0.573,0.014,0.236,1.368,,0.142,5.29,,0.964,1790362726.443,1790362813.095,2.086,demo_booking,customer_hangup,0.0
1790362725,32,3fd4744a-666c-492a-91d2-43026bc0c4a3,2,paired,short,finalizada,,,2.7393910629907623,1.6289738581618025,10.139,1.0,1790362760.751,1790362770.89,1.0,0.538,0.462,0.207,1.34,,0.079,5.21,,1.286,1790362726.443,1790362813.095,1.96,demo_booking,customer_hangup,0.0
1790362725,32,3fd4744a-666c-492a-91d2-43026bc0c4a3,3,paired,long,finalizada,,,2.84007103802287,5.845001339861663,9.405,3.06,1790362772.52,1790362781.925,1.0,0.69,0.31,0.497,1.211,,0.093,2.33,,1.59,1790362726.443,1790362813.095,1.998,demo_booking,customer_hangup,0.0
1790362725,32,3fd4744a-666c-492a-91d2-43026bc0c4a3,4,paired,medium,finalizada,,,3.119759046996478,2.263584215496389,11.572,2.12,1790362787.77,1790362799.342,0.524,0.508,0.016,0.237,1.181,,0.114,5.29,,0.875,1790362726.443,1790362813.095,1.805,demo_booking,customer_hangup,0.0
1790362725,32,3fd4744a-666c-492a-91d2-43026bc0c4a3,5,paired,short,finalizada,,,2.5600525710033253,1.1553698006121857,10.327,1.0,1790362801.606,1790362811.934,1.001,0.465,0.536,0.355,1.284,,0.123,5.78,,1.479,1790362726.443,1790362813.095,1.259,demo_booking,customer_hangup,0.0
1790362725,32,a8c46fd3-9759-4d36-ab6b-ca0457d940aa,0,paired,medium,finalizada,,,3.726612025027862,1.7836808676348317,12.15,2.6,1790362737.525,1790362749.676,0.499,0.484,0.015,0.441,1.96,,0.115,4.65,,1.054,1790362726.693,1790362813.366,2.562,demo_booking,customer_hangup,0.0
1790362725,32,a8c46fd3-9759-4d36-ab6b-ca0457d940aa,1,paired,short,finalizada,,,1.9465057650231756,1.6604789031662615,7.865,0.32,1790362751.461,1790362759.326,1.001,0.446,0.555,0.199,0.955,,0.106,4.42,,1.306,1790362726.693,1790362813.366,1.11,demo_booking,customer_hangup,0.0
1790362725,32,a8c46fd3-9759-4d36-ab6b-ca0457d940aa,2,paired,long,finalizada,,,2.5871560190280434,3.0596316930807244,13.02,3.06,1790362760.987,1790362774.007,0.56,0.547,0.013,0.236,1.59,,0.154,6.18,,0.951,1790362726.693,1790362813.366,1.808,demo_booking,customer_hangup,0.0
1790362725,32,a8c46fd3-9759-4d36-ab6b-ca0457d940aa,3,paired,short,finalizada,,,2.6065298729809,1.6732938547964669,9.691,1.0,1790362777.067,1790362786.758,1.001,0.455,0.545,0.237,1.298,,0.079,4.89,,1.317,1790362726.693,1790362813.366,1.836,demo_booking,customer_hangup,0.0
1790362725,32,a8c46fd3-9759-4d36-ab6b-ca0457d940aa,4,paired,short,finalizada,,,2.2464646139997058,3.157484507853389,8.934,0.32,1790362788.432,1790362797.366,1.0,0.521,0.479,0.248,0.938,,0.129,5.15,,1.377,1790362726.693,1790362813.366,1.155,demo_booking,customer_hangup,0.0
1790362725,32,a8c46fd3-9759-4d36-ab6b-ca0457d940aa,5,paired,short,finalizada,,,3.086795211012941,2.950900739282504,9.885,1.0,1790362800.525,1790362810.41,1.001,0.469,0.531,0.281,1.45,,0.086,4.57,,1.367,1790362726.693,1790362813.366,2.01,demo_booking,customer_hangup,0.0
1790362725,32,e13cbaad-10dc-4120-ba0b-978c1fa3d89e,0,paired,long,finalizada,,,1.8903911749948747,4.201627021362968,13.037,3.52,1790362734.312,1790362747.349,0.599,0.583,0.016,0.3,1.356,,0.086,6.42,,0.984,1790362726.942,1790362809.297,1.112,demo_booking,customer_hangup,0.0
1790362725,32,e13cbaad-10dc-4120-ba0b-978c1fa3d89e,1,paired,long,finalizada,,,3.890737193985842,2.086980602305008,13.724,3.52,1790362751.551,1790362765.276,0.564,0.551,0.013,0.628,2.138,,0.151,5.13,,1.343,1790362726.942,1790362809.297,2.843,demo_booking,customer_hangup,0.0
1790362725,32,e13cbaad-10dc-4120-ba0b-978c1fa3d89e,2,paired,short,finalizada,,,3.1700785559951328,2.2174374678255266,6.993,0.38,1790362767.363,1790362774.356,1.0,0.444,0.557,0.286,1.482,,0.15,2.49,,1.436,1790362726.942,1790362809.297,2.08,demo_booking,customer_hangup,0.0
1790362725,32,e13cbaad-10dc-4120-ba0b-978c1fa3d89e,3,paired,medium,finalizada,,,2.370541685988428,1.5512569253441368,7.818,2.12,1790362776.573,1790362784.391,0.644,0.628,0.016,0.226,0.853,,0.1,2.09,,0.969,1790362726.942,1790362809.297,1.587,demo_booking,customer_hangup,0.0
1790362725,32,e13cbaad-10dc-4120-ba0b-978c1fa3d89e,4,paired,short,finalizada,,,2.5306031399813946,2.2499957532132533,6.321,0.48,1790362785.943,1790362792.264,0.462,0.444,0.018,0.247,0.97,,0.092,2.17,,0.801,1790362726.942,1790362809.297,1.511,demo_booking,customer_hangup,0.0
1790362725,32,e13cbaad-10dc-4120-ba0b-978c1fa3d89e,5,paired,long,finalizada,,,3.489716704003513,3.734632652857013,11.043,3.06,1790362794.515,1790362805.558,0.445,0.407,0.037,0.448,1.767,,0.105,3.29,,0.998,1790362726.942,1790362809.297,2.304,demo_booking,customer_hangup,0.0
1790362725,32,9812279a-0baa-4b39-95cd-3eab381dc378,0,paired,long,finalizada,,,3.128609317005612,2.1183900406001053,14.798,3.52,1790362735.124,1790362749.921,0.532,0.508,0.024,0.209,1.524,,0.081,7.45,,0.822,1790362726.857,1790362820.414,2.116,demo_booking,customer_hangup,0.0
1790362725,32,9812279a-0baa-4b39-95cd-3eab381dc378,1,paired,short,finalizada,,,3.3277620389999356,2.453406648813633,9.205,0.32,1790362752.04,1790362761.245,1.001,0.788,0.213,0.408,1.516,,0.138,4.41,,1.546,1790362726.857,1790362820.414,2.445,demo_booking,customer_hangup,0.0
1790362725,32,9812279a-0baa-4b39-95cd-3eab381dc378,2,paired,long,finalizada,,,2.948047415993642,2.8794816630808904,13.623,3.52,1790362763.698,1790362777.321,0.463,0.451,0.013,0.287,1.571,,0.103,6.01,,0.853,1790362726.857,1790362820.414,2.128,demo_booking,customer_hangup,0.0
1790362725,32,9812279a-0baa-4b39-95cd-3eab381dc378,3,paired,medium,finalizada,,,3.208669575979002,2.8711240971308385,9.646,2.12,1790362780.202,1790362789.847,0.513,0.498,0.015,0.601,1.508,,0.132,3.13,,1.246,1790362726.857,1790362820.414,2.143,demo_booking,customer_hangup,0.0
1790362725,32,9812279a-0baa-4b39-95cd-3eab381dc378,4,paired,long,finalizada,,,2.9678130130050704,1.440753192288941,10.727,3.52,1790362792.719,1790362803.446,0.605,0.588,0.017,0.581,1.517,,0.072,3.05,,1.258,1790362726.857,1790362820.414,2.184,demo_booking,customer_hangup,0.0
1790362725,32,9812279a-0baa-4b39-95cd-3eab381dc378,5,paired,long,finalizada,,,2.1677660459827166,5.288590652903203,10.234,3.06,1790362804.887,1790362815.121,0.414,0.401,0.013,0.254,1.008,,0.069,3.93,,0.737,1790362726.857,1790362820.414,1.481,demo_booking,customer_hangup,0.0
1790362725,32,7c05015b-286d-4335-91f5-69fef303f91e,0,paired,short,finalizada,,,2.975704181997571,1.8489855258221677,10.117,1.0,1790362735.246,1790362745.364,0.874,0.86,0.014,0.308,1.22,,0.089,4.97,,1.271,1790362727.106,1790362810.585,2.171,demo_booking,customer_hangup,0.0
1790362725,32,7c05015b-286d-4335-91f5-69fef303f91e,1,paired,short,finalizada,,,3.1555176789988764,1.0,8.727,0.32,1790362747.213,1790362755.94,1.001,0.448,0.553,0.257,1.393,,0.13,4.57,,1.388,1790362727.106,1790362810.585,1.975,demo_booking,customer_hangup,0.0
1790362725,32,7c05015b-286d-4335-91f5-69fef303f91e,2,paired,short,finalizada,,,3.115355443005683,2.6600322782838046,8.753,0.48,1790362756.941,1790362765.694,0.506,0.489,0.018,0.428,1.589,,0.089,3.93,,1.024,1790362727.106,1790362810.585,2.173,demo_booking,customer_hangup,0.0
1790362725,32,7c05015b-286d-4335-91f5-69fef303f91e,3,paired,medium,finalizada,,,2.375791788013885,1.9348093474499974,11.936,2.24,1790362768.355,1790362780.291,0.567,0.552,0.015,0.253,1.639,,0.095,6.1,,0.916,1790362727.106,1790362810.585,1.493,demo_booking,customer_hangup,0.0
1790362725,32,7c05015b-286d-4335-91f5-69fef303f91e,4,paired,short,finalizada,,,2.475486291979905,3.325768610199036,10.271,0.48,1790362782.227,1790362792.498,0.493,0.476,0.017,0.329,1.613,,0.171,6.42,,0.993,1790362727.106,1790362810.585,1.463,demo_booking,customer_hangup,0.0
1790362725,32,7c05015b-286d-4335-91f5-69fef303f91e,5,paired,medium,finalizada,,,3.5156482290185522,2.8574626102896774,11.898,2.12,1790362795.825,1790362807.723,0.583,0.566,0.017,0.468,1.674,,0.131,4.97,,1.182,1790362727.106,1790362810.585,2.375,demo_booking,customer_hangup,0.0
1790362725,32,9e151f73-0550-4ffd-9672-2d5c31c2d86c,0,paired,short,finalizada,,,1.6411290029936936,3.731576429022147,7.243,0.32,1790362735.719,1790362742.963,1.001,0.446,0.554,0.197,0.815,,0.054,4.1,,1.251,1790362727.357,1790362819.538,1.058,demo_booking,customer_hangup,0.0
1790362725,32,9e151f73-0550-4ffd-9672-2d5c31c2d86c,1,paired,short,finalizada,,,2.1822945330059156,4.034712579892799,11.976,0.48,1790362746.695,1790362758.672,0.451,0.436,0.015,0.23,1.489,,0.25,8.5,,0.931,1790362727.357,1790362819.538,1.034,demo_booking,customer_hangup,0.0
1790362725,32,9e151f73-0550-4ffd-9672-2d5c31c2d86c,2,paired,short,finalizada,,,2.120986827008892,2.8577853475917148,11.935,0.32,1790362762.707,1790362774.643,1.0,0.436,0.565,0.266,1.632,,0.081,8.26,,1.347,1790362727.357,1790362819.538,1.101,demo_booking,customer_hangup,0.0
1790362725,32,9e151f73-0550-4ffd-9672-2d5c31c2d86c,3,paired,medium,finalizada,,,1.921135565993609,1.1343195237110668,11.812,2.6,1790362777.501,1790362789.313,0.513,0.499,0.014,0.224,1.633,,0.081,6.1,,0.818,1790362727.357,1790362819.538,1.075,demo_booking,customer_hangup,0.0
1790362725,32,9e151f73-0550-4ffd-9672-2d5c31c2d86c,4,paired,short,finalizada,,,2.042316259990912,2.6273328669867366,9.339,0.38,1790362790.447,1790362799.786,1.001,0.448,0.553,0.242,1.075,,0.16,5.7,,1.403,1790362727.357,1790362819.538,1.163,demo_booking,customer_hangup,0.0
1790362725,32,9e151f73-0550-4ffd-9672-2d5c31c2d86c,5,paired,long,finalizada,,,2.3209879209753126,4.947528924352991,12.172,3.06,1790362802.413,1790362814.586,0.595,0.582,0.013,0.253,0.978,,0.051,5.61,,0.9,1790362727.357,1790362819.538,1.614,demo_booking,customer_hangup,0.0
1790362725,32,ebf04e9b-1544-45e6-8511-57dbbacd69a9,0,paired,long,finalizada,,,2.031289689010009,1.478966391953169,12.088,3.06,1790362735.761,1790362747.848,0.58,0.56,0.02,0.375,1.506,,0.096,5.78,,1.051,1790362727.607,1790362807.085,1.29,demo_booking,customer_hangup,0.0
1790362725,32,ebf04e9b-1544-45e6-8511-57dbbacd69a9,1,paired,short,finalizada,,,2.5915896630031057,1.2605055508059135,7.557,0.48,1790362749.328,1790362756.885,0.472,0.452,0.02,0.218,0.881,,0.146,3.29,,0.836,1790362727.607,1790362807.085,1.484,demo_booking,customer_hangup,0.0
1790362725,32,ebf04e9b-1544-45e6-8511-57dbbacd69a9,2,paired,long,finalizada,,,2.4513761900016107,2.077052020427911,12.098,3.52,1790362758.146,1790362770.244,0.539,0.525,0.015,0.261,1.09,,0.094,5.29,,0.894,1790362727.607,1790362807.085,1.712,demo_booking,customer_hangup,0.0
1790362725,32,ebf04e9b-1544-45e6-8511-57dbbacd69a9,3,paired,long,finalizada,,,2.45110143799684,1.0,12.4,3.06,1790362772.321,1790362784.721,0.607,0.591,0.016,0.572,1.638,,0.131,5.78,,1.31,1790362727.607,1790362807.085,1.52,demo_booking,customer_hangup,0.0
1790362725,32,ebf04e9b-1544-45e6-8511-57dbbacd69a9,4,paired,short,finalizada,,,1.7912391419813503,1.0598972315306094,7.331,0.32,1790362785.722,1790362793.053,1.0,0.426,0.574,0.24,0.993,,0.106,3.94,,1.346,1790362727.607,1790362807.085,1.11,demo_booking,customer_hangup,0.0
1790362725,32,ebf04e9b-1544-45e6-8511-57dbbacd69a9,5,paired,long,finalizada,,,1.2312621519959066,1.0,11.966,3.06,1790362794.114,1790362806.08,0.401,0.371,0.03,0.348,2.041,,0.048,6.66,,0.797,1790362727.607,1790362807.085,0.941,demo_booking,customer_hangup,0.0
1790362725,32,86eb8127-43d2-498d-b45f-be71b99ba60f,0,paired,long,finalizada,,,3.2948831430112477,1.2115939855170885,12.746,3.06,1790362736.296,1790362749.042,0.685,0.667,0.018,0.208,1.433,,0.121,5.93,,1.014,1790362727.84,1790362838.552,2.225,demo_booking,customer_hangup,0.0
1790362725,32,86eb8127-43d2-498d-b45f-be71b99ba60f,1,paired,medium,finalizada,,,2.0758617570099887,4.225020945346281,11.498,2.24,1790362750.255,1790362761.752,0.684,0.667,0.016,0.407,1.785,,0.097,6.02,,1.188,1790362727.84,1790362838.552,1.317,demo_booking,customer_hangup,0.0
1790362725,32,86eb8127-43d2-498d-b45f-be71b99ba60f,2,paired,short,finalizada,,,2.4547300430131145,2.937925405187729,8.785,0.32,1790362765.978,1790362774.762,1.0,0.417,0.584,0.349,1.273,,0.051,4.81,,1.4,1790362727.84,1790362838.552,1.745,demo_booking,customer_hangup,0.0
1790362725,32,86eb8127-43d2-498d-b45f-be71b99ba60f,3,paired,long,finalizada,,,3.6557865840150043,3.085326596815908,30.133,3.52,1790362777.701,1790362807.833,0.584,0.569,0.015,0.248,3.268,,0.083,21.79,,0.915,1790362727.84,1790362838.552,2.671,demo_booking,customer_hangup,0.0
1790362725,32,86eb8127-43d2-498d-b45f-be71b99ba60f,4,paired,long,finalizada,,,1.9148060370062012,1.0,15.034,3.52,1790362810.92,1790362825.954,0.596,0.563,0.033,0.274,1.484,,0.087,8.58,,0.957,1790362727.84,1790362838.552,1.213,demo_booking,customer_hangup,0.0
1790362725,32,86eb8127-43d2-498d-b45f-be71b99ba60f,5,paired,short,finalizada,,,1.875551314005861,4.862034669528102,6.728,0.38,1790362826.956,1790362833.683,1.001,0.367,0.633,0.227,0.738,,0.041,3.53,,1.269,1790362727.84,1790362838.552,1.15,demo_booking,customer_hangup,0.0
1790362725,32,46e34f44-9f19-476c-857c-e2a327c05c71,0,paired,short,finalizada,,,1.9297583420120645,3.4423936213698045,7.567,0.32,1790362736.021,1790362743.588,1.001,0.823,0.178,0.308,0.996,,0.063,4.1,,1.372,1790362728.09,1790362809.956,1.298,demo_booking,customer_hangup,0.0
1790362725,32,46e34f44-9f19-476c-857c-e2a327c05c71,1,paired,short,finalizada,,,2.030440753995208,2.239583502226064,7.904,0.32,1790362747.03,1790362754.934,1.0,0.422,0.578,0.192,1.109,,0.131,4.34,,1.324,1790362728.09,1790362809.956,1.134,demo_booking,customer_hangup,0.0
1790362725,32,46e34f44-9f19-476c-857c-e2a327c05c71,2,paired,medium,finalizada,,,2.5703340350009967,2.0901876029274122,8.258,2.12,1790362757.175,1790362765.432,0.494,0.481,0.014,0.346,0.957,,0.119,2.57,,0.96,1790362728.09,1790362809.956,1.561,demo_booking,customer_hangup,0.0
1790362725,32,46e34f44-9f19-476c-857c-e2a327c05c71,3,paired,long,finalizada,,,4.490570351015776,2.9745877657984248,17.188,3.52,1790362767.522,1790362784.711,0.809,0.793,0.016,0.278,2.794,,0.082,8.01,,1.17,1790362728.09,1790362809.956,3.673,demo_booking,customer_hangup,0.0
1790362725,32,46e34f44-9f19-476c-857c-e2a327c05c71,4,paired,medium,finalizada,,,2.610155753995059,4.1327826078909755,12.097,2.24,1790362787.687,1790362799.783,0.75,0.734,0.016,0.32,1.142,,0.124,6.02,,1.194,1790362728.09,1790362809.956,1.46,demo_booking,customer_hangup,0.0
1790362725,32,46e34f44-9f19-476c-857c-e2a327c05c71,5,paired,short,finalizada,,,1.7305733420071192,2.0964784241096446,3.938,0.38,1790362803.917,1790362807.854,1.001,0.482,0.519,0.231,0.596,,0.126,0.81,,1.358,1790362728.09,1790362809.956,1.207,demo_booking,customer_hangup,0.0
1790362725,32,b4e8c292-f433-40b7-ad47-7e12cdda7962,0,paired,medium,finalizada,,,3.8936504750163294,2.504801534000261,10.758,2.6,1790362736.868,1790362747.625,0.745,0.729,0.015,0.226,1.248,,0.119,3.77,,1.089,1790362728.339,1790362822.187,2.1,demo_booking,customer_hangup,0.0
1790362725,32,b4e8c292-f433-40b7-ad47-7e12cdda7962,1,paired,long,finalizada,,,2.3934060919855256,1.7635366037966531,15.058,3.06,1790362750.131,1790362765.189,0.613,0.597,0.015,0.266,2.002,,0.076,8.34,,0.955,1790362728.339,1790362822.187,1.576,demo_booking,customer_hangup,0.0
1790362725,32,b4e8c292-f433-40b7-ad47-7e12cdda7962,2,paired,medium,finalizada,,,2.9933782769949175,2.812974307127588,10.444,2.6,1790362766.953,1790362777.397,0.506,0.493,0.013,0.289,1.44,,0.115,3.61,,0.91,1790362728.339,1790362822.187,2.052,demo_booking,customer_hangup,0.0
1790362725,32,b4e8c292-f433-40b7-ad47-7e12cdda7962,3,paired,medium,finalizada,,,3.3732729999755975,2.69703746267083,12.021,2.6,1790362780.211,1790362792.232,0.626,0.607,0.019,0.399,1.576,,0.108,4.81,,1.133,1790362728.339,1790362822.187,2.295,demo_booking,customer_hangup,0.0
1790362725,32,b4e8c292-f433-40b7-ad47-7e12cdda7962,4,paired,medium,finalizada,,,3.5333355990005657,2.079797334105931,11.591,2.24,1790362794.93,1790362806.521,0.44,0.427,0.013,0.311,1.816,,0.122,4.65,,0.873,1790362728.339,1790362822.187,2.369,demo_booking,customer_hangup,0.0
1790362725,32,b4e8c292-f433-40b7-ad47-7e12cdda7962,5,paired,long,finalizada,,,2.733362675004173,2.543549443605696,11.037,3.06,1790362808.601,1790362819.638,0.721,0.707,0.014,0.337,1.226,,0.067,4.09,,1.124,1790362728.339,1790362822.187,2.005,demo_booking,customer_hangup,0.0
1790362725,32,331fd2b0-ad4a-4e0d-b7fe-a91f57332524,0,paired,medium,finalizada,,,1.91576457300107,1.0674534581055726,11.551,2.6,1790362736.705,1790362748.257,0.544,0.527,0.017,0.275,1.409,,0.112,5.86,,0.932,1790362728.589,1790362818.904,1.146,demo_booking,customer_hangup,0.0
1790362725,32,331fd2b0-ad4a-4e0d-b7fe-a91f57332524,1,paired,long,finalizada,,,2.755814887001179,4.011307558299959,12.656,3.06,1790362749.325,1790362761.981,0.585,0.566,0.02,0.218,1.272,,0.135,5.61,,0.938,1790362728.589,1790362818.904,1.976,demo_booking,customer_hangup,0.0
1790362725,32,331fd2b0-ad4a-4e0d-b7fe-a91f57332524,2,paired,short,finalizada,,,3.1358340829901863,1.216882396690045,10.623,1.0,1790362765.992,1790362776.615,0.654,0.64,0.014,0.337,1.617,,0.118,5.29,,1.109,1790362728.589,1790362818.904,2.378,demo_booking,customer_hangup,0.0
1790362725,32,331fd2b0-ad4a-4e0d-b7fe-a91f57332524,3,paired,long,finalizada,,,3.055817741987994,2.5432917553242986,10.066,3.52,1790362777.832,1790362787.899,0.66,0.644,0.016,0.469,1.449,,0.081,2.33,,1.21,1790362728.589,1790362818.904,2.178,demo_booking,customer_hangup,0.0
1790362725,32,331fd2b0-ad4a-4e0d-b7fe-a91f57332524,4,paired,long,finalizada,,,2.2956816399819218,2.094196565878199,9.093,3.52,1790362790.443,1790362799.535,0.566,0.55,0.016,0.304,0.88,,0.087,2.49,,0.957,1790362728.589,1790362818.904,1.522,demo_booking,customer_hangup,0.0
1790362725,32,331fd2b0-ad4a-4e0d-b7fe-a91f57332524,5,paired,short,finalizada,,,3.1358372529793996,6.202414048953594,11.067,0.32,1790362801.63,1790362812.697,1.0,0.429,0.571,0.42,1.467,,0.162,6.41,,1.583,1790362728.589,1790362818.904,2.081,demo_booking,customer_hangup,0.0
1790362725,32,9d857745-4b2a-4681-afa7-c3e2b74dda2f,0,paired,short,finalizada,,,4.80631033598911,5.589239094179541,11.359,0.48,1790362739.963,1790362751.322,1.141,1.114,0.027,0.56,2.163,,0.147,4.89,,1.848,1790362728.84,1790362824.846,3.436,demo_booking,customer_hangup,0.0
1790362725,32,9d857745-4b2a-4681-afa7-c3e2b74dda2f,1,paired,long,finalizada,,,2.326457342976937,2.4892674098869882,12.164,3.52,1790362756.913,1790362769.076,0.557,0.543,0.014,0.213,1.047,,0.065,5.45,,0.836,1790362728.84,1790362824.846,1.659,demo_booking,customer_hangup,0.0
1790362725,32,9d857745-4b2a-4681-afa7-c3e2b74dda2f,2,paired,short,finalizada,,,3.5862363560008816,4.047477999860236,10.718,1.0,1790362771.566,1790362782.284,1.001,0.487,0.514,0.53,2.099,,0.12,4.89,,1.652,1790362728.84,1790362824.846,2.711,demo_booking,customer_hangup,0.0
1790362725,32,9d857745-4b2a-4681-afa7-c3e2b74dda2f,3,paired,medium,finalizada,,,2.8262916190142278,1.6930243629758015,11.267,2.24,1790362786.332,1790362797.599,0.551,0.537,0.015,0.313,1.045,,0.105,4.97,,0.97,1790362728.84,1790362824.846,1.692,demo_booking,customer_hangup,0.0
1790362725,32,9d857745-4b2a-4681-afa7-c3e2b74dda2f,4,paired,short,finalizada,,,3.1865561660088133,2.2274565848944485,10.396,1.0,1790362799.293,1790362809.689,1.001,0.572,0.429,0.365,1.2,,0.194,4.97,,1.56,1790362728.84,1790362824.846,1.973,demo_booking,customer_hangup,0.0
1790362725,32,9d857745-4b2a-4681-afa7-c3e2b74dda2f,5,paired,long,finalizada,,,2.506153735012049,1.7916699126268392,11.131,3.06,1790362811.917,1790362823.049,0.598,0.582,0.016,0.26,1.084,,0.077,4.41,,0.934,1790362728.84,1790362824.846,1.746,demo_booking,customer_hangup,0.0
1790362725,32,e06f60b3-c8bd-4899-a164-ef29cbc46752,0,paired,long,finalizada,,,3.8567389649979305,5.831770273532875,13.768,3.52,1790362740.023,1790362753.791,0.591,0.573,0.018,0.232,1.908,,0.173,5.21,,0.996,1790362729.088,1790362819.888,2.657,demo_booking,customer_hangup,0.0
1790362725,32,e06f60b3-c8bd-4899-a164-ef29cbc46752,1,paired,long,finalizada,,,2.396491938998224,1.7619702307600005,12.456,3.06,1790362759.624,1790362772.08,0.598,0.58,0.018,0.406,1.655,,0.081,5.78,,1.084,1790362729.088,1790362819.888,1.45,demo_booking,customer_hangup,0.0
1790362725,32,e06f60b3-c8bd-4899-a164-ef29cbc46752,2,paired,short,finalizada,,,3.1963887099991553,1.6769075340128472,7.826,1.0,1790362773.842,1790362781.669,1.001,0.48,0.52,0.555,1.691,,0.116,2.89,,1.672,1790362729.088,1790362819.888,2.292,demo_booking,customer_hangup,0.0
1790362725,32,e06f60b3-c8bd-4899-a164-ef29cbc46752,3,paired,short,finalizada,,,3.035640201997012,1.275127936819354,9.597,0.32,1790362783.347,1790362792.943,1.001,0.438,0.563,0.312,1.381,,0.139,5.05,,1.452,1790362729.088,1790362819.888,1.962,demo_booking,customer_hangup,0.0
1790362725,32,e06f60b3-c8bd-4899-a164-ef29cbc46752,4,paired,long,finalizada,,,3.776266525994288,2.6818154864594117,13.732,3.52,1790362794.219,1790362807.951,0.583,0.566,0.017,0.4,1.831,,0.117,5.29,,1.1,1790362729.088,1790362819.888,2.517,demo_booking,customer_hangup,0.0
1790362725,32,e06f60b3-c8bd-4899-a164-ef29cbc46752,5,paired,short,finalizada,,,2.276728400000138,2.7799368733265983,6.47,1.0,1790362810.633,1790362817.104,0.494,0.478,0.016,0.258,0.933,,0.084,2.01,,0.836,1790362729.088,1790362819.888,1.499,demo_booking,customer_hangup,0.0
1790362725,32,3aadcc0d-cf1b-41f3-b074-66811c93a765,0,paired,medium,finalizada,,,4.237867437012028,3.3681564190450533,11.188,2.12,1790362738.381,1790362749.569,1.116,1.096,0.02,0.568,1.785,,0.147,3.69,,1.831,1790362729.337,1790362822.106,3.032,demo_booking,customer_hangup,0.0
1790362725,32,3aadcc0d-cf1b-41f3-b074-66811c93a765,1,paired,short,finalizada,,,3.297748736978974,4.33834480874325,7.547,0.38,1790362752.939,1790362760.486,1.001,0.608,0.393,0.212,1.463,,0.099,2.65,,1.312,1790362729.337,1790362822.106,2.178,demo_booking,customer_hangup,0.0
1790362725,32,3aadcc0d-cf1b-41f3-b074-66811c93a765,2,paired,medium,finalizada,,,2.6978781609795988,2.5629716195776697,9.902,2.12,1790362764.825,1790362774.727,0.55,0.533,0.016,0.325,1.351,,0.095,3.93,,0.97,1790362729.337,1790362822.106,1.983,demo_booking,customer_hangup,0.0
1790362725,32,3aadcc0d-cf1b-41f3-b074-66811c93a765,3,paired,medium,finalizada,,,2.75774211998214,3.050784426311866,10.328,2.12,1790362777.29,1790362787.618,0.519,0.498,0.022,0.329,1.235,,0.07,4.57,,0.918,1790362729.337,1790362822.106,1.807,demo_booking,customer_hangup,0.0
1790362725,32,3aadcc0d-cf1b-41f3-b074-66811c93a765,4,paired,medium,finalizada,,,2.017529098986415,7.718015765880767,7.63,2.6,1790362790.67,1790362798.3,0.546,0.533,0.013,0.232,0.756,,0.148,1.77,,0.926,1790362729.337,1790362822.106,1.441,demo_booking,customer_hangup,0.0
1790362725,32,3aadcc0d-cf1b-41f3-b074-66811c93a765,5,paired,long,finalizada,,,1.977792725985637,7.607103487874925,8.473,3.06,1790362806.019,1790362814.492,0.59,0.577,0.013,0.243,1.337,,0.084,9.22,,0.916,1790362729.337,1790362822.106,1.128,demo_booking,customer_hangup,0.0
1790362725,32,1b147bb2-5309-4bab-983a-0f34b3e4c112,0,paired,short,finalizada,,,1.691611845017178,4.020534934279115,7.334,0.32,1790362737.697,1790362745.031,1.0,0.524,0.476,0.224,0.835,,0.076,4.1,,1.3,1790362729.587,1790362809.323,1.08,demo_booking,customer_hangup,0.0
1790362725,32,1b147bb2-5309-4bab-983a-0f34b3e4c112,1,paired,short,finalizada,,,1.8319424729852472,1.6776178489513516,4.002,0.38,1790362749.052,1790362753.054,1.0,0.451,0.549,0.245,0.656,,0.103,0.73,,1.349,1790362729.587,1790362809.323,1.213,demo_booking,customer_hangup,0.0
1790362725,32,1b147bb2-5309-4bab-983a-0f34b3e4c112,2,paired,short,finalizada,,,2.8714554290054366,3.455873730592363,10.608,0.38,1790362754.732,1790362765.34,1.001,0.653,0.348,0.611,2.291,,0.091,6.18,,1.703,1790362729.587,1790362809.323,1.819,demo_booking,customer_hangup,0.0
1790362725,32,1b147bb2-5309-4bab-983a-0f34b3e4c112,3,paired,medium,finalizada,,,4.151721944013843,3.804860240272481,14.621,2.24,1790362768.797,1790362783.417,0.832,0.815,0.016,0.277,2.404,,0.09,7.05,,1.198,1790362729.587,1790362809.323,3.314,demo_booking,customer_hangup,0.0
1790362725,32,1b147bb2-5309-4bab-983a-0f34b3e4c112,4,paired,medium,finalizada,,,2.231932954979129,2.096853597705619,9.321,2.12,1790362787.222,1790362796.543,0.523,0.508,0.015,0.238,1.192,,0.129,3.78,,0.89,1790362729.587,1790362809.323,1.11,demo_booking,customer_hangup,0.0
1790362725,32,1b147bb2-5309-4bab-983a-0f34b3e4c112,5,paired,short,finalizada,,,2.8516018299851567,1.9429047014152308,8.734,1.0,1790362798.641,1790362807.375,1.0,0.475,0.526,0.399,1.403,,0.157,3.7,,1.556,1790362729.587,1790362809.323,1.398,demo_booking,customer_hangup,0.0
1790362725,32,147c8994-c0bf-4c96-9fec-ccbcdda0d7b6,0,paired,medium,finalizada,,,3.0463088690012228,2.2754954634288476,11.515,2.24,1790362738.282,1790362749.797,1.061,1.042,0.019,0.567,1.773,,0.153,5.06,,1.781,1790362729.896,1790362815.169,1.937,demo_booking,customer_hangup,0.0
1790362725,32,147c8994-c0bf-4c96-9fec-ccbcdda0d7b6,1,paired,short,finalizada,,,2.566026355023496,1.2938365351284904,7.33,0.48,1790362752.073,1790362759.403,0.587,0.572,0.015,0.408,1.038,,0.134,3.37,,1.129,1790362729.896,1790362815.169,1.747,demo_booking,customer_hangup,0.0
1790362725,32,147c8994-c0bf-4c96-9fec-ccbcdda0d7b6,2,paired,short,finalizada,,,2.306742880027741,3.3456411288755477,7.457,0.32,1790362760.697,1790362768.154,1.0,0.418,0.583,0.198,1.094,,0.067,3.69,,1.265,1790362729.896,1790362815.169,1.582,demo_booking,customer_hangup,0.0
1790362725,32,147c8994-c0bf-4c96-9fec-ccbcdda0d7b6,3,paired,short,finalizada,,,2.706121474999236,5.158130831134495,7.582,0.32,1790362771.5,1790362779.083,1.002,0.427,0.575,0.323,1.389,,0.113,3.61,,1.438,1790362729.896,1790362815.169,1.934,demo_booking,customer_hangup,0.0
1790362725,32,147c8994-c0bf-4c96-9fec-ccbcdda0d7b6,4,paired,long,finalizada,,,2.866446296015056,7.882768863527492,12.643,3.06,1790362784.242,1790362796.885,0.669,0.655,0.014,0.228,1.066,,0.102,5.53,,0.999,1790362729.896,1790362815.169,1.828,demo_booking,customer_hangup,0.0
1790362725,32,147c8994-c0bf-4c96-9fec-ccbcdda0d7b6,5,paired,short,finalizada,,,2.0661381389945745,3.6847494588825014,6.711,0.32,1790362804.768,1790362811.479,1.001,0.471,0.53,0.23,0.827,,0.045,3.29,,1.276,1790362729.896,1790362815.169,1.347,demo_booking,customer_hangup,0.0
1790362725,32,030eb3bd-75b6-49f5-b7a5-264bad628555,0,paired,medium,finalizada,,,2.134637223993195,2.523431149525925,11.412,2.12,1790362738.324,1790362749.736,0.569,0.55,0.019,0.226,1.955,,0.138,6.02,,0.932,1790362730.143,1790362824.564,1.165,demo_booking,customer_hangup,0.0
1790362725,32,030eb3bd-75b6-49f5-b7a5-264bad628555,1,paired,long,finalizada,,,3.374205173982773,5.892085786140745,9.742,3.06,1790362752.26,1790362762.002,0.693,0.678,0.015,0.403,1.491,,0.144,2.09,,1.24,1790362730.143,1790362824.564,2.317,demo_booking,customer_hangup,0.0
1790362725,32,030eb3bd-75b6-49f5-b7a5-264bad628555,2,paired,long,finalizada,,,2.7739348280010745,1.7527309601366952,9.314,3.06,1790362767.895,1790362777.208,0.59,0.56,0.03,0.29,1.259,,0.104,2.41,,0.983,1790362730.143,1790362824.564,1.929,demo_booking,customer_hangup,0.0
1790362725,32,030eb3bd-75b6-49f5-b7a5-264bad628555,3,paired,long,finalizada,,,3.0145297879935242,6.531995457580852,10.168,3.52,1790362778.962,1790362789.13,0.579,0.566,0.013,0.427,1.279,,0.141,2.97,,1.147,1790362730.143,1790362824.564,1.989,demo_booking,customer_hangup,0.0
1790362725,32,030eb3bd-75b6-49f5-b7a5-264bad628555,4,paired,short,finalizada,,,2.954180783999618,2.7413338376088072,7.777,1.0,1790362795.663,1790362803.44,1.002,0.415,0.587,0.411,1.574,,0.1,2.65,,1.512,1790362730.143,1790362824.564,2.092,demo_booking,customer_hangup,0.0
1790362725,32,030eb3bd-75b6-49f5-b7a5-264bad628555,5,paired,long,finalizada,,,2.4342031499836594,8.18989801811826,10.184,3.52,1790362806.182,1790362816.367,0.649,0.632,0.016,0.245,1.002,,0.074,2.97,,0.968,1790362730.143,1790362824.564,1.712,demo_booking,customer_hangup,0.0
1790362725,32,7db37b99-3667-4ad3-b98c-45bf74c525a1,0,paired,medium,finalizada,,,3.4395095809886698,2.4241437937149652,9.108,2.24,1790362738.818,1790362747.925,0.737,0.717,0.02,0.414,1.381,,0.183,2.25,,1.333,1790362730.393,1790362812.008,2.284,demo_booking,customer_hangup,0.0
1790362725,32,7db37b99-3667-4ad3-b98c-45bf74c525a1,1,paired,long,finalizada,,,3.1396116400137544,2.223107555619692,10.222,3.52,1790362750.35,1790362760.572,0.597,0.582,0.015,0.43,1.335,,0.128,2.49,,1.155,1790362730.393,1790362812.008,2.05,demo_booking,customer_hangup,0.0
1790362725,32,7db37b99-3667-4ad3-b98c-45bf74c525a1,2,paired,short,finalizada,,,2.2807472739950754,3.5243589771183004,8.367,0.38,1790362762.796,1790362771.163,1.0,0.622,0.378,0.276,1.127,,0.119,4.5,,1.395,1790362730.393,1790362812.008,1.32,demo_booking,customer_hangup,0.0
1790362725,32,7db37b99-3667-4ad3-b98c-45bf74c525a1,3,paired,medium,finalizada,,,2.4414715620223433,3.046775174719005,12.597,2.6,1790362774.688,1790362787.285,0.529,0.515,0.014,0.228,1.126,,0.061,6.41,,0.819,1790362730.393,1790362812.008,1.705,demo_booking,customer_hangup,0.0
1790362725,32,7db37b99-3667-4ad3-b98c-45bf74c525a1,4,paired,medium,finalizada,,,2.400897168001393,2.1175381811743543,7.685,2.24,1790362790.333,1790362798.017,0.541,0.527,0.014,0.436,1.028,,0.103,1.85,,1.08,1790362730.393,1790362812.008,1.662,demo_booking,customer_hangup,0.0
1790362725,32,7db37b99-3667-4ad3-b98c-45bf74c525a1,5,paired,short,finalizada,,,3.1193154490028974,1.0,10.868,0.32,1790362800.135,1790362811.004,1.0,0.563,0.438,0.29,1.346,,0.164,6.25,,1.455,1790362730.393,1790362812.008,2.094,demo_booking,customer_hangup,0.0
1790362725,32,2581e3f2-9cca-42ec-9d88-d6fe9cb47408,0,paired,short,finalizada,,,1.7332538579939865,6.264862184188625,7.598,0.32,1790362739.605,1790362747.203,1.001,0.429,0.571,0.216,1.649,,0.132,4.42,,1.349,1790362730.644,1790362819.771,1.138,demo_booking,customer_hangup,0.0
1790362725,32,2581e3f2-9cca-42ec-9d88-d6fe9cb47408,1,paired,short,finalizada,,,2.653965331002837,2.6734449815269246,11.255,1.0,1790362753.468,1790362764.723,1.001,0.455,0.546,0.34,2.005,,0.167,6.42,,1.508,1790362730.644,1790362819.771,1.661,demo_booking,customer_hangup,0.0
1790362725,32,2581e3f2-9cca-42ec-9d88-d6fe9cb47408,2,paired,medium,finalizada,,,1.6936068020004313,2.027448433383294,11.891,2.6,1790362767.397,1790362779.288,0.556,0.537,0.019,0.289,1.722,,0.112,6.35,,0.956,1790362730.644,1790362819.771,1.061,demo_booking,customer_hangup,0.0
1790362725,32,2581e3f2-9cca-42ec-9d88-d6fe9cb47408,3,paired,short,finalizada,,,3.3338825659884606,1.9095618577139848,11.303,1.0,1790362781.316,1790362792.619,1.001,0.697,0.304,0.379,1.424,,0.129,7.13,,1.51,1790362730.644,1790362819.771,2.255,demo_booking,customer_hangup,0.0
1790362725,32,2581e3f2-9cca-42ec-9d88-d6fe9cb47408,4,paired,long,finalizada,,,3.773947225010488,1.0,13.598,3.06,1790362794.529,1790362808.127,0.486,0.472,0.014,0.437,1.936,,0.135,5.53,,1.059,1790362730.644,1790362819.771,2.548,demo_booking,customer_hangup,0.0
1790362725,32,2581e3f2-9cca-42ec-9d88-d6fe9cb47408,5,paired,short,finalizada,,,2.63329300301848,1.150217475057825,9.488,0.48,1790362809.127,1790362818.615,0.45,0.434,0.016,0.267,1.259,,0.076,5.13,,0.793,1790362730.644,1790362819.771,1.772,demo_booking,customer_hangup,0.0
1790362725,32,dc0ad880-b53a-4b36-acfa-47a830cf674d,0,paired,medium,finalizada,,,2.318768591998378,2.664735781003539,11.951,2.6,1790362742.389,1790362754.34,0.57,0.553,0.016,0.364,1.651,,0.111,5.86,,1.045,1790362731.098,1790362820.434,1.335,demo_booking,customer_hangup,0.0
1790362725,32,dc0ad880-b53a-4b36-acfa-47a830cf674d,1,paired,short,finalizada,,,3.2986258559976704,1.116289184852202,9.857,0.48,1790362757.005,1790362766.862,0.511,0.496,0.015,0.362,1.738,,0.114,4.89,,0.987,1790362731.098,1790362820.434,2.352,demo_booking,customer_hangup,0.0
1790362725,32,dc0ad880-b53a-4b36-acfa-47a830cf674d,2,paired,short,finalizada,,,3.599042259011185,4.076632938360989,10.719,0.48,1790362767.979,1790362778.698,0.455,0.438,0.017,0.325,2.134,,0.116,6.41,,0.896,1790362731.098,1790362820.434,2.693,demo_booking,customer_hangup,0.0
1790362725,32,dc0ad880-b53a-4b36-acfa-47a830cf674d,3,paired,short,finalizada,,,2.9987136640120298,1.616596604783101,8.435,0.32,1790362782.776,1790362791.211,1.0,0.434,0.567,0.332,1.373,,0.106,4.17,,1.438,1790362731.098,1790362820.434,1.916,demo_booking,customer_hangup,0.0
1790362725,32,dc0ad880-b53a-4b36-acfa-47a830cf674d,4,paired,long,finalizada,,,3.99860751000233,4.13808499155062,14.986,3.52,1790362792.827,1790362807.813,0.635,0.608,0.027,0.523,2.168,,0.104,6.49,,1.262,1790362731.098,1790362820.434,2.888,demo_booking,customer_hangup,0.0
1790362725,32,dc0ad880-b53a-4b36-acfa-47a830cf674d,5,paired,short,finalizada,,,2.098656412010314,1.733210032609585,6.744,1.0,1790362811.952,1790362818.696,1.001,0.448,0.553,0.335,0.839,,0.075,2.49,,1.411,1790362731.098,1790362820.434,1.365,demo_booking,customer_hangup,0.0
1790362725,32,cabe65d9-0738-45e3-a7b8-9b93ba440c9e,0,paired,medium,finalizada,,,3.962082758982433,3.720517720009269,12.284,2.12,1790362740.315,1790362752.599,0.544,0.526,0.018,0.489,2.194,,0.116,5.05,,1.149,1790362731.345,1790362824.508,2.84,demo_booking,customer_hangup,0.0
1790362725,32,cabe65d9-0738-45e3-a7b8-9b93ba440c9e,1,paired,short,finalizada,,,3.422245959023712,1.0,13.869,0.32,1790362756.32,1790362770.189,1.001,0.43,0.571,0.283,2.113,,0.08,8.89,,1.364,1790362731.345,1790362824.508,2.626,demo_booking,customer_hangup,0.0
1790362725,32,cabe65d9-0738-45e3-a7b8-9b93ba440c9e,2,paired,short,finalizada,,,2.462016481993487,1.7619944856576528,5.408,0.38,1790362771.19,1790362776.598,1.001,0.586,0.415,0.444,1.194,,0.079,1.37,,1.523,1790362731.345,1790362824.508,1.862,demo_booking,customer_hangup,0.0
1790362725,32,cabe65d9-0738-45e3-a7b8-9b93ba440c9e,3,paired,medium,finalizada,,,3.342305933998432,3.4225272311304686,11.907,2.12,1790362778.361,1790362790.268,0.507,0.494,0.014,0.229,1.706,,0.092,5.45,,0.828,1790362731.345,1790362824.508,2.295,demo_booking,customer_hangup,0.0
1790362725,32,cabe65d9-0738-45e3-a7b8-9b93ba440c9e,4,paired,medium,finalizada,,,3.4620712159958202,4.456245743206803,10.983,2.6,1790362793.691,1790362804.674,0.705,0.683,0.022,0.527,1.804,,0.089,3.69,,1.321,1790362731.345,1790362824.508,2.581,demo_booking,customer_hangup,0.0
1790362725,32,cabe65d9-0738-45e3-a7b8-9b93ba440c9e,5,paired,long,finalizada,,,2.66252586999326,2.6662881087181747,12.705,3.52,1790362809.132,1790362821.836,0.581,0.567,0.014,0.246,1.269,,0.087,5.37,,0.914,1790362731.345,1790362824.508,1.926,demo_booking,customer_hangup,0.0
1790362725,32,4ef37423-a4d7-4829-af2f-c78dbce5ff6b,0,paired,short,finalizada,,,4.160002457007067,4.642705581906853,26.468,1.0,1790362740.107,1790362766.575,0.7,0.681,0.019,0.398,3.352,,0.157,20.91,,1.255,1790362731.594,1790362836.264,2.802,demo_booking,customer_hangup,0.0
1790362725,32,4ef37423-a4d7-4829-af2f-c78dbce5ff6b,1,paired,medium,finalizada,,,3.7999400070111733,3.198616392105018,10.288,2.12,1790362771.219,1790362781.507,0.681,0.668,0.013,0.458,1.933,,0.113,3.21,,1.252,1790362731.594,1790362836.264,2.717,demo_booking,customer_hangup,0.0
1790362725,32,4ef37423-a4d7-4829-af2f-c78dbce5ff6b,2,paired,medium,finalizada,,,2.6397946309880354,2.1317158319219875,10.502,2.24,1790362784.706,1790362795.208,0.537,0.52,0.016,0.323,1.121,,0.111,4.41,,0.971,1790362731.594,1790362836.264,1.755,demo_booking,customer_hangup,0.0
1790362725,32,4ef37423-a4d7-4829-af2f-c78dbce5ff6b,3,paired,short,finalizada,,,3.2802989470073953,4.951499351323517,8.912,1.0,1790362797.34,1790362806.252,0.484,0.472,0.013,0.319,1.363,,0.106,3.45,,0.91,1790362731.594,1790362836.264,1.945,demo_booking,customer_hangup,0.0
1790362725,32,4ef37423-a4d7-4829-af2f-c78dbce5ff6b,4,paired,short,finalizada,,,2.5398789399769157,6.027507938254493,7.243,0.48,1790362811.206,1790362818.449,1.001,0.627,0.374,0.333,1.022,,0.073,3.45,,1.407,1790362731.594,1790362836.264,1.743,demo_booking,customer_hangup,0.0
1790362725,32,4ef37423-a4d7-4829-af2f-c78dbce5ff6b,5,paired,short,finalizada,,,1.859668610006338,5.189575591960031,6.591,0.48,1790362824.478,1790362831.068,0.4,0.372,0.029,0.205,0.704,,0.042,3.45,,0.647,1790362731.594,1790362836.264,1.12,demo_booking,customer_hangup,0.0
1790362725,32,835bb1ae-82fb-4173-9896-959fda52f4d7,0,paired,short,finalizada,,,2.8685616519942414,1.0,10.163,0.38,1790362740.398,1790362750.561,1.004,0.986,0.018,0.398,2.006,,0.123,5.7,,1.525,1790362731.844,1790362809.723,1.744,demo_booking,customer_hangup,0.0
1790362725,32,835bb1ae-82fb-4173-9896-959fda52f4d7,1,paired,medium,finalizada,,,3.8287312220199965,2.681975650620555,12.317,2.12,1790362751.562,1790362763.879,0.535,0.515,0.021,0.645,2.242,,0.117,5.21,,1.297,1790362731.844,1790362809.723,2.877,demo_booking,customer_hangup,0.0
1790362725,32,835bb1ae-82fb-4173-9896-959fda52f4d7,2,paired,short,finalizada,,,3.1091968700056896,1.7656328503068008,10.632,0.48,1790362766.562,1790362777.193,0.52,0.504,0.015,0.348,1.631,,0.104,5.93,,0.972,1790362731.844,1790362809.723,2.243,demo_booking,customer_hangup,0.0
1790362725,32,835bb1ae-82fb-4173-9896-959fda52f4d7,3,paired,short,finalizada,,,3.069243030011421,2.008053893858562,10.606,0.48,1790362778.96,1790362789.566,0.609,0.596,0.013,0.257,1.476,,0.118,6.25,,0.984,1790362731.844,1790362809.723,2.194,demo_booking,customer_hangup,0.0
1790362725,32,835bb1ae-82fb-4173-9896-959fda52f4d7,4,paired,long,finalizada,,,2.1891303000156768,1.2182849114616818,8.913,3.52,1790362791.575,1790362800.488,0.6,0.585,0.016,0.264,0.762,,0.047,2.09,,0.911,1790362731.844,1790362809.723,1.396,demo_booking,customer_hangup,0.0
1790362725,32,835bb1ae-82fb-4173-9896-959fda52f4d7,5,paired,short,finalizada,,,2.669569819001481,1.8429185591043886,6.168,0.38,1790362801.707,1790362807.875,1.001,0.506,0.495,0.27,1.03,,0.124,1.93,,1.394,1790362731.844,1790362809.723,1.662,demo_booking,customer_hangup,0.0
1790362725,32,8cfbb9ce-c20c-4784-8b03-a36b7a0dd7b8,0,paired,short,finalizada,,,3.8378650929953437,3.352836204463631,11.238,1.0,1790362740.869,1790362752.107,1.0,0.496,0.505,0.253,2.096,,0.134,5.13,,1.387,1790362732.262,1790362822.245,2.73,demo_booking,customer_hangup,0.0
1790362725,32,8cfbb9ce-c20c-4784-8b03-a36b7a0dd7b8,1,paired,short,finalizada,,,2.077671637001913,2.2813636671560866,11.64,0.32,1790362755.46,1790362767.1,1.0,0.435,0.565,0.237,2.192,,0.103,8.02,,1.341,1790362732.262,1790362822.245,1.106,demo_booking,customer_hangup,0.0
1790362725,32,8cfbb9ce-c20c-4784-8b03-a36b7a0dd7b8,2,paired,long,finalizada,,,2.077965778997168,6.431069968678348,11.066,3.52,1790362769.382,1790362780.448,0.578,0.562,0.016,0.307,1.967,,0.079,4.26,,0.964,1790362732.262,1790362822.245,1.371,demo_booking,customer_hangup,0.0
1790362725,32,8cfbb9ce-c20c-4784-8b03-a36b7a0dd7b8,3,paired,long,finalizada,,,2.877836909989128,2.127048942076329,10.018,3.06,1790362786.88,1790362796.898,0.749,0.733,0.015,0.307,1.001,,0.156,2.89,,1.211,1790362732.262,1790362822.245,1.893,demo_booking,customer_hangup,0.0
1790362725,32,8cfbb9ce-c20c-4784-8b03-a36b7a0dd7b8,4,paired,short,finalizada,,,3.677648532000603,3.053320510992821,8.075,0.48,1790362799.025,1790362807.1,0.519,0.472,0.048,0.491,1.508,,0.152,2.73,,1.163,1790362732.262,1790362822.245,2.162,demo_booking,customer_hangup,0.0
1790362725,32,8cfbb9ce-c20c-4784-8b03-a36b7a0dd7b8,5,paired,long,finalizada,,,2.6173316440253984,1.9121343542732039,10.174,3.52,1790362810.154,1790362820.328,0.587,0.574,0.012,0.303,1.24,,0.076,2.89,,0.966,1790362732.262,1790362822.245,1.894,demo_booking,customer_hangup,0.0
1790362725,32,b314b1f2-5258-485b-b281-fcc72d26dbea,0,paired,medium,finalizada,,,4.094873487978475,6.322981802501229,13.125,2.6,1790362740.992,1790362754.116,0.742,0.727,0.015,0.415,2.044,,0.151,5.21,,1.308,1790362732.508,1790362834.935,2.926,demo_booking,customer_hangup,0.0
1790362725,32,b314b1f2-5258-485b-b281-fcc72d26dbea,1,paired,medium,finalizada,,,3.3150995630130637,3.9550697992827177,12.196,2.6,1790362760.44,1790362772.636,1.0,0.634,0.366,0.377,1.724,,0.09,5.61,,1.468,1790362732.508,1790362834.935,2.451,demo_booking,customer_hangup,0.0
1790362725,32,b314b1f2-5258-485b-b281-fcc72d26dbea,2,paired,medium,finalizada,,,2.6545445100055076,5.154615848804979,10.923,2.12,1790362776.592,1790362787.515,0.501,0.487,0.015,0.314,1.251,,0.092,4.97,,0.907,1790362732.508,1790362834.935,1.833,demo_booking,customer_hangup,0.0
1790362725,32,b314b1f2-5258-485b-b281-fcc72d26dbea,3,paired,short,finalizada,,,1.835001935978653,2.69149190119459,10.09,0.38,1790362792.671,1790362802.761,1.001,0.415,0.586,0.223,1.266,,0.079,6.66,,1.303,1790362732.508,1790362834.935,1.084,demo_booking,customer_hangup,0.0
1790362725,32,b314b1f2-5258-485b-b281-fcc72d26dbea,4,paired,medium,finalizada,,,2.4147823179955594,5.820419823175135,10.908,2.12,1790362805.453,1790362816.361,0.515,0.5,0.015,0.216,1.142,,0.044,5.13,,0.775,1790362732.508,1790362834.935,1.689,demo_booking,customer_hangup,0.0
1790362725,32,b314b1f2-5258-485b-b281-fcc72d26dbea,5,paired,short,finalizada,,,2.1351840309798717,3.016499611143801,9.73,0.48,1790362822.183,1790362831.913,0.401,0.368,0.033,0.219,1.022,,0.046,6.17,,0.666,1790362732.508,1790362834.935,1.439,demo_booking,customer_hangup,0.0
1790362725,32,dacb38f4-4aa2-4d37-86d4-1462492e1a59,0,paired,medium,finalizada,,,2.331820721999975,8.4457619784857,12.048,2.24,1790362741.796,1790362753.844,0.524,0.51,0.015,0.345,2.006,,0.138,6.27,,1.007,1790362732.757,1790362822.0,1.185,demo_booking,customer_hangup,0.0
1790362725,32,dacb38f4-4aa2-4d37-86d4-1462492e1a59,1,paired,long,finalizada,,,2.3311919890111312,2.9605567771852606,9.709,3.06,1790362762.291,1790362771.999,0.581,0.567,0.014,0.205,0.93,,0.079,3.29,,0.864,1790362732.757,1790362822.0,1.579,demo_booking,customer_hangup,0.0
1790362725,32,dacb38f4-4aa2-4d37-86d4-1462492e1a59,2,paired,medium,finalizada,,,2.1909704499994405,1.2073321648382997,9.083,2.6,1790362774.961,1790362784.044,0.532,0.519,0.013,0.219,0.861,,0.069,3.05,,0.82,1790362732.757,1790362822.0,1.454,demo_booking,customer_hangup,0.0
1790362725,32,dacb38f4-4aa2-4d37-86d4-1462492e1a59,3,paired,short,finalizada,,,2.4711802569800057,1.440528121590891,7.742,0.48,1790362785.252,1790362792.993,0.461,0.446,0.015,0.214,1.006,,0.13,3.77,,0.805,1790362732.757,1790362822.0,1.587,demo_booking,customer_hangup,0.0
1790362725,32,dacb38f4-4aa2-4d37-86d4-1462492e1a59,4,paired,medium,finalizada,,,3.8516498919925652,1.5043821297489317,12.398,2.12,1790362794.434,1790362806.832,0.462,0.447,0.015,0.467,2.084,,0.104,5.29,,1.033,1790362732.757,1790362822.0,2.639,demo_booking,customer_hangup,0.0
1790362725,32,dacb38f4-4aa2-4d37-86d4-1462492e1a59,5,paired,medium,finalizada,,,2.5715357850131113,2.7154158205318537,10.941,2.12,1790362808.337,1790362819.279,0.472,0.459,0.013,0.277,1.112,,0.097,5.05,,0.846,1790362732.757,1790362822.0,1.672,demo_booking,customer_hangup,0.0
1790362725,32,a14ae34d-ec61-44d0-89ca-c993ad1c6e73,0,paired,short,finalizada,,,2.540800897986628,1.4653391167845928,9.749,0.38,1790362741.485,1790362751.235,1.0,0.544,0.456,0.355,2.232,,0.173,5.62,,1.529,1790362733.007,1790362834.655,1.395,demo_booking,customer_hangup,0.0
1790362725,32,a14ae34d-ec61-44d0-89ca-c993ad1c6e73,1,paired,long,finalizada,,,3.4614118239842355,3.2874863168523096,12.732,3.52,1790362752.701,1790362765.433,0.618,0.603,0.015,0.414,1.942,,0.085,4.73,,1.117,1790362733.007,1790362834.655,2.634,demo_booking,customer_hangup,0.0
1790362725,32,a14ae34d-ec61-44d0-89ca-c993ad1c6e73,2,paired,medium,finalizada,,,4.121342090016697,3.8894601311384065,12.157,2.6,1790362768.721,1790362780.879,0.828,0.812,0.017,0.502,2.123,,0.08,5.05,,1.41,1790362733.007,1790362834.655,3.018,demo_booking,customer_hangup,0.0
1790362725,32,a14ae34d-ec61-44d0-89ca-c993ad1c6e73,3,paired,long,finalizada,,,2.08117736101849,3.4822991116228974,8.382,3.06,1790362784.768,1790362793.151,0.629,0.612,0.016,0.258,1.288,,0.083,8.18,,0.97,1790362733.007,1790362834.655,1.116,demo_booking,customer_hangup,0.0
1790362725,32,a14ae34d-ec61-44d0-89ca-c993ad1c6e73,4,paired,long,finalizada,,,2.5603551609965507,10.0,13.201,3.52,1790362796.634,1790362809.834,0.548,0.547,0.002,0.484,1.604,,0.165,5.86,,1.197,1790362733.007,1790362834.655,1.391,demo_booking,customer_hangup,0.0
1790362725,32,a14ae34d-ec61-44d0-89ca-c993ad1c6e73,5,paired,long,finalizada,,,1.4613292010035366,2.6544193713885376,12.16,3.06,1790362819.835,1790362831.996,0.404,0.393,0.011,0.235,1.072,,0.044,6.42,,0.683,1790362733.007,1790362834.655,0.821,demo_booking,customer_hangup,0.0
1790362725,32,e1033e15-e57d-4585-a0d9-281d55296550,0,paired,long,finalizada,,,2.5999520210025366,1.0,24.464,3.52,1790362741.93,1790362766.394,0.574,0.555,0.019,0.353,2.362,,0.194,17.15,,1.122,1790362733.186,1790362826.819,1.524,demo_booking,customer_hangup,0.0
1790362725,32,e1033e15-e57d-4585-a0d9-281d55296550,1,paired,short,finalizada,,,3.5401364950230345,3.1462007080917314,10.577,0.38,1790362767.395,1790362777.972,1.001,0.543,0.457,0.23,1.91,,0.145,5.45,,1.376,1790362733.186,1790362826.819,2.602,demo_booking,customer_hangup,0.0
1790362725,32,e1033e15-e57d-4585-a0d9-281d55296550,2,paired,short,finalizada,,,3.2397856889874674,4.961744278646405,8.0,0.48,1790362781.119,1790362789.118,0.548,0.536,0.012,0.39,1.564,,0.135,3.13,,1.073,1790362733.186,1790362826.819,2.238,demo_booking,customer_hangup,0.0
1790362725,32,e1033e15-e57d-4585-a0d9-281d55296550,3,paired,short,finalizada,,,2.060340319003444,1.2026367560004487,6.913,0.38,1790362794.081,1790362800.993,1.001,0.416,0.584,0.238,0.839,,0.073,3.29,,1.311,1790362733.186,1790362826.819,1.332,demo_booking,customer_hangup,0.0
1790362725,32,e1033e15-e57d-4585-a0d9-281d55296550,4,paired,short,finalizada,,,2.7205293480074033,3.826227290329317,7.844,0.48,1790362802.196,1790362810.04,0.494,0.48,0.014,0.305,1.007,,0.121,3.45,,0.92,1790362733.186,1790362826.819,1.611,demo_booking,customer_hangup,0.0
1790362725,32,e1033e15-e57d-4585-a0d9-281d55296550,5,paired,short,finalizada,,,2.3395788700145204,2.890024297990037,10.056,1.0,1790362813.868,1790362823.924,1.001,0.448,0.552,0.271,1.165,,0.047,5.53,,1.319,1790362733.186,1790362826.819,1.664,demo_booking,customer_hangup,0.0
1790362725,32,4c596db1-4446-4acd-8e81-3ff62c3de8bc,0,paired,short,finalizada,,,4.108084498991957,2.2862435934720198,10.391,0.38,1790362742.57,1790362752.962,1.0,0.45,0.55,0.659,2.29,,0.128,5.05,,1.788,1790362733.43,1790362819.73,2.871,demo_booking,customer_hangup,0.0
1790362725,32,4c596db1-4446-4acd-8e81-3ff62c3de8bc,1,paired,long,finalizada,,,2.5692861049901694,2.570930009217696,10.01,3.52,1790362755.249,1790362765.259,0.541,0.528,0.013,0.218,1.082,,0.1,2.89,,0.859,1790362733.43,1790362819.73,1.714,demo_booking,customer_hangup,0.0
1790362725,32,4c596db1-4446-4acd-8e81-3ff62c3de8bc,2,paired,short,finalizada,,,3.3084274500142783,2.895744173567564,9.739,0.32,1790362767.831,1790362777.57,1.0,0.425,0.575,0.231,1.905,,0.122,4.97,,1.354,1790362733.43,1790362819.73,2.456,demo_booking,customer_hangup,0.0
1790362725,32,4c596db1-4446-4acd-8e81-3ff62c3de8bc,3,paired,short,finalizada,,,2.4282127030019183,2.8729350943555305,11.108,0.32,1790362780.466,1790362791.574,1.002,0.411,0.591,0.375,1.691,,0.089,7.06,,1.465,1790362733.43,1790362819.73,1.637,demo_booking,customer_hangup,0.0
1790362725,32,4c596db1-4446-4acd-8e81-3ff62c3de8bc,4,paired,long,finalizada,,,4.009469145996263,2.1121780234957823,13.092,3.52,1790362794.448,1790362807.54,0.742,0.726,0.017,0.414,1.749,,0.167,4.33,,1.323,1790362733.43,1790362819.73,2.646,demo_booking,customer_hangup,0.0
1790362725,32,4c596db1-4446-4acd-8e81-3ff62c3de8bc,5,paired,short,finalizada,,,2.369365866004955,2.5506905758021157,7.52,0.38,1790362809.653,1790362817.173,1.0,0.451,0.55,0.243,0.968,,0.079,3.61,,1.323,1790362733.43,1790362819.73,1.501,demo_booking,customer_hangup,0.0
1790362725,32,0607f0c0-02c1-419d-84c1-01b8413f298b,0,paired,medium,finalizada,,,2.397941692994209,2.2472209430105647,28.787,2.6,1790362742.281,1790362771.068,0.528,0.511,0.017,0.457,2.819,,0.173,22.6,,1.158,1790362733.68,1790362826.735,1.343,demo_booking,customer_hangup,0.0
1790362725,32,0607f0c0-02c1-419d-84c1-01b8413f298b,1,paired,short,finalizada,,,3.7389221280172933,2.66650882106636,8.044,0.38,1790362773.316,1790362781.36,1.0,0.442,0.558,0.553,2.108,,0.126,2.73,,1.679,1790362733.68,1790362826.735,2.678,demo_booking,customer_hangup,0.0
1790362725,32,0607f0c0-02c1-419d-84c1-01b8413f298b,2,paired,long,finalizada,,,2.177936877007596,1.1787465101873713,12.525,3.06,1790362784.028,1790362796.553,0.638,0.621,0.017,0.264,1.163,,0.177,6.1,,1.079,1790362733.68,1790362826.735,1.335,demo_booking,customer_hangup,0.0
1790362725,32,0607f0c0-02c1-419d-84c1-01b8413f298b,3,paired,short,finalizada,,,3.3788300690066535,2.219369062615921,8.221,1.0,1790362797.733,1790362805.954,1.001,0.441,0.56,0.307,1.446,,0.151,2.65,,1.459,1790362733.68,1790362826.735,2.041,demo_booking,customer_hangup,0.0
1790362725,32,0607f0c0-02c1-419d-84c1-01b8413f298b,4,paired,short,finalizada,,,2.2788553790014703,2.0362705252465854,6.967,0.38,1790362808.174,1790362815.142,1.001,0.374,0.627,0.248,0.963,,0.073,3.13,,1.322,1790362733.68,1790362826.735,1.426,demo_booking,customer_hangup,0.0
1790362725,32,0607f0c0-02c1-419d-84c1-01b8413f298b,5,paired,short,finalizada,,,1.9786971980065573,2.744114837648868,6.807,0.32,1790362817.178,1790362823.986,1.0,0.424,0.576,0.245,0.778,,0.068,3.77,,1.313,1790362733.68,1790362826.735,1.273,demo_booking,customer_hangup,0.0
1790362725,32,45473d64-3571-4a69-a042-9a99b501a56e,0,paired,short,finalizada,,,2.413549864984816,3.8657617763019703,8.398,0.32,1790362742.717,1790362751.115,1.001,0.538,0.463,0.54,1.602,,0.178,4.5,,1.719,1790362733.93,1790362834.991,1.417,demo_booking,customer_hangup,0.0
1790362725,32,45473d64-3571-4a69-a042-9a99b501a56e,1,paired,short,finalizada,,,3.3535434280056506,10.0,7.23,0.38,1790362754.982,1790362762.212,1.002,0.645,0.356,0.403,1.3,,0.098,2.49,,1.503,1790362733.93,1790362834.991,2.047,demo_booking,customer_hangup,0.0
1790362725,32,45473d64-3571-4a69-a042-9a99b501a56e,2,paired,short,finalizada,,,4.433518633974018,4.317461384846752,12.23,1.0,1790362772.213,1790362784.443,1.0,0.577,0.424,0.37,2.638,,0.144,5.61,,1.514,1790362733.93,1790362834.991,3.365,demo_booking,customer_hangup,0.0
1790362725,32,45473d64-3571-4a69-a042-9a99b501a56e,3,paired,long,finalizada,,,2.2937032519839704,1.929678766077928,10.992,3.06,1790362788.761,1790362799.753,0.565,0.552,0.013,0.23,0.912,,0.084,4.49,,0.879,1790362733.93,1790362834.991,1.551,demo_booking,customer_hangup,0.0
1790362725,32,45473d64-3571-4a69-a042-9a99b501a56e,4,paired,short,finalizada,,,1.993663772009313,1.618700575280045,12.037,0.32,1790362801.684,1790362813.72,1.001,0.478,0.523,0.354,1.518,,0.135,8.5,,1.49,1790362733.93,1790362834.991,1.141,demo_booking,customer_hangup,0.0
1790362725,32,45473d64-3571-4a69-a042-9a99b501a56e,5,paired,short,finalizada,,,1.8534034359909128,6.422935875874698,13.222,0.32,1790362815.34,1790362828.562,1.001,0.448,0.552,0.241,1.186,,0.079,9.78,,1.321,1790362733.93,1790362834.991,1.082,demo_booking,customer_hangup,0.0
1790362725,48,712637f5-c87d-4df3-b3c5-8db241c9cf18,0,paired,medium,finalizada,,,3.3161817739892285,6.4743963408234,14.504,2.6,1790362851.723,1790362866.227,0.912,0.895,0.018,0.283,2.081,,0.208,7.38,,1.402,1790362841.191,1790362938.985,1.911,demo_booking,customer_hangup,0.0
1790362725,48,712637f5-c87d-4df3-b3c5-8db241c9cf18,1,paired,short,finalizada,,,3.136232265009312,4.9884717772693,8.799,0.32,1790362872.703,1790362881.501,1.001,0.433,0.569,0.222,1.44,,0.105,4.09,,1.328,1790362841.191,1790362938.985,1.981,demo_booking,customer_hangup,0.0
1790362725,48,712637f5-c87d-4df3-b3c5-8db241c9cf18,2,paired,short,finalizada,,,5.136562572006369,1.0,10.871,0.32,1790362886.49,1790362897.361,1.001,0.429,0.571,0.821,3.322,,0.16,4.17,,1.982,1790362841.191,1790362938.985,3.916,demo_booking,customer_hangup,0.0
1790362725,48,712637f5-c87d-4df3-b3c5-8db241c9cf18,3,paired,medium,finalizada,,,5.596391605009558,1.4704915829254723,12.827,2.12,1790362898.362,1790362911.189,0.76,0.731,0.029,0.737,3.435,,0.16,3.93,,1.657,1790362841.191,1790362938.985,4.334,demo_booking,customer_hangup,0.0
1790362725,48,712637f5-c87d-4df3-b3c5-8db241c9cf18,4,paired,short,finalizada,,,3.8359194670047145,3.085203505034424,9.9,0.38,1790362912.66,1790362922.56,1.002,0.477,0.525,0.361,1.963,,0.187,4.57,,1.551,1790362841.191,1790362938.985,2.632,demo_booking,customer_hangup,0.0
1790362725,48,712637f5-c87d-4df3-b3c5-8db241c9cf18,5,paired,medium,finalizada,,,2.734255501010921,2.2232761370045244,11.112,2.6,1790362925.645,1790362936.757,0.926,0.837,0.089,0.509,1.496,,0.149,4.9,,1.583,1790362841.191,1790362938.985,1.794,demo_booking,customer_hangup,0.0
1790362725,48,2b65e944-daa0-4410-9781-1f1871aed134,0,paired,medium,finalizada,,,3.252857979008695,5.322261684579585,11.244,2.12,1790362850.346,1790362861.59,0.599,0.575,0.024,0.21,0.883,,0.212,4.81,,1.021,1790362841.465,1790362936.218,1.675,demo_booking,customer_hangup,0.0
1790362725,48,2b65e944-daa0-4410-9781-1f1871aed134,1,paired,medium,finalizada,,,2.993428354995558,2.366828409283918,12.405,2.24,1790362866.913,1790362879.318,0.812,0.783,0.028,0.441,2.136,,0.168,7.14,,1.42,1790362841.465,1790362936.218,1.729,demo_booking,customer_hangup,0.0
1790362725,48,2b65e944-daa0-4410-9781-1f1871aed134,2,paired,short,finalizada,,,5.513284956978168,1.0991328923951231,10.697,0.32,1790362881.685,1790362892.382,1.0,0.653,0.348,0.859,3.512,,0.23,3.85,,2.089,1790362841.465,1790362936.218,4.405,demo_booking,customer_hangup,0.0
1790362725,48,2b65e944-daa0-4410-9781-1f1871aed134,3,paired,short,finalizada,,,4.633335165999597,1.5579445592022063,10.236,0.48,1790362893.483,1790362903.719,0.631,0.614,0.017,0.521,2.709,,0.168,4.25,,1.32,1790362841.465,1790362936.218,3.498,demo_booking,customer_hangup,0.0
1790362725,48,2b65e944-daa0-4410-9781-1f1871aed134,4,paired,short,finalizada,,,4.79320643900428,3.25294187074933,12.865,0.32,1790362905.277,1790362918.142,1.001,0.425,0.575,0.5,3.211,,0.116,6.57,,1.616,1790362841.465,1790362936.218,3.756,demo_booking,customer_hangup,0.0
1790362725,48,2b65e944-daa0-4410-9781-1f1871aed134,5,paired,medium,finalizada,,,4.473328191990731,3.0960168482905894,11.719,2.24,1790362921.396,1790362933.116,0.748,0.728,0.02,0.303,2.136,,0.16,4.01,,1.211,1790362841.465,1790362936.218,3.03,demo_booking,customer_hangup,0.0
1790362725,48,4f900058-35b9-4419-9605-def5c1380c84,0,paired,short,finalizada,,,3.3748695490066893,5.26009275616111,11.009,1.0,1790362849.975,1790362860.983,0.662,0.645,0.016,0.187,0.899,,0.21,5.37,,1.059,1790362841.713,1790362939.242,1.759,demo_booking,customer_hangup,0.0
1790362725,48,4f900058-35b9-4419-9605-def5c1380c84,1,paired,medium,finalizada,,,3.6147392179991584,1.0,12.765,2.6,1790362866.245,1790362879.01,0.55,0.531,0.018,0.319,1.662,,0.176,5.37,,1.045,1790362841.713,1790362939.242,2.376,demo_booking,customer_hangup,0.0
1790362725,48,4f900058-35b9-4419-9605-def5c1380c84,2,paired,short,finalizada,,,6.454402097995626,1.6063089041861645,13.768,1.0,1790362880.011,1790362893.779,1.062,1.033,0.029,1.032,4.07,,0.218,5.13,,2.312,1790362841.713,1790362939.242,5.328,demo_booking,customer_hangup,0.0
1790362725,48,4f900058-35b9-4419-9605-def5c1380c84,3,paired,short,finalizada,,,6.234939525020309,1.626802030399957,13.316,0.48,1790362895.386,1790362908.702,0.473,0.455,0.018,0.347,4.283,,0.242,5.45,,1.062,1790362841.713,1790362939.242,4.985,demo_booking,customer_hangup,0.0
1790362725,48,4f900058-35b9-4419-9605-def5c1380c84,4,paired,long,finalizada,,,4.614199440984521,3.2505069945654785,14.369,3.52,1790362910.33,1790362924.699,1.0,0.969,0.031,0.781,2.159,,0.155,5.05,,1.936,1790362841.713,1790362939.242,3.293,demo_booking,customer_hangup,0.0
1790362725,48,4f900058-35b9-4419-9605-def5c1380c84,5,paired,long,finalizada,,,2.5946955860126764,1.1015073508376454,10.185,3.52,1790362927.95,1790362938.136,0.601,0.585,0.016,0.261,0.925,,0.16,2.89,,1.023,1790362841.713,1790362939.242,1.673,demo_booking,customer_hangup,0.0
1790362725,48,eb4e0cb6-992a-4b41-b30c-b9d679c9ceff,0,paired,short,finalizada,,,3.3349704339925665,10.0,11.256,1.0,1790362849.974,1790362861.231,0.516,0.496,0.02,0.268,0.96,,0.246,5.69,,1.03,1790362841.963,1790362936.904,1.708,demo_booking,customer_hangup,0.0
1790362725,48,eb4e0cb6-992a-4b41-b30c-b9d679c9ceff,1,paired,medium,finalizada,,,3.5956923750054557,1.0,9.349,2.12,1790362871.231,1790362880.58,0.826,0.792,0.034,0.522,1.32,,0.189,2.49,,1.538,1790362841.963,1790362936.904,2.32,demo_booking,customer_hangup,0.0
1790362725,48,eb4e0cb6-992a-4b41-b30c-b9d679c9ceff,2,paired,long,finalizada,,,5.194580395997036,4.165468228529612,12.445,3.52,1790362881.581,1790362894.026,0.642,0.623,0.019,1.125,3.322,,0.121,2.57,,1.888,1790362841.963,1790362936.904,4.07,demo_booking,customer_hangup,0.0
1790362725,48,eb4e0cb6-992a-4b41-b30c-b9d679c9ceff,3,paired,medium,finalizada,,,2.755732090998208,1.802483493066495,13.352,2.6,1790362898.192,1790362911.545,0.793,0.775,0.018,0.522,3.746,,0.156,6.91,,1.471,1790362841.963,1790362936.904,1.922,demo_booking,customer_hangup,0.0
1790362725,48,eb4e0cb6-992a-4b41-b30c-b9d679c9ceff,4,paired,short,finalizada,,,3.3943532789999153,1.8005762124223628,13.402,0.32,1790362913.347,1790362926.749,1.25,1.172,0.078,0.755,2.415,,0.184,8.42,,2.189,1790362841.963,1790362936.904,2.309,demo_booking,customer_hangup,0.0
1790362725,48,eb4e0cb6-992a-4b41-b30c-b9d679c9ceff,5,paired,short,finalizada,,,2.995676756981993,1.0,7.348,0.48,1790362928.55,1790362935.898,0.471,0.451,0.02,0.335,1.137,,0.195,4.25,,1.001,1790362841.963,1790362936.904,1.786,demo_booking,customer_hangup,0.0
1790362725,48,afe26b0d-e81b-4282-9f79-9efdfed6c1f7,0,paired,medium,finalizada,,,3.6896781149844173,3.5442808990434185,11.93,2.6,1790362851.211,1790362863.142,0.817,0.769,0.048,0.31,1.261,,0.248,4.49,,1.375,1790362842.592,1790362937.445,2.284,demo_booking,customer_hangup,0.0
1790362725,48,afe26b0d-e81b-4282-9f79-9efdfed6c1f7,1,paired,long,finalizada,,,3.8694341180089395,1.731919344638682,11.735,3.06,1790362866.686,1790362878.422,0.685,0.668,0.017,0.244,1.726,,0.188,4.33,,1.117,1790362842.592,1790362937.445,2.586,demo_booking,customer_hangup,0.0
1790362725,48,afe26b0d-e81b-4282-9f79-9efdfed6c1f7,2,paired,long,finalizada,,,5.64922748200479,1.9517858006424664,14.348,3.52,1790362880.154,1790362894.502,0.716,0.699,0.016,0.409,3.658,,0.175,3.93,,1.3,1790362842.592,1790362937.445,4.536,demo_booking,customer_hangup,0.0
1790362725,48,afe26b0d-e81b-4282-9f79-9efdfed6c1f7,3,paired,short,finalizada,,,6.390337940014433,2.3784248590814414,11.279,0.48,1790362896.455,1790362907.734,0.862,0.821,0.041,1.178,4.082,,0.13,3.21,,2.17,1790362842.592,1790362937.445,5.039,demo_booking,customer_hangup,0.0
1790362725,48,afe26b0d-e81b-4282-9f79-9efdfed6c1f7,4,paired,short,finalizada,,,4.00939351998386,3.1159470692794526,9.743,0.32,1790362910.113,1790362919.856,1.001,0.465,0.536,0.385,1.906,,0.213,4.17,,1.6,1790362842.592,1790362937.445,2.594,demo_booking,customer_hangup,0.0
1790362725,48,afe26b0d-e81b-4282-9f79-9efdfed6c1f7,5,paired,long,finalizada,,,4.29017904898501,1.500849714397027,12.967,3.06,1790362922.973,1790362935.939,0.667,0.642,0.025,0.515,2.021,,0.238,4.41,,1.42,1790362842.592,1790362937.445,2.908,demo_booking,customer_hangup,0.0
1790362725,48,718dcff5-c78e-47e7-bf78-811aeeaea165,0,paired,long,finalizada,,,3.295686953992117,3.896274185104186,13.586,3.06,1790362850.676,1790362864.261,0.613,0.596,0.017,0.193,1.126,,0.158,6.01,,0.964,1790362842.841,1790362943.236,1.885,demo_booking,customer_hangup,0.0
1790362725,48,718dcff5-c78e-47e7-bf78-811aeeaea165,1,paired,long,finalizada,,,3.715816612006165,2.2052660727265065,14.142,3.06,1790362868.159,1790362882.3,0.609,0.593,0.016,0.645,1.891,,0.165,6.17,,1.419,1790362842.841,1790362943.236,2.653,demo_booking,customer_hangup,0.0
1790362725,48,718dcff5-c78e-47e7-bf78-811aeeaea165,2,paired,short,finalizada,,,5.9553400709992275,4.001322450308812,13.514,0.48,1790362884.507,1790362898.021,0.49,0.467,0.023,0.603,4.16,,0.213,6.09,,1.307,1790362842.841,1790362943.236,4.845,demo_booking,customer_hangup,0.0
1790362725,48,718dcff5-c78e-47e7-bf78-811aeeaea165,3,paired,medium,finalizada,,,5.276587884000037,2.1395542877954976,14.071,2.12,1790362902.022,1790362916.093,0.668,0.653,0.015,0.485,3.373,,0.102,6.01,,1.256,1790362842.841,1790362943.236,4.135,demo_booking,customer_hangup,0.0
1790362725,48,718dcff5-c78e-47e7-bf78-811aeeaea165,4,paired,short,finalizada,,,3.5565720419981517,2.9090579316686225,10.944,1.0,1790362918.233,1790362929.178,1.0,0.587,0.414,0.256,1.832,,0.094,5.21,,1.35,1790362842.841,1790362943.236,2.517,demo_booking,customer_hangup,0.0
1790362725,48,718dcff5-c78e-47e7-bf78-811aeeaea165,5,paired,long,finalizada,,,2.1361394750128966,1.0,10.143,3.52,1790362932.088,1790362942.231,0.624,0.605,0.019,0.289,1.362,,0.094,3.3,,1.007,1790362842.841,1790362943.236,1.222,demo_booking,customer_hangup,0.0
1790362725,48,611bc4b1-9574-43df-bdaf-b17b230a9753,0,paired,long,finalizada,,,4.070322657003999,4.5156773355452655,12.325,3.06,1790362851.191,1790362863.516,1.009,0.992,0.017,0.283,1.625,,0.188,4.01,,1.48,1790362843.09,1790362939.495,2.809,demo_booking,customer_hangup,0.0
1790362725,48,611bc4b1-9574-43df-bdaf-b17b230a9753,1,paired,short,finalizada,,,3.8094997529988177,1.0354950837192,9.562,0.38,1790362868.032,1790362877.594,1.001,0.639,0.361,0.553,1.74,,0.154,4.09,,1.708,1790362843.09,1790362939.495,2.538,demo_booking,customer_hangup,0.0
1790362725,48,611bc4b1-9574-43df-bdaf-b17b230a9753,2,paired,medium,finalizada,,,5.769399007986067,2.2333513924727972,12.523,2.24,1790362878.631,1790362891.153,0.715,0.648,0.067,0.783,3.629,,0.168,3.29,,1.666,1790362843.09,1790362939.495,4.459,demo_booking,customer_hangup,0.0
1790362725,48,611bc4b1-9574-43df-bdaf-b17b230a9753,3,paired,medium,finalizada,,,6.009249591006665,6.066970013546749,14.532,2.12,1790362893.388,1790362907.919,0.529,0.512,0.017,0.355,3.94,,0.134,5.21,,1.017,1790362843.09,1790362939.495,4.59,demo_booking,customer_hangup,0.0
1790362725,48,611bc4b1-9574-43df-bdaf-b17b230a9753,4,paired,long,finalizada,,,3.7492577060183976,3.4867669767318143,12.005,3.06,1790362913.988,1790362925.992,0.86,0.817,0.043,0.461,1.388,,0.273,4.01,,1.594,1790362843.09,1790362939.495,2.482,demo_booking,customer_hangup,0.0
1790362725,48,611bc4b1-9574-43df-bdaf-b17b230a9753,5,paired,short,finalizada,,,3.3094896569964476,2.06523322278775,7.944,0.32,1790362929.48,1790362937.424,1.001,0.444,0.557,0.301,1.151,,0.136,3.77,,1.438,1790362843.09,1790362939.495,1.734,demo_booking,customer_hangup,0.0
1790362725,48,0e71e8d8-b2f7-41f9-9a92-f3411ad58705,0,paired,medium,finalizada,,,2.4510116550081875,1.8929857792768077,9.759,2.24,1790362851.541,1790362861.299,0.817,0.789,0.028,0.301,1.1,,0.246,3.86,,1.364,1790362843.341,1790362936.08,1.484,demo_booking,customer_hangup,0.0
1790362725,48,0e71e8d8-b2f7-41f9-9a92-f3411ad58705,1,paired,long,finalizada,,,3.9505985179857817,1.2776524498598052,13.661,3.52,1790362863.194,1790362876.855,0.784,0.77,0.015,0.24,1.667,,0.142,4.97,,1.166,1790362843.341,1790362936.08,2.582,demo_booking,customer_hangup,0.0
1790362725,48,0e71e8d8-b2f7-41f9-9a92-f3411ad58705,2,paired,short,finalizada,,,3.651083489996381,3.9080391067058966,14.362,0.32,1790362878.133,1790362892.496,1.126,1.094,0.032,0.578,3.709,,0.293,8.82,,1.998,1790362843.341,1790362936.08,2.494,demo_booking,customer_hangup,0.0
1790362725,48,0e71e8d8-b2f7-41f9-9a92-f3411ad58705,3,paired,short,finalizada,,,5.751359048008453,3.2294097400994453,10.773,0.38,1790362896.405,1790362907.177,1.009,0.578,0.431,0.444,3.728,,0.257,3.45,,1.71,1790362843.341,1790362936.08,4.57,demo_booking,customer_hangup,0.0
1790362725,48,0e71e8d8-b2f7-41f9-9a92-f3411ad58705,4,paired,short,finalizada,,,4.051413787994534,1.9453534216503616,9.265,0.48,1790362910.407,1790362919.672,0.855,0.773,0.082,0.597,1.648,,0.208,3.53,,1.66,1790362843.341,1790362936.08,2.634,demo_booking,customer_hangup,0.0
1790362725,48,0e71e8d8-b2f7-41f9-9a92-f3411ad58705,5,paired,long,finalizada,,,4.4511915689799935,1.7740192132673203,12.682,3.52,1790362921.619,1790362934.3,0.883,0.86,0.024,0.485,1.926,,0.196,3.53,,1.565,1790362843.341,1790362936.08,2.987,demo_booking,customer_hangup,0.0
1790362725,48,af47bd7d-e668-4674-856c-fe17d2e8ce50,0,paired,medium,finalizada,,,3.8084787389962003,1.3544085955838536,12.475,2.12,1790362851.981,1790362864.456,0.825,0.807,0.017,0.203,1.351,,0.184,5.45,,1.211,1790362843.783,1790362939.316,2.346,demo_booking,customer_hangup,0.0
1790362725,48,af47bd7d-e668-4674-856c-fe17d2e8ce50,1,paired,short,finalizada,,,3.6677370090037584,3.884488249037854,10.41,0.38,1790362865.811,1790362876.222,1.001,0.579,0.422,0.208,1.422,,0.192,5.21,,1.401,1790362843.783,1790362939.316,2.197,demo_booking,customer_hangup,0.0
1790362725,48,af47bd7d-e668-4674-856c-fe17d2e8ce50,2,paired,short,finalizada,,,4.688142700993922,2.6627889558849804,7.958,0.38,1790362880.107,1790362888.065,1.001,0.692,0.309,0.311,2.83,,0.126,1.69,,1.438,1790362843.783,1790362939.316,3.655,demo_booking,customer_hangup,0.0
1790362725,48,af47bd7d-e668-4674-856c-fe17d2e8ce50,3,paired,long,finalizada,,,4.408077886007959,1.397293814055012,11.888,3.52,1790362890.729,1790362902.617,0.73,0.689,0.041,0.745,2.346,,0.191,2.81,,1.665,1790362843.783,1790362939.316,3.248,demo_booking,customer_hangup,0.0
1790362725,48,af47bd7d-e668-4674-856c-fe17d2e8ce50,4,paired,long,finalizada,,,4.508078508981271,1.718657170565021,11.92,3.06,1790362904.015,1790362915.935,0.587,0.559,0.028,0.748,2.317,,0.174,3.13,,1.509,1790362843.783,1790362939.316,3.061,demo_booking,customer_hangup,0.0
1790362725,48,af47bd7d-e668-4674-856c-fe17d2e8ce50,5,paired,medium,finalizada,,,4.367806508002104,8.365237506407517,13.29,2.24,1790362917.655,1790362930.944,0.845,0.689,0.157,0.551,2.012,,0.25,5.45,,1.646,1790362843.783,1790362939.316,3.039,demo_booking,customer_hangup,0.0
1790362725,48,f6fc73da-ae9a-4bb1-9310-270cda10b928,0,paired,long,finalizada,,,2.574877122999169,2.64225622856936,19.048,3.52,1790362851.815,1790362870.863,0.681,0.63,0.052,0.269,2.614,,0.153,11.79,,1.103,1790362844.031,1790362946.854,1.35,demo_booking,customer_hangup,0.0
1790362725,48,f6fc73da-ae9a-4bb1-9310-270cda10b928,1,paired,short,finalizada,,,4.254675778007368,3.346117265903556,11.551,0.38,1790362873.506,1790362885.056,1.001,0.705,0.296,0.287,2.139,,0.216,5.69,,1.504,1790362844.031,1790362946.854,3.066,demo_booking,customer_hangup,0.0
1790362725,48,f6fc73da-ae9a-4bb1-9310-270cda10b928,2,paired,short,finalizada,,,4.234379744011676,2.75900798554628,11.81,0.38,1790362888.403,1790362900.213,1.002,0.443,0.559,0.597,2.64,,0.135,6.01,,1.734,1790362844.031,1790362946.854,3.222,demo_booking,customer_hangup,0.0
1790362725,48,f6fc73da-ae9a-4bb1-9310-270cda10b928,3,paired,long,finalizada,,,4.874709199008066,2.16711200935608,14.73,3.06,1790362902.973,1790362917.703,0.681,0.663,0.018,0.508,2.831,,0.117,5.61,,1.306,1790362844.031,1790362946.854,3.619,demo_booking,customer_hangup,0.0
1790362725,48,f6fc73da-ae9a-4bb1-9310-270cda10b928,4,paired,short,finalizada,,,4.15485705001629,3.3609111514497285,10.909,0.48,1790362919.871,1790362930.78,0.709,0.667,0.042,0.29,1.95,,0.163,5.05,,1.163,1790362844.031,1790362946.854,2.81,demo_booking,customer_hangup,0.0
1790362725,48,f6fc73da-ae9a-4bb1-9310-270cda10b928,5,paired,short,finalizada,,,3.4742701110080816,1.7923330440432856,10.914,0.48,1790362934.141,1790362945.055,0.47,0.455,0.015,0.337,1.727,,0.144,5.77,,0.951,1790362844.031,1790362946.854,2.33,demo_booking,customer_hangup,0.0
1790362725,48,52ef0cae-302e-4859-93de-4ed2f285dbe2,0,paired,long,finalizada,,,4.097497563023353,6.136654296718284,12.662,3.06,1790362852.411,1790362865.073,0.929,0.908,0.021,0.352,1.707,,0.179,4.33,,1.46,1790362844.283,1790362939.017,2.798,demo_booking,customer_hangup,0.0
1790362725,48,52ef0cae-302e-4859-93de-4ed2f285dbe2,1,paired,medium,finalizada,,,3.6375440589908976,3.8368060665883976,11.941,2.12,1790362871.21,1790362883.151,0.622,0.596,0.026,0.263,1.592,,0.25,4.97,,1.135,1790362844.283,1790362939.017,2.449,demo_booking,customer_hangup,0.0
1790362725,48,52ef0cae-302e-4859-93de-4ed2f285dbe2,2,paired,short,finalizada,,,4.738479358988116,1.3195355160582785,10.49,0.32,1790362886.989,1790362897.479,1.0,0.465,0.536,0.843,2.959,,0.171,4.89,,2.014,1790362844.283,1790362939.017,3.599,demo_booking,customer_hangup,0.0
1790362725,48,52ef0cae-302e-4859-93de-4ed2f285dbe2,3,paired,short,finalizada,,,5.717596844013315,1.5060534757070958,11.675,0.32,1790362898.799,1790362910.475,1.001,0.46,0.541,0.75,3.584,,0.296,4.73,,2.046,1790362844.283,1790362939.017,4.344,demo_booking,customer_hangup,0.0
1790362725,48,52ef0cae-302e-4859-93de-4ed2f285dbe2,4,paired,long,finalizada,,,3.957446719025029,1.0,12.744,3.06,1790362911.982,1790362924.726,0.721,0.669,0.052,0.341,1.819,,0.194,4.49,,1.256,1790362844.283,1790362939.017,2.695,demo_booking,customer_hangup,0.0
1790362725,48,52ef0cae-302e-4859-93de-4ed2f285dbe2,5,paired,short,finalizada,,,4.478076105006039,1.8819058451479227,11.403,0.48,1790362925.727,1790362937.13,0.672,0.654,0.018,0.45,2.205,,0.245,5.21,,1.367,1790362844.283,1790362939.017,3.108,demo_booking,customer_hangup,0.0
1790362725,48,9925d0f0-90db-4537-94c0-5ba78c996b18,0,paired,short,finalizada,,,4.012746400985634,4.84757831158267,11.371,1.0,1790362854.896,1790362866.268,0.631,0.615,0.016,0.243,2.007,,0.194,5.13,,1.067,1790362844.531,1790362943.631,2.821,demo_booking,customer_hangup,0.0
1790362725,48,9925d0f0-90db-4537-94c0-5ba78c996b18,1,paired,medium,finalizada,,,2.7527190539985895,2.31358466088804,12.747,2.6,1790362871.117,1790362883.863,0.759,0.738,0.021,0.387,2.261,,0.166,6.26,,1.312,1790362844.531,1790362943.631,1.567,demo_booking,customer_hangup,0.0
1790362725,48,9925d0f0-90db-4537-94c0-5ba78c996b18,2,paired,short,finalizada,,,5.573313647008035,1.0600453929497522,12.807,0.38,1790362886.177,1790362898.984,1.0,0.445,0.555,0.959,3.847,,0.17,5.61,,2.129,1790362844.531,1790362943.631,4.465,demo_booking,customer_hangup,0.0
1790362725,48,9925d0f0-90db-4537-94c0-5ba78c996b18,3,paired,long,finalizada,,,4.613228628993966,2.062140537285217,12.783,3.52,1790362900.045,1790362912.828,0.729,0.71,0.019,0.878,2.837,,0.122,3.45,,1.729,1790362844.531,1790362943.631,3.673,demo_booking,customer_hangup,0.0
1790362725,48,9925d0f0-90db-4537-94c0-5ba78c996b18,4,paired,long,finalizada,,,2.4934830980200786,1.2239133363491836,13.451,3.52,1790362914.89,1790362928.342,0.571,0.553,0.019,0.249,1.375,,0.215,6.42,,1.035,1790362844.531,1790362943.631,1.237,demo_booking,customer_hangup,0.0
1790362725,48,9925d0f0-90db-4537-94c0-5ba78c996b18,5,paired,long,finalizada,,,1.9732572289940435,1.3727532929480155,12.687,3.52,1790362929.567,1790362942.254,0.612,0.591,0.022,0.314,1.621,,0.081,5.94,,1.008,1790362844.531,1790362943.631,1.213,demo_booking,customer_hangup,0.0
1790362725,48,3527a1c4-eb95-49a9-86a4-c16d59550ce3,0,paired,long,finalizada,,,3.436675345990807,3.3729839983551297,15.264,3.52,1790362856.101,1790362871.366,0.936,0.907,0.029,0.88,3.442,,0.205,7.86,,2.021,1790362844.88,1790362951.949,2.272,demo_booking,customer_hangup,0.0
1790362725,48,3527a1c4-eb95-49a9-86a4-c16d59550ce3,1,paired,long,finalizada,,,4.797198591986671,2.6364278222660427,14.388,3.52,1790362874.739,1790362889.127,0.988,0.964,0.024,0.271,2.421,,0.213,4.89,,1.472,1790362844.88,1790362951.949,3.606,demo_booking,customer_hangup,0.0
1790362725,48,3527a1c4-eb95-49a9-86a4-c16d59550ce3,2,paired,medium,finalizada,,,2.7973424719821196,3.503183967173906,12.558,2.12,1790362891.764,1790362904.322,0.544,0.523,0.021,0.615,3.383,,0.145,6.43,,1.305,1790362844.88,1790362951.949,1.754,demo_booking,customer_hangup,0.0
1790362725,48,3527a1c4-eb95-49a9-86a4-c16d59550ce3,3,paired,long,finalizada,,,3.2771356900047977,4.835278137948351,14.234,3.06,1790362907.825,1790362922.059,0.658,0.614,0.044,0.475,2.342,,0.293,6.66,,1.426,1790362844.88,1790362951.949,1.904,demo_booking,customer_hangup,0.0
1790362725,48,3527a1c4-eb95-49a9-86a4-c16d59550ce3,4,paired,medium,finalizada,,,3.3571861009986605,1.7535238662914767,12.284,2.24,1790362926.895,1790362939.179,0.595,0.58,0.014,0.293,1.458,,0.147,5.53,,1.035,1790362844.88,1790362951.949,2.189,demo_booking,customer_hangup,0.0
1790362725,48,3527a1c4-eb95-49a9-86a4-c16d59550ce3,5,paired,short,finalizada,,,2.356612029019743,1.7377395913878224,9.273,0.48,1790362940.934,1790362950.206,0.469,0.457,0.012,0.265,1.092,,0.069,5.29,,0.804,1790362844.88,1790362951.949,1.622,demo_booking,customer_hangup,0.0
1790362725,48,efd78359-a0f7-465b-b9b8-ea4a4bd52673,0,paired,short,finalizada,,,3.8096171420183964,1.3844352956652488,19.482,0.48,1790362853.228,1790362872.71,0.838,0.787,0.051,0.311,2.312,,0.222,14.1,,1.371,1790362845.128,1790362947.615,2.303,demo_booking,customer_hangup,0.0
1790362725,48,efd78359-a0f7-465b-b9b8-ea4a4bd52673,1,paired,long,finalizada,,,4.8298584280128125,3.796059579121133,12.251,3.06,1790362874.096,1790362886.347,0.633,0.618,0.015,0.76,2.726,,0.129,3.21,,1.522,1790362845.128,1790362947.615,3.477,demo_booking,customer_hangup,0.0
1790362725,48,efd78359-a0f7-465b-b9b8-ea4a4bd52673,2,paired,medium,finalizada,,,4.169678081001621,6.734568751591793,10.728,2.12,1790362890.143,1790362900.871,0.626,0.61,0.016,0.367,1.94,,0.106,3.77,,1.099,1790362845.128,1790362947.615,2.661,demo_booking,customer_hangup,0.0
1790362725,48,efd78359-a0f7-465b-b9b8-ea4a4bd52673,3,paired,short,finalizada,,,4.089824687980581,1.9466993810233062,9.217,0.38,1790362907.606,1790362916.823,1.001,0.457,0.544,0.433,1.908,,0.246,3.53,,1.68,1790362845.128,1790362947.615,2.616,demo_booking,customer_hangup,0.0
1790362725,48,efd78359-a0f7-465b-b9b8-ea4a4bd52673,4,paired,short,finalizada,,,3.2296019359782804,4.878016039658888,8.855,0.38,1790362918.771,1790362927.625,1.001,0.564,0.436,0.348,1.678,,0.115,4.01,,1.464,1790362845.128,1790362947.615,2.364,demo_booking,customer_hangup,0.0
1790362725,48,efd78359-a0f7-465b-b9b8-ea4a4bd52673,5,paired,long,finalizada,,,3.4699847449955996,4.026228822874847,11.079,3.06,1790362932.504,1790362943.583,0.841,0.826,0.015,0.293,1.346,,0.123,3.53,,1.256,1790362845.128,1790362947.615,2.298,demo_booking,customer_hangup,0.0
1790362725,48,43792bcf-063d-4e0b-833f-c1db3436bc47,0,paired,short,finalizada,,,3.4675694449979346,3.4819351065205497,6.312,0.38,1790362854.941,1790362861.253,1.048,1.028,0.019,0.349,1.323,,0.156,1.29,,1.553,1790362845.378,1790362942.924,2.514,demo_booking,customer_hangup,0.0
1790362725,48,43792bcf-063d-4e0b-833f-c1db3436bc47,1,paired,short,finalizada,,,3.207147264998639,3.7716410173560786,10.403,0.48,1790362864.736,1790362875.139,0.503,0.483,0.02,0.464,2.255,,0.219,5.7,,1.187,1790362845.378,1790362942.924,1.919,demo_booking,customer_hangup,0.0
1790362725,48,43792bcf-063d-4e0b-833f-c1db3436bc47,2,paired,medium,finalizada,,,4.387135601020418,3.112871087398908,12.035,2.24,1790362878.912,1790362890.947,1.063,1.021,0.042,0.974,3.765,,0.183,4.42,,2.22,1790362845.378,1790362942.924,3.101,demo_booking,customer_hangup,0.0
1790362725,48,43792bcf-063d-4e0b-833f-c1db3436bc47,3,paired,short,finalizada,,,2.9271866530179977,1.886386267144225,10.673,1.0,1790362894.06,1790362904.733,0.661,0.637,0.024,0.581,3.558,,0.135,5.46,,1.378,1790362845.378,1790362942.924,1.785,demo_booking,customer_hangup,0.0
1790362725,48,43792bcf-063d-4e0b-833f-c1db3436bc47,4,paired,long,finalizada,,,4.427617128996644,2.7103894327226628,13.07,3.06,1790362906.62,1790362919.69,0.754,0.725,0.028,0.485,2.036,,0.252,4.41,,1.491,1790362845.378,1790362942.924,3.02,demo_booking,customer_hangup,0.0
1790362725,48,43792bcf-063d-4e0b-833f-c1db3436bc47,5,paired,short,finalizada,,,3.508111740986351,7.862490994869964,12.655,0.32,1790362922.401,1790362935.056,1.001,0.778,0.223,0.499,2.456,,0.169,7.62,,1.668,1790362845.378,1790362942.924,2.017,demo_booking,customer_hangup,0.0
1790362725,48,1d0c09f5-699a-46b8-9da0-edfd29a99c33,0,paired,long,finalizada,,,4.45897908200277,1.6712728468381073,14.141,3.06,1790362854.22,1790362868.361,0.667,0.641,0.025,0.576,2.305,,0.173,5.37,,1.416,1790362845.627,1790362933.746,3.126,demo_booking,customer_hangup,0.0
1790362725,48,1d0c09f5-699a-46b8-9da0-edfd29a99c33,1,paired,short,finalizada,,,2.659106423991034,2.204714705724088,8.608,0.32,1790362870.033,1790362878.64,1.0,0.476,0.524,0.839,1.971,,0.213,4.42,,2.052,1790362845.627,1790362933.746,1.652,demo_booking,customer_hangup,0.0
1790362725,48,1d0c09f5-699a-46b8-9da0-edfd29a99c33,2,paired,short,finalizada,,,4.978904982999666,3.4674159552451456,9.772,0.38,1790362880.846,1790362890.617,1.054,1.015,0.039,0.736,2.521,,0.166,3.21,,1.955,1790362845.627,1790362933.746,3.714,demo_booking,customer_hangup,0.0
1790362725,48,1d0c09f5-699a-46b8-9da0-edfd29a99c33,3,paired,medium,finalizada,,,5.798679925996112,2.0518619750636966,12.604,2.24,1790362894.085,1790362906.689,0.707,0.686,0.021,0.69,3.584,,0.221,3.37,,1.618,1790362845.627,1790362933.746,4.5,demo_booking,customer_hangup,0.0
1790362725,48,1d0c09f5-699a-46b8-9da0-edfd29a99c33,4,paired,medium,finalizada,,,2.5788852969999425,3.8317057697673147,11.501,2.6,1790362908.742,1790362920.243,0.694,0.674,0.02,0.451,1.837,,0.201,4.82,,1.346,1790362845.627,1790362933.746,1.629,demo_booking,customer_hangup,0.0
1790362725,48,1d0c09f5-699a-46b8-9da0-edfd29a99c33,5,paired,short,finalizada,,,3.9986714749829844,1.6900175545667886,7.976,0.38,1790362924.075,1790362932.051,1.001,0.486,0.515,0.313,1.89,,0.216,2.41,,1.529,1790362845.627,1790362933.746,2.598,demo_booking,customer_hangup,0.0
1790362725,48,a8530346-176d-43a9-a583-ab43b776a79b,0,paired,long,finalizada,,,4.3409374190086965,1.1681562349298942,14.037,3.06,1790362853.783,1790362867.82,0.598,0.582,0.016,0.26,2.149,,0.205,5.45,,1.063,1790362845.571,1790362934.015,2.94,demo_booking,customer_hangup,0.0
1790362725,48,a8530346-176d-43a9-a583-ab43b776a79b,1,paired,short,finalizada,,,2.861155834980309,2.93206355725666,8.943,0.32,1790362868.989,1790362877.932,1.001,0.795,0.206,0.419,1.77,,0.17,4.5,,1.59,1790362845.571,1790362934.015,1.617,demo_booking,customer_hangup,0.0
1790362725,48,a8530346-176d-43a9-a583-ab43b776a79b,2,paired,short,finalizada,,,3.380546578002395,3.3389108540125645,9.234,1.0,1790362880.865,1790362890.099,1.001,0.647,0.354,0.854,3.163,,0.141,3.62,,1.996,1790362845.571,1790362934.015,2.214,demo_booking,customer_hangup,0.0
1790362725,48,a8530346-176d-43a9-a583-ab43b776a79b,3,paired,short,finalizada,,,3.180896898993524,2.806981151828442,9.886,0.32,1790362893.439,1790362903.325,1.001,0.475,0.526,0.811,2.577,,0.138,5.14,,1.95,1790362845.571,1790362934.015,2.13,demo_booking,customer_hangup,0.0
1790362725,48,a8530346-176d-43a9-a583-ab43b776a79b,4,paired,medium,finalizada,,,4.48032236500876,1.2735459258611392,12.369,2.6,1790362906.132,1790362918.501,0.797,0.775,0.022,0.529,2.035,,0.217,4.25,,1.542,1790362845.571,1790362934.015,3.033,demo_booking,customer_hangup,0.0
1790362725,48,a8530346-176d-43a9-a583-ab43b776a79b,5,paired,medium,finalizada,,,4.520796689001145,2.1445108438784284,12.09,2.24,1790362919.775,1790362931.865,0.692,0.663,0.029,0.495,2.013,,0.177,4.33,,1.363,1790362845.571,1790362934.015,2.861,demo_booking,customer_hangup,0.0
1790362725,48,b81b192c-b02c-4d75-aea2-23fd54354483,0,paired,short,finalizada,,,4.49137095399783,1.62529021022604,11.886,1.0,1790362854.343,1790362866.229,1.048,1.024,0.024,0.346,1.745,,0.175,5.37,,1.569,1790362845.818,1790362941.076,2.955,demo_booking,customer_hangup,0.0
1790362725,48,b81b192c-b02c-4d75-aea2-23fd54354483,1,paired,short,finalizada,,,3.310722142981831,4.7581171368127775,7.3,0.38,1790362867.855,1790362875.155,1.001,0.46,0.541,0.256,1.454,,0.197,2.41,,1.454,1790362845.818,1790362941.076,2.117,demo_booking,customer_hangup,0.0
1790362725,48,b81b192c-b02c-4d75-aea2-23fd54354483,2,paired,long,finalizada,,,5.310877726005856,2.736761143100494,13.236,3.52,1790362879.914,1790362893.15,0.694,0.671,0.022,0.614,3.364,,0.114,3.13,,1.422,1790362845.818,1790362941.076,4.16,demo_booking,customer_hangup,0.0
1790362725,48,b81b192c-b02c-4d75-aea2-23fd54354483,3,paired,short,finalizada,,,6.850741670990828,3.599915780506066,14.171,1.0,1790362895.888,1790362910.059,1.0,0.839,0.162,1.113,4.335,,0.245,5.05,,2.358,1790362845.818,1790362941.076,5.423,demo_booking,customer_hangup,0.0
1790362725,48,b81b192c-b02c-4d75-aea2-23fd54354483,4,paired,long,finalizada,,,3.6507110119855497,1.9462910834763625,10.484,3.52,1790362913.659,1790362924.144,1.195,1.178,0.018,0.271,0.914,,0.224,2.09,,1.69,1790362845.818,1790362941.076,2.32,demo_booking,customer_hangup,0.0
1790362725,48,b81b192c-b02c-4d75-aea2-23fd54354483,5,paired,medium,finalizada,,,3.5705582200025674,2.615507632617127,12.365,2.12,1790362926.09,1790362938.456,0.625,0.574,0.051,0.405,1.686,,0.15,5.45,,1.179,1790362845.818,1790362941.076,2.432,demo_booking,customer_hangup,0.0
1790362725,48,9a611336-249f-473e-b1b8-29f63d752318,0,paired,short,finalizada,,,2.286607988004107,6.469163764542105,7.442,0.32,1790362855.987,1790362863.429,1.002,0.456,0.546,0.481,1.796,,0.191,3.62,,1.673,1790362846.067,1790362935.667,1.296,demo_booking,customer_hangup,0.0
1790362725,48,9a611336-249f-473e-b1b8-29f63d752318,1,paired,short,finalizada,,,2.5268356400192715,1.0,12.039,0.48,1790362869.899,1790362881.938,0.569,0.549,0.02,0.672,2.043,,0.153,7.86,,1.394,1790362846.067,1790362935.667,1.48,demo_booking,customer_hangup,0.0
1790362725,48,9a611336-249f-473e-b1b8-29f63d752318,2,paired,short,finalizada,,,6.087067432003096,1.4000303558676608,14.038,1.0,1790362882.939,1790362896.977,1.0,0.571,0.429,0.311,4.239,,0.164,6.81,,1.475,1790362846.067,1790362935.667,4.978,demo_booking,customer_hangup,0.0
1790362725,48,9a611336-249f-473e-b1b8-29f63d752318,3,paired,short,finalizada,,,3.0473081200034358,1.3008796363768749,5.773,0.32,1790362898.377,1790362904.15,1.001,0.479,0.522,0.993,3.481,,0.238,4.34,,2.232,1790362846.067,1790362935.667,2.175,demo_booking,customer_hangup,0.0
1790362725,48,9a611336-249f-473e-b1b8-29f63d752318,4,paired,long,finalizada,,,3.786788388999412,2.009662817357822,14.017,3.06,1790362905.452,1790362919.469,0.743,0.742,0.001,0.291,2.031,,0.145,6.42,,1.179,1790362846.067,1790362935.667,1.955,demo_booking,customer_hangup,0.0
1790362725,48,9a611336-249f-473e-b1b8-29f63d752318,5,paired,medium,finalizada,,,3.667016835999675,1.630854764776138,12.547,2.24,1790362921.479,1790362934.027,0.902,0.882,0.02,0.555,2.575,,0.179,5.46,,1.636,1790362846.067,1790362935.667,2.238,demo_booking,customer_hangup,0.0
1790362725,48,b3042d36-f356-492c-a962-da16e7635a1b,0,paired,long,finalizada,,,4.224135094002122,1.7383907602046957,10.035,3.06,1790362854.28,1790362864.314,0.882,0.852,0.029,0.794,1.776,,0.224,2.01,,1.9,1790362846.318,1790362944.949,2.861,demo_booking,customer_hangup,0.0
1790362725,48,b3042d36-f356-492c-a962-da16e7635a1b,1,paired,medium,finalizada,,,2.7844655200024135,1.2726767161057282,12.787,2.24,1790362866.053,1790362878.84,0.637,0.619,0.018,0.596,1.912,,0.189,6.58,,1.423,1790362846.318,1790362944.949,1.609,demo_booking,customer_hangup,0.0
1790362725,48,b3042d36-f356-492c-a962-da16e7635a1b,2,paired,long,finalizada,,,6.224241629999597,7.642308300925342,15.73,3.06,1790362880.114,1790362895.845,0.657,0.638,0.019,0.825,4.249,,0.177,5.53,,1.659,1790362846.318,1790362944.949,5.07,demo_booking,customer_hangup,0.0
1790362725,48,b3042d36-f356-492c-a962-da16e7635a1b,3,paired,medium,finalizada,,,4.704137929016724,1.7653043933195105,13.386,2.24,1790362903.488,1790362916.874,0.595,0.574,0.021,0.714,2.907,,0.118,5.37,,1.427,1790362846.318,1790362944.949,3.604,demo_booking,customer_hangup,0.0
1790362725,48,b3042d36-f356-492c-a962-da16e7635a1b,4,paired,medium,finalizada,,,2.884168542979751,1.0,12.79,2.6,1790362918.639,1790362931.429,0.56,0.541,0.02,0.451,2.25,,0.175,6.1,,1.187,1790362846.318,1790362944.949,1.61,demo_booking,customer_hangup,0.0
1790362725,48,b3042d36-f356-492c-a962-da16e7635a1b,5,paired,short,finalizada,,,3.204285357001936,1.8638726204404368,10.651,1.0,1790362932.43,1790362943.081,1.001,0.48,0.521,0.273,1.582,,0.114,5.29,,1.388,1790362846.318,1790362944.949,2.18,demo_booking,customer_hangup,0.0
1790362725,48,3952b254-3f76-46e5-9fd5-eea77e94ea00,0,paired,long,finalizada,,,5.097842026996659,7.845500765017929,13.625,3.06,1790362857.992,1790362871.617,0.645,0.618,0.028,0.477,2.887,,0.206,4.25,,1.328,1790362846.538,1790362943.199,3.714,demo_booking,customer_hangup,0.0
1790362725,48,3952b254-3f76-46e5-9fd5-eea77e94ea00,1,paired,short,finalizada,,,2.478511220018845,2.5843963844135263,9.204,0.32,1790362879.463,1790362888.667,1.001,0.701,0.3,0.502,2.764,,0.144,4.02,,1.647,1790362846.538,1790362943.199,1.551,demo_booking,customer_hangup,0.0
1790362725,48,3952b254-3f76-46e5-9fd5-eea77e94ea00,2,paired,short,finalizada,,,3.6174463740026113,2.1842997511624604,9.77,1.0,1790362891.253,1790362901.023,1.0,0.614,0.386,0.367,1.925,,0.096,3.93,,1.464,1790362846.538,1790362943.199,2.641,demo_booking,customer_hangup,0.0
1790362725,48,3952b254-3f76-46e5-9fd5-eea77e94ea00,3,paired,short,finalizada,,,4.717963309987681,1.0,10.098,0.38,1790362903.208,1790362913.306,1.001,0.951,0.049,0.681,2.74,,0.1,3.85,,1.781,1790362846.538,1790362943.199,3.801,demo_booking,customer_hangup,0.0
1790362725,48,3952b254-3f76-46e5-9fd5-eea77e94ea00,4,paired,medium,finalizada,,,3.5177384819835424,4.086531592248594,11.357,2.6,1790362914.306,1790362925.663,0.583,0.545,0.038,0.346,1.341,,0.159,4.09,,1.089,1790362846.538,1790362943.199,2.057,demo_booking,customer_hangup,0.0
1790362725,48,3952b254-3f76-46e5-9fd5-eea77e94ea00,5,paired,long,finalizada,,,2.9376385470095556,1.6054859472048995,11.839,3.06,1790362929.75,1790362941.589,0.643,0.618,0.025,0.257,1.422,,0.093,4.65,,0.993,1790362846.538,1790362943.199,2.136,demo_booking,customer_hangup,0.0
1790362725,48,f61ee991-af23-42e9-a808-b5007874c965,0,paired,long,finalizada,,,4.1699055829958525,5.409341391866663,15.313,3.52,1790362858.4,1790362873.714,0.934,0.909,0.026,1.068,3.37,,0.238,6.42,,2.24,1790362846.785,1790362957.343,2.752,demo_booking,customer_hangup,0.0
1790362725,48,f61ee991-af23-42e9-a808-b5007874c965,1,paired,medium,finalizada,,,6.5100567980261985,6.211147642292941,14.961,2.6,1790362879.124,1790362894.085,0.78,0.758,0.023,0.856,4.371,,0.215,4.65,,1.852,1790362846.785,1790362957.343,5.352,demo_booking,customer_hangup,0.0
1790362725,48,f61ee991-af23-42e9-a808-b5007874c965,2,paired,short,finalizada,,,4.790089932008414,5.7017018847913805,14.035,0.32,1790362900.296,1790362914.331,1.0,0.915,0.085,0.522,4.016,,0.198,7.7,,1.721,1790362846.785,1790362957.343,3.421,demo_booking,customer_hangup,0.0
1790362725,48,f61ee991-af23-42e9-a808-b5007874c965,3,paired,medium,finalizada,,,4.690133635012899,2.7559972846578744,13.252,2.6,1790362920.034,1790362933.286,0.892,0.875,0.017,0.498,2.136,,0.206,4.81,,1.596,1790362846.785,1790362957.343,3.236,demo_booking,customer_hangup,0.0
1790362725,48,f61ee991-af23-42e9-a808-b5007874c965,4,paired,short,finalizada,,,2.850509778014384,3.6829595894422296,7.046,0.38,1790362936.043,1790362943.089,1.001,0.44,0.56,0.289,1.173,,0.139,2.57,,1.428,1790362846.785,1790362957.343,1.756,demo_booking,customer_hangup,0.0
1790362725,48,f61ee991-af23-42e9-a808-b5007874c965,5,paired,short,finalizada,,,2.349768085987307,3.538995683281788,7.027,1.0,1790362946.772,1790362953.799,1.001,0.444,0.557,0.238,0.801,,0.046,2.81,,1.285,1790362846.785,1790362957.343,1.294,demo_booking,customer_hangup,0.0
1790362725,48,e9a797ae-2bbb-4a05-a55d-7c85f8595fba,0,paired,medium,finalizada,,,4.8843673349765595,1.1717456745702821,12.393,2.6,1790362858.916,1790362871.309,0.581,0.562,0.019,0.484,2.714,,0.183,3.69,,1.248,1790362847.033,1790362937.126,3.464,demo_booking,customer_hangup,0.0
1790362725,48,e9a797ae-2bbb-4a05-a55d-7c85f8595fba,1,paired,long,finalizada,,,4.424660143995425,7.677341155457367,11.669,3.52,1790362872.481,1790362884.15,0.664,0.629,0.035,0.794,2.399,,0.226,2.65,,1.684,1790362847.033,1790362937.126,3.26,demo_booking,customer_hangup,0.0
1790362725,48,e9a797ae-2bbb-4a05-a55d-7c85f8595fba,2,paired,short,finalizada,,,2.864712541020708,1.0,6.294,0.38,1790362891.828,1790362898.121,1.0,0.483,0.517,0.499,1.456,,0.118,1.85,,1.617,1790362847.033,1790362937.126,2.062,demo_booking,customer_hangup,0.0
1790362725,48,e9a797ae-2bbb-4a05-a55d-7c85f8595fba,3,paired,short,finalizada,,,5.225574427982792,3.494125066654487,10.797,1.0,1790362899.122,1790362909.918,0.529,0.506,0.023,0.638,3.095,,0.236,3.37,,1.403,1790362847.033,1790362937.126,3.846,demo_booking,customer_hangup,0.0
1790362725,48,e9a797ae-2bbb-4a05-a55d-7c85f8595fba,4,paired,short,finalizada,,,3.7046012959908694,2.5228412711425294,8.938,1.0,1790362913.413,1790362922.351,1.001,0.646,0.355,0.531,1.626,,0.145,3.05,,1.676,1790362847.033,1790362937.126,2.421,demo_booking,customer_hangup,0.0
1790362725,48,e9a797ae-2bbb-4a05-a55d-7c85f8595fba,5,paired,short,finalizada,,,4.164468433998991,2.604400338806007,9.628,1.0,1790362924.875,1790362934.503,0.603,0.584,0.019,0.456,1.987,,0.174,3.29,,1.233,1790362847.033,1790362937.126,2.751,demo_booking,customer_hangup,0.0
1790362725,48,a349c0f1-6363-4c94-bad5-7a0848a885c5,0,paired,short,finalizada,,,4.731781902984949,6.232201689979003,22.809,0.48,1790362855.749,1790362878.558,0.59,0.571,0.019,0.413,3.597,,0.118,16.42,,1.121,1790362847.284,1790362958.646,3.165,demo_booking,customer_hangup,0.0
1790362725,48,a349c0f1-6363-4c94-bad5-7a0848a885c5,1,paired,short,finalizada,,,5.472017880005296,5.368370615560425,11.352,1.0,1790362884.791,1790362896.143,0.527,0.511,0.016,0.884,3.606,,0.114,3.69,,1.525,1790362847.284,1790362958.646,4.235,demo_booking,customer_hangup,0.0
1790362725,48,a349c0f1-6363-4c94-bad5-7a0848a885c5,2,paired,medium,finalizada,,,3.2711859669943806,3.4391397999966977,12.636,2.6,1790362901.511,1790362914.148,0.723,0.708,0.015,0.486,3.214,,0.102,5.54,,1.311,1790362847.284,1790362958.646,2.023,demo_booking,customer_hangup,0.0
1790362725,48,a349c0f1-6363-4c94-bad5-7a0848a885c5,3,paired,medium,finalizada,,,4.4518468259775545,1.9917171548740535,12.496,2.24,1790362917.587,1790362930.083,0.779,0.754,0.025,0.605,2.056,,0.234,4.65,,1.618,1790362847.284,1790362958.646,3.049,demo_booking,customer_hangup,0.0
1790362725,48,a349c0f1-6363-4c94-bad5-7a0848a885c5,4,paired,medium,finalizada,,,3.7113520539714955,1.4887578729156403,11.797,2.24,1790362932.075,1790362943.872,0.624,0.606,0.018,0.439,1.77,,0.158,4.65,,1.22,1790362847.284,1790362958.646,2.539,demo_booking,customer_hangup,0.0
1790362725,48,a349c0f1-6363-4c94-bad5-7a0848a885c5,5,paired,short,finalizada,,,2.03179608299979,3.6421489486346914,9.637,1.0,1790362945.362,1790362954.998,1.001,0.383,0.618,0.214,0.867,,0.045,5.45,,1.26,1790362847.284,1790362958.646,1.298,demo_booking,customer_hangup,0.0
1790362725,48,fa5e9db0-8914-4eef-883a-677ab5d0ccca,0,paired,medium,finalizada,,,2.845536742999684,1.375445898281059,14.2,2.24,1790362856.01,1790362870.21,0.792,0.774,0.018,0.292,2.691,,0.232,7.62,,1.316,1790362847.839,1790362937.412,1.461,demo_booking,customer_hangup,0.0
1790362725,48,fa5e9db0-8914-4eef-883a-677ab5d0ccca,1,paired,medium,finalizada,,,3.306347570993239,2.5194760010806423,8.614,2.12,1790362871.586,1790362880.2,0.779,0.758,0.021,0.399,1.161,,0.215,2.01,,1.393,1790362847.839,1790362937.412,2.145,demo_booking,customer_hangup,0.0
1790362725,48,fa5e9db0-8914-4eef-883a-677ab5d0ccca,2,paired,short,finalizada,,,3.4053310570016038,4.706353291259917,8.937,0.48,1790362882.72,1790362891.657,0.898,0.878,0.02,0.62,3.252,,0.165,3.86,,1.684,1790362847.839,1790362937.412,2.171,demo_booking,customer_hangup,0.0
1790362725,48,fa5e9db0-8914-4eef-883a-677ab5d0ccca,3,paired,long,finalizada,,,5.665548318007495,1.5140683787746676,14.118,3.06,1790362896.364,1790362910.482,0.713,0.681,0.032,0.731,3.411,,0.158,4.17,,1.602,1790362847.839,1790362937.412,4.259,demo_booking,customer_hangup,0.0
1790362725,48,fa5e9db0-8914-4eef-883a-677ab5d0ccca,4,paired,medium,finalizada,,,2.805976625008043,3.557550230024067,9.933,2.24,1790362911.997,1790362921.93,0.85,0.833,0.017,0.533,1.662,,0.191,3.94,,1.574,1790362847.839,1790362937.412,1.694,demo_booking,customer_hangup,0.0
1790362725,48,fa5e9db0-8914-4eef-883a-677ab5d0ccca,5,paired,short,finalizada,,,2.866252754989546,3.2773632802695167,8.641,0.38,1790362925.488,1790362934.129,1.001,0.477,0.524,0.436,1.951,,0.196,4.18,,1.633,1790362847.839,1790362937.412,1.554,demo_booking,customer_hangup,0.0
1790362725,48,ebb307b8-44ac-4eb0-b601-4519d3846a29,0,paired,long,finalizada,,,4.473908370011486,1.8410273232063812,13.925,3.06,1790362861.742,1790362875.668,0.653,0.633,0.019,0.39,2.297,,0.18,5.45,,1.223,1790362848.084,1790362940.976,3.114,demo_booking,customer_hangup,0.0
1790362725,48,ebb307b8-44ac-4eb0-b601-4519d3846a29,1,paired,long,finalizada,,,6.313696240977151,1.2418333550380616,15.283,3.52,1790362877.51,1790362892.793,1.012,0.984,0.028,1.093,4.054,,0.204,4.17,,2.309,1790362848.084,1790362940.976,5.252,demo_booking,customer_hangup,0.0
1790362725,48,ebb307b8-44ac-4eb0-b601-4519d3846a29,2,paired,short,finalizada,,,5.314455604995601,1.0655402522078514,10.949,0.48,1790362894.035,1790362904.984,0.879,0.858,0.021,0.723,3.139,,0.147,3.93,,1.749,1790362848.084,1790362940.976,4.149,demo_booking,customer_hangup,0.0
1790362725,48,ebb307b8-44ac-4eb0-b601-4519d3846a29,3,paired,short,finalizada,,,4.373747322009876,3.1211638735227436,10.174,0.48,1790362906.05,1790362916.224,0.498,0.475,0.023,0.499,2.547,,0.128,4.09,,1.125,1790362848.084,1790362940.976,3.155,demo_booking,customer_hangup,0.0
1790362725,48,ebb307b8-44ac-4eb0-b601-4519d3846a29,4,paired,short,finalizada,,,2.113427808013512,2.8330047343206495,7.915,0.32,1790362919.346,1790362927.262,1.043,0.61,0.433,0.429,1.781,,0.102,4.34,,1.574,1790362848.084,1790362940.976,1.421,demo_booking,customer_hangup,0.0
1790362725,48,ebb307b8-44ac-4eb0-b601-4519d3846a29,5,paired,short,finalizada,,,2.253520355996443,2.42240443694675,8.453,0.32,1790362930.096,1790362938.549,1.002,0.453,0.549,0.258,1.043,,0.129,4.66,,1.388,1790362848.084,1790362940.976,1.134,demo_booking,customer_hangup,0.0
1790362725,48,c7c1e9e8-fc35-4f3a-9a79-249f62264f93,0,paired,short,finalizada,,,4.872176369011868,3.2319564190351304,12.263,1.0,1790362857.124,1790362869.387,0.706,0.674,0.032,0.426,2.482,,0.161,5.37,,1.294,1790362848.335,1790362939.749,3.322,demo_booking,customer_hangup,0.0
1790362725,48,c7c1e9e8-fc35-4f3a-9a79-249f62264f93,1,paired,medium,finalizada,,,3.1722111359995324,2.035794274886616,9.919,2.6,1790362872.62,1790362882.539,0.968,0.941,0.027,0.522,2.232,,0.114,2.98,,1.604,1790362848.335,1790362939.749,2.153,demo_booking,customer_hangup,0.0
1790362725,48,c7c1e9e8-fc35-4f3a-9a79-249f62264f93,2,paired,short,finalizada,,,3.6119666939775925,3.0124393306293333,9.819,0.32,1790362884.576,1790362894.395,1.001,0.436,0.565,0.749,3.798,,0.118,4.9,,1.868,1790362848.335,1790362939.749,2.508,demo_booking,customer_hangup,0.0
1790362725,48,c7c1e9e8-fc35-4f3a-9a79-249f62264f93,3,paired,long,finalizada,,,4.932265088980785,2.666933631264341,11.944,3.52,1790362897.407,1790362909.351,0.928,0.91,0.018,0.642,2.56,,0.251,2.25,,1.82,1790362848.335,1790362939.749,3.727,demo_booking,customer_hangup,0.0
1790362725,48,c7c1e9e8-fc35-4f3a-9a79-249f62264f93,4,paired,short,finalizada,,,3.3921496600087266,2.7977964580305246,6.979,0.38,1790362912.019,1790362918.998,1.0,0.512,0.489,0.32,1.304,,0.185,1.93,,1.506,1790362848.335,1790362939.749,2.008,demo_booking,customer_hangup,0.0
1790362725,48,c7c1e9e8-fc35-4f3a-9a79-249f62264f93,5,paired,short,finalizada,,,4.511849372996949,6.279734211273097,11.668,1.0,1790362921.797,1790362933.465,1.001,0.695,0.306,0.487,2.224,,0.144,4.89,,1.632,1790362848.335,1790362939.749,3.09,demo_booking,customer_hangup,0.0
1790362725,48,a546a741-eed5-4f79-9f3c-fb2c5c15fc52,0,paired,short,finalizada,,,4.414952013001312,2.826524548266468,11.279,0.48,1790362857.141,1790362868.421,0.71,0.685,0.025,0.657,2.087,,0.223,5.69,,1.59,1790362848.584,1790362952.991,3.002,demo_booking,customer_hangup,0.0
1790362725,48,a546a741-eed5-4f79-9f3c-fb2c5c15fc52,1,paired,long,finalizada,,,4.774777932994766,1.92261493471881,16.531,3.52,1790362871.248,1790362887.779,0.598,0.578,0.019,0.248,2.714,,0.187,6.89,,1.032,1790362848.584,1790362952.991,3.484,demo_booking,customer_hangup,0.0
1790362725,48,a546a741-eed5-4f79-9f3c-fb2c5c15fc52,2,paired,long,finalizada,,,4.994634453993058,2.3696812356571764,14.799,3.52,1790362889.703,1790362904.503,0.729,0.708,0.021,0.752,2.853,,0.145,5.05,,1.626,1790362848.584,1790362952.991,3.711,demo_booking,customer_hangup,0.0
1790362725,48,a546a741-eed5-4f79-9f3c-fb2c5c15fc52,3,paired,long,finalizada,,,3.2150519830174744,2.043133078721075,13.44,3.06,1790362906.873,1790362920.313,0.767,0.737,0.03,0.484,2.123,,0.295,5.94,,1.545,1790362848.584,1790362952.991,1.78,demo_booking,customer_hangup,0.0
1790362725,48,a546a741-eed5-4f79-9f3c-fb2c5c15fc52,4,paired,medium,finalizada,,,3.1150905880203936,1.6105909570581072,12.862,2.6,1790362922.357,1790362935.219,0.65,0.59,0.059,0.67,2.728,,0.16,6.1,,1.48,1790362848.584,1790362952.991,1.79,demo_booking,customer_hangup,0.0
1790362725,48,a546a741-eed5-4f79-9f3c-fb2c5c15fc52,5,paired,medium,finalizada,,,2.4344412950158585,5.400496667779676,10.755,2.12,1790362936.83,1790362947.585,0.53,0.517,0.013,0.25,1.081,,0.073,5.29,,0.852,1790362848.584,1790362952.991,1.674,demo_booking,customer_hangup,0.0
1790362725,48,ff1f3ff1-ebd8-4628-b8b0-b405dd7283c2,0,paired,medium,finalizada,,,5.121334789000684,3.849939639897645,14.47,2.6,1790362857.352,1790362871.823,0.655,0.63,0.025,0.883,2.919,,0.273,5.53,,1.811,1790362848.799,1790362948.938,3.824,demo_booking,customer_hangup,0.0
1790362725,48,ff1f3ff1-ebd8-4628-b8b0-b405dd7283c2,1,paired,long,finalizada,,,4.9607062689901795,2.324517592311414,15.238,3.06,1790362875.674,1790362890.912,0.765,0.741,0.024,0.582,2.799,,0.133,6.01,,1.48,1790362848.799,1790362948.938,3.677,demo_booking,customer_hangup,0.0
1790362725,48,ff1f3ff1-ebd8-4628-b8b0-b405dd7283c2,2,paired,short,finalizada,,,4.44106983099482,2.5596295159024622,9.188,0.38,1790362893.237,1790362902.425,1.001,0.451,0.55,0.747,2.606,,0.134,3.13,,1.882,1790362848.799,1790362948.938,3.211,demo_booking,customer_hangup,0.0
1790362725,48,ff1f3ff1-ebd8-4628-b8b0-b405dd7283c2,3,paired,medium,finalizada,,,4.8016602029965725,2.4618439335624074,13.317,2.24,1790362904.985,1790362918.302,0.736,0.718,0.018,0.753,2.427,,0.202,5.05,,1.691,1790362848.799,1790362948.938,3.356,demo_booking,customer_hangup,0.0
1790362725,48,ff1f3ff1-ebd8-4628-b8b0-b405dd7283c2,4,paired,short,finalizada,,,4.021100243990077,2.0789102807841306,11.531,1.0,1790362920.765,1790362932.296,1.001,0.466,0.535,0.37,2.002,,0.155,5.37,,1.526,1790362848.799,1790362948.938,2.63,demo_booking,customer_hangup,0.0
1790362725,48,ff1f3ff1-ebd8-4628-b8b0-b405dd7283c2,5,paired,medium,finalizada,,,3.0814968749764375,3.6611030689759474,10.899,2.24,1790362934.375,1790362945.273,0.59,0.576,0.014,0.377,1.282,,0.216,4.57,,1.183,1790362848.799,1790362948.938,2.078,demo_booking,customer_hangup,0.0
1790362725,48,2507a306-5c6b-404e-a507-e3e277e2d8cf,0,paired,medium,finalizada,,,3.647443221998401,3.176116871468598,13.046,2.24,1790362857.167,1790362870.213,0.904,0.858,0.045,0.823,3.153,,0.185,5.78,,1.912,1790362849.044,1790362935.937,2.39,demo_booking,customer_hangup,0.0
1790362725,48,2507a306-5c6b-404e-a507-e3e277e2d8cf,1,paired,medium,finalizada,,,3.046795797010418,1.0,11.064,2.24,1790362873.39,1790362884.454,0.744,0.725,0.02,0.292,2.363,,0.117,4.58,,1.153,1790362849.044,1790362935.937,1.761,demo_booking,customer_hangup,0.0
1790362725,48,2507a306-5c6b-404e-a507-e3e277e2d8cf,2,paired,short,finalizada,,,3.3472638099920005,3.9508242333689023,9.547,0.32,1790362885.455,1790362895.002,1.001,0.445,0.557,1.045,3.645,,0.162,4.34,,2.208,1790362849.044,1790362935.937,2.392,demo_booking,customer_hangup,0.0
1790362725,48,2507a306-5c6b-404e-a507-e3e277e2d8cf,3,paired,short,finalizada,,,5.027119601989398,4.197948848364699,10.052,0.38,1790362898.953,1790362909.005,1.001,0.536,0.465,0.677,2.878,,0.167,3.45,,1.845,1790362849.044,1790362935.937,3.586,demo_booking,customer_hangup,0.0
1790362725,48,2507a306-5c6b-404e-a507-e3e277e2d8cf,4,paired,medium,finalizada,,,2.4467843440070283,2.242161142083079,10.289,2.24,1790362913.205,1790362923.494,0.909,0.893,0.017,0.281,1.482,,0.159,4.34,,1.349,1790362849.044,1790362935.937,1.46,demo_booking,customer_hangup,0.0
1790362725,48,2507a306-5c6b-404e-a507-e3e277e2d8cf,5,paired,short,finalizada,,,3.6673800419957843,1.0,9.195,1.0,1790362925.737,1790362934.932,1.0,0.507,0.493,0.412,1.598,,0.201,3.53,,1.613,1790362849.044,1790362935.937,2.31,demo_booking,customer_hangup,0.0
1790362725,48,7cfee32b-ce9b-44ec-9923-1d6e1f265f0d,0,paired,medium,finalizada,,,5.36080337598105,2.941647195858847,14.59,2.12,1790362857.684,1790362872.273,0.824,0.794,0.03,0.88,2.999,,0.191,6.17,,1.895,1790362849.293,1790362957.052,3.989,demo_booking,customer_hangup,0.0
1790362725,48,7cfee32b-ce9b-44ec-9923-1d6e1f265f0d,1,paired,medium,finalizada,,,3.059884525020607,2.096611714503159,14.091,2.6,1790362875.216,1790362889.307,0.547,0.533,0.014,0.407,3.153,,0.127,7.22,,1.081,1790362849.293,1790362957.052,1.821,demo_booking,customer_hangup,0.0
1790362725,48,7cfee32b-ce9b-44ec-9923-1d6e1f265f0d,2,paired,short,finalizada,,,2.7402316560037434,1.4117567052548445,11.988,0.32,1790362891.405,1790362903.393,1.0,0.516,0.485,0.394,2.88,,0.134,7.7,,1.529,1790362849.293,1790362957.052,1.827,demo_booking,customer_hangup,0.0
1790362725,48,7cfee32b-ce9b-44ec-9923-1d6e1f265f0d,3,paired,long,finalizada,,,3.260864847979974,8.499953369309205,14.954,3.52,1790362904.805,1790362919.759,1.001,0.652,0.349,0.501,2.736,,0.171,6.9,,1.672,1790362849.293,1790362957.052,1.859,demo_booking,customer_hangup,0.0
1790362725,48,7cfee32b-ce9b-44ec-9923-1d6e1f265f0d,4,paired,short,finalizada,,,3.459766805986874,1.3070495961118989,10.493,0.48,1790362928.26,1790362938.752,0.586,0.532,0.054,0.397,1.55,,0.147,5.45,,1.13,1790362849.293,1790362957.052,2.235,demo_booking,customer_hangup,0.0
1790362725,48,7cfee32b-ce9b-44ec-9923-1d6e1f265f0d,5,paired,long,finalizada,,,2.2198353999992833,4.213018726140771,12.774,3.52,1790362940.06,1790362952.834,0.562,0.547,0.014,0.248,0.929,,0.047,5.85,,0.857,1790362849.293,1790362957.052,1.527,demo_booking,customer_hangup,0.0
1790362725,48,54fba884-c320-4404-8ce0-fd9b225bf261,0,paired,medium,finalizada,,,3.1743552229891066,3.4287337812722276,11.835,2.6,1790362857.89,1790362869.725,0.565,0.547,0.018,0.536,2.969,,0.145,5.54,,1.246,1790362849.544,1790362953.694,1.696,demo_booking,customer_hangup,0.0
1790362725,48,54fba884-c320-4404-8ce0-fd9b225bf261,1,paired,medium,finalizada,,,3.2146599809930194,2.4010924011916206,12.376,2.12,1790362873.154,1790362885.53,0.85,0.831,0.019,0.507,2.76,,0.109,6.34,,1.466,1790362849.544,1790362953.694,2.097,demo_booking,customer_hangup,0.0
1790362725,48,54fba884-c320-4404-8ce0-fd9b225bf261,2,paired,long,finalizada,,,2.3142406000115443,3.833507812276214,14.242,3.52,1790362887.932,1790362902.175,0.586,0.557,0.03,0.346,2.089,,0.103,7.22,,1.035,1790362849.544,1790362953.694,1.374,demo_booking,customer_hangup,0.0
1790362725,48,54fba884-c320-4404-8ce0-fd9b225bf261,3,paired,short,finalizada,,,2.834178838005755,2.7403117314685375,10.28,0.38,1790362906.008,1790362916.288,1.0,0.515,0.485,0.429,2.842,,0.149,5.86,,1.579,1790362849.544,1790362953.694,1.852,demo_booking,customer_hangup,0.0
1790362725,48,54fba884-c320-4404-8ce0-fd9b225bf261,4,paired,medium,finalizada,,,2.7940350720018614,1.2204411747203743,11.23,2.24,1790362919.03,1790362930.26,0.704,0.688,0.016,0.346,2.08,,0.178,4.98,,1.228,1790362849.544,1790362953.694,1.552,demo_booking,customer_hangup,0.0
1790362725,48,54fba884-c320-4404-8ce0-fd9b225bf261,5,paired,long,finalizada,,,2.6540839340013918,3.3233350430824444,18.885,3.52,1790362931.481,1790362950.366,0.594,0.577,0.017,0.402,2.349,,0.13,11.55,,1.126,1790362849.544,1790362953.694,1.58,demo_booking,customer_hangup,0.0
1790362725,48,e5190f12-6aac-41fe-b2bf-09d517deb1f5,0,paired,short,finalizada,,,2.3599089300259948,2.3070413161750105,7.992,0.32,1790362857.791,1790362865.783,1.001,0.481,0.52,0.621,1.877,,0.133,3.86,,1.755,1790362849.299,1790362946.653,1.384,demo_booking,customer_hangup,0.0
1790362725,48,e5190f12-6aac-41fe-b2bf-09d517deb1f5,1,paired,short,finalizada,,,3.299935554008698,1.3312842332934267,8.858,1.0,1790362868.091,1790362876.949,1.001,0.533,0.468,0.411,1.359,,0.13,3.37,,1.541,1790362849.299,1790362946.653,2.027,demo_booking,customer_hangup,0.0
1790362725,48,e5190f12-6aac-41fe-b2bf-09d517deb1f5,2,paired,medium,finalizada,,,5.820522076013731,1.3304386132305626,14.662,2.12,1790362878.281,1790362892.943,0.681,0.658,0.023,0.375,3.77,,0.164,5.53,,1.219,1790362849.299,1790362946.653,4.597,demo_booking,customer_hangup,0.0
1790362725,48,e5190f12-6aac-41fe-b2bf-09d517deb1f5,3,paired,short,finalizada,,,2.9801812439982314,3.986821995670965,13.822,0.32,1790362894.275,1790362908.096,1.001,0.78,0.221,0.721,3.939,,0.072,8.82,,1.794,1790362849.299,1790362946.653,1.828,demo_booking,customer_hangup,0.0
1790362725,48,e5190f12-6aac-41fe-b2bf-09d517deb1f5,4,paired,medium,finalizada,,,2.9797758240019903,4.617606935457468,14.89,2.12,1790362912.084,1790362926.974,0.907,0.89,0.017,0.531,2.19,,0.18,8.58,,1.619,1790362849.299,1790362946.653,1.807,demo_booking,customer_hangup,0.0
1790362725,48,e5190f12-6aac-41fe-b2bf-09d517deb1f5,5,paired,short,finalizada,,,1.880622871016385,2.4296013167976427,12.626,1.0,1790362931.592,1790362944.219,1.001,0.546,0.455,0.25,1.596,,0.115,8.5,,1.367,1790362849.299,1790362946.653,1.121,demo_booking,customer_hangup,0.0
1790362725,48,34c8d616-303d-4e8e-b299-e421fe9ce3c2,0,paired,short,finalizada,,,4.23739683398162,3.0270195505818265,10.023,1.0,1790362857.504,1790362867.527,1.0,0.612,0.388,0.293,2.102,,0.146,3.61,,1.439,1790362849.542,1790362939.766,2.864,demo_booking,customer_hangup,0.0
1790362725,48,34c8d616-303d-4e8e-b299-e421fe9ce3c2,1,paired,short,finalizada,,,2.457806164980866,1.2993710512003034,8.816,0.32,1790362870.555,1790362879.372,1.001,0.455,0.546,0.376,1.674,,0.209,4.82,,1.586,1790362849.542,1790362939.766,1.214,demo_booking,customer_hangup,0.0
1790362725,48,34c8d616-303d-4e8e-b299-e421fe9ce3c2,2,paired,medium,finalizada,,,2.7778351320012007,3.493553637892956,7.571,2.24,1790362880.671,1790362888.242,0.577,0.56,0.017,0.571,4.483,,0.125,7.62,,1.273,1790362849.542,1790362939.766,1.772,demo_booking,customer_hangup,0.0
1790362725,48,34c8d616-303d-4e8e-b299-e421fe9ce3c2,3,paired,long,finalizada,,,4.837518390995683,1.8611863446749541,13.395,3.52,1790362891.737,1790362905.132,0.607,0.606,0.002,0.404,2.84,,0.127,4.01,,1.138,1790362849.542,1790362939.766,3.582,demo_booking,customer_hangup,0.0
1790362725,48,34c8d616-303d-4e8e-b299-e421fe9ce3c2,4,paired,medium,finalizada,,,4.498082121019252,1.1661297840931504,13.288,2.6,1790362906.994,1790362920.283,0.57,0.546,0.024,0.541,2.317,,0.234,5.05,,1.344,1790362849.542,1790362939.766,3.104,demo_booking,customer_hangup,0.0
1790362725,48,34c8d616-303d-4e8e-b299-e421fe9ce3c2,5,paired,long,finalizada,,,4.977356210001744,4.586806559787757,13.726,3.06,1790362921.449,1790362935.175,0.785,0.769,0.016,0.482,2.496,,0.226,4.41,,1.493,1790362849.542,1790362939.766,3.496,demo_booking,customer_hangup,0.0
1790362725,48,efbeaf9a-6064-4f49-8474-ef1d0b46ac1c,0,paired,short,finalizada,,,4.969575169001473,3.4398640824281297,10.912,0.48,1790362858.632,1790362869.544,0.5,0.467,0.033,0.338,2.647,,0.292,4.81,,1.129,1790362849.792,1790362942.323,3.424,demo_booking,customer_hangup,0.0
1790362725,48,efbeaf9a-6064-4f49-8474-ef1d0b46ac1c,1,paired,short,finalizada,,,4.089677908021258,6.709411209651405,10.561,0.48,1790362872.984,1790362883.546,0.703,0.677,0.026,0.458,2.006,,0.163,4.97,,1.324,1790362849.792,1790362942.323,2.851,demo_booking,customer_hangup,0.0
1790362725,48,efbeaf9a-6064-4f49-8474-ef1d0b46ac1c,2,paired,short,finalizada,,,2.7896958799974527,1.7079390520021815,7.177,0.38,1790362890.256,1790362897.433,1.002,0.473,0.529,0.337,1.295,,0.115,3.05,,1.453,1790362849.792,1790362942.323,1.888,demo_booking,customer_hangup,0.0
1790362725,48,efbeaf9a-6064-4f49-8474-ef1d0b46ac1c,3,paired,long,finalizada,,,4.849541651987238,2.4545401631713943,13.128,3.52,1790362899.141,1790362912.269,0.941,0.923,0.018,0.642,2.69,,0.158,3.53,,1.742,1790362849.792,1790362942.323,3.775,demo_booking,customer_hangup,0.0
1790362725,48,efbeaf9a-6064-4f49-8474-ef1d0b46ac1c,4,paired,short,finalizada,,,3.9689319930039346,1.5225615646755728,8.034,0.38,1790362914.724,1790362922.758,1.001,0.929,0.072,0.491,1.533,,0.174,2.65,,1.666,1790362849.792,1790362942.323,2.645,demo_booking,customer_hangup,0.0
1790362725,48,efbeaf9a-6064-4f49-8474-ef1d0b46ac1c,5,paired,short,finalizada,,,4.829869536013575,5.643438106018889,12.39,1.0,1790362924.282,1790362936.671,1.001,0.839,0.162,0.53,2.281,,0.235,5.37,,1.766,1790362849.792,1790362942.323,3.364,demo_booking,customer_hangup,0.0
1790362725,48,6f98a832-5b7c-424e-a64f-de7d5bae9fc4,0,paired,long,finalizada,,,4.793226422014413,4.592487873490087,11.576,3.52,1790362858.389,1790362869.965,0.641,0.619,0.022,0.297,2.477,,0.194,2.49,,1.132,1790362850.042,1790362939.73,3.296,demo_booking,customer_hangup,0.0
1790362725,48,6f98a832-5b7c-424e-a64f-de7d5bae9fc4,1,paired,short,finalizada,,,4.513304849999258,2.059959394145037,8.207,0.38,1790362874.558,1790362882.765,1.004,0.551,0.454,0.99,2.261,,0.185,2.41,,2.179,1790362850.042,1790362939.73,3.003,demo_booking,customer_hangup,0.0
1790362725,48,6f98a832-5b7c-424e-a64f-de7d5bae9fc4,2,paired,short,finalizada,,,6.233422126999358,1.5407357994037523,13.143,0.32,1790362884.825,1790362897.968,1.001,0.625,0.376,1.127,4.112,,0.135,5.61,,2.262,1790362850.042,1790362939.73,4.878,demo_booking,customer_hangup,0.0
1790362725,48,6f98a832-5b7c-424e-a64f-de7d5bae9fc4,3,paired,short,finalizada,,,2.6535268160223495,1.5874696277440628,9.427,0.32,1790362899.509,1790362908.936,1.0,0.463,0.538,0.855,3.244,,0.156,4.26,,2.012,1790362850.042,1790362939.73,1.697,demo_booking,customer_hangup,0.0
1790362725,48,6f98a832-5b7c-424e-a64f-de7d5bae9fc4,4,paired,long,finalizada,,,4.073196003999328,3.5461661110457987,14.497,3.06,1790362910.525,1790362925.022,1.272,1.241,0.031,0.797,2.197,,0.225,6.18,,2.294,1790362850.042,1790362939.73,2.984,demo_booking,customer_hangup,0.0
1790362725,48,6f98a832-5b7c-424e-a64f-de7d5bae9fc4,5,paired,long,finalizada,,,2.613412746024551,1.9188945278540603,9.237,3.52,1790362928.569,1790362937.806,0.658,0.623,0.035,0.265,1.131,,0.095,1.93,,1.019,1790362850.042,1790362939.73,1.862,demo_booking,customer_hangup,0.0
1790362725,48,81e5b5e3-2e30-4c8c-9043-701b497649f4,0,paired,short,finalizada,,,3.6933624020020943,5.073390487495969,9.731,0.32,1790362859.226,1790362868.957,1.025,0.991,0.034,0.876,2.332,,0.306,5.7,,2.206,1790362850.32,1790362928.18,2.444,demo_booking,customer_hangup,0.0
1790362725,48,81e5b5e3-2e30-4c8c-9043-701b497649f4,1,paired,medium,finalizada,,,2.7132558199809864,2.4697233592326078,14.528,2.24,1790362874.031,1790362888.56,0.686,0.67,0.017,0.496,3.012,,0.188,7.94,,1.37,1790362850.32,1790362928.18,1.49,demo_booking,customer_hangup,0.0
1790362725,48,81e5b5e3-2e30-4c8c-9043-701b497649f4,2,paired,long,finalizada,,,3.4734620029921643,1.9787182636939127,10.402,3.52,1790362891.03,1790362901.431,0.889,0.852,0.037,0.722,4.799,,0.173,10.26,,1.784,1790362850.32,1790362928.18,2.187,demo_booking,customer_hangup,0.0
1790362725,48,81e5b5e3-2e30-4c8c-9043-701b497649f4,3,paired,short,finalizada,,,-2.026482050976483,2.796413906175269,2.386,0.32,1790362903.411,1790362905.796,1.001,0.848,0.153,0.552,3.75,,0.107,4.3,,1.66,1790362850.32,1790362928.18,2.288,demo_booking,customer_hangup,0.0
1790362725,48,81e5b5e3-2e30-4c8c-9043-701b497649f4,4,paired,short,finalizada,,,-1.9266664349997882,1.4578922047655674,2.159,0.48,1790362908.593,1790362910.752,0.559,0.555,0.004,1.539,2.37,,0.15,0.05,,2.248,1790362850.32,1790362928.18,3.13,demo_booking,customer_hangup,0.0
1790362725,48,81e5b5e3-2e30-4c8c-9043-701b497649f4,5,paired,short,finalizada,,,3.2732539510179777,7.507301880465464,8.456,0.38,1790362912.211,1790362920.667,1.001,0.548,0.452,0.415,1.288,,0.19,3.54,,1.605,1790362850.32,1790362928.18,1.787,demo_booking,customer_hangup,0.0
1790362725,48,2db53099-a92f-4989-818f-cd544f9f9598,0,paired,short,finalizada,,,2.8530167219869327,2.9284098166494057,9.009,0.32,1790362859.556,1790362868.566,1.002,0.674,0.328,0.883,2.339,,0.227,3.94,,2.112,1790362850.561,1790362948.892,2.023,demo_booking,customer_hangup,0.0
1790362725,48,2db53099-a92f-4989-818f-cd544f9f9598,1,paired,long,finalizada,,,3.1930777239904273,2.4368324756674347,15.673,3.52,1790362871.495,1790362887.168,0.942,0.915,0.027,0.668,3.663,,0.144,7.54,,1.754,1790362850.561,1790362948.892,1.999,demo_booking,customer_hangup,0.0
1790362725,48,2db53099-a92f-4989-818f-cd544f9f9598,2,paired,long,finalizada,,,3.1528965230099857,1.17860005942818,16.313,3.52,1790362889.606,1790362905.919,0.62,0.604,0.017,0.593,4.113,,0.12,8.26,,1.333,1790362850.561,1790362948.892,2.096,demo_booking,customer_hangup,0.0
1790362725,48,2db53099-a92f-4989-818f-cd544f9f9598,3,paired,short,finalizada,,,4.132725693983957,1.6101918405348314,10.151,1.0,1790362907.098,1790362917.249,1.0,0.471,0.529,0.346,1.942,,0.222,3.85,,1.568,1790362850.561,1790362948.892,2.639,demo_booking,customer_hangup,0.0
1790362725,48,2db53099-a92f-4989-818f-cd544f9f9598,4,paired,long,finalizada,,,4.573443518980639,1.0,14.775,3.52,1790362918.86,1790362933.635,0.898,0.855,0.043,0.356,2.164,,0.186,5.53,,1.439,1790362850.561,1790362948.892,3.233,demo_booking,customer_hangup,0.0
1790362725,48,2db53099-a92f-4989-818f-cd544f9f9598,5,paired,short,finalizada,,,3.5325704169808887,3.6524121839312746,10.6,0.48,1790362934.636,1790362945.235,0.554,0.533,0.021,0.302,1.724,,0.114,5.37,,0.969,1790362850.561,1790362948.892,2.376,demo_booking,customer_hangup,0.0
1790362725,48,4498fc9b-258a-43bd-afd1-d2c45df08e3b,0,paired,short,finalizada,,,2.8363860129902605,5.693394091451127,8.864,0.32,1790362859.763,1790362868.627,1.001,0.608,0.393,0.742,2.2,,0.217,4.26,,1.96,1790362850.811,1790362943.307,1.83,demo_booking,customer_hangup,0.0
1790362725,48,4498fc9b-258a-43bd-afd1-d2c45df08e3b,1,paired,short,finalizada,,,4.716967643995304,3.161119156158731,12.56,0.48,1790362874.32,1790362886.88,0.674,0.645,0.03,0.709,2.527,,0.216,6.17,,1.599,1790362850.811,1790362943.307,3.392,demo_booking,customer_hangup,0.0
1790362725,48,4498fc9b-258a-43bd-afd1-d2c45df08e3b,2,paired,short,finalizada,,,3.1966827349970117,1.2372848183923408,8.664,1.0,1790362890.042,1790362898.707,0.492,0.473,0.019,0.244,1.654,,0.109,3.29,,0.845,1790362850.811,1790362943.307,2.242,demo_booking,customer_hangup,0.0
1790362725,48,4498fc9b-258a-43bd-afd1-d2c45df08e3b,3,paired,medium,finalizada,,,4.63670721402741,1.039492411047675,10.766,2.12,1790362899.945,1790362910.711,0.527,0.512,0.016,0.782,2.935,,0.195,2.81,,1.504,1790362850.811,1790362943.307,3.646,demo_booking,customer_hangup,0.0
1790362725,48,4498fc9b-258a-43bd-afd1-d2c45df08e3b,4,paired,long,finalizada,,,4.156555733992718,2.7899585560979796,14.232,3.52,1790362911.752,1790362925.984,0.796,0.745,0.051,0.503,1.865,,0.267,5.53,,1.566,1790362850.811,1790362943.307,2.889,demo_booking,customer_hangup,0.0
1790362725,48,4498fc9b-258a-43bd-afd1-d2c45df08e3b,5,paired,long,finalizada,,,2.936781633994542,1.639130485414042,12.889,3.52,1790362928.774,1790362941.663,0.703,0.677,0.026,0.377,1.458,,0.075,5.21,,1.155,1790362850.811,1790362943.307,2.215,demo_booking,customer_hangup,0.0
1790362725,48,c0281dd1-a326-4723-b5a8-a0407fdfc9a2,0,paired,long,finalizada,,,3.13091296699713,1.4242071283960578,15.052,3.52,1790362859.969,1790362875.02,0.684,0.651,0.033,0.447,2.86,,0.198,7.22,,1.33,1790362851.061,1790362951.431,1.782,demo_booking,customer_hangup,0.0
1790362725,48,c0281dd1-a326-4723-b5a8-a0407fdfc9a2,1,paired,short,finalizada,,,2.610842637019232,3.317351567493749,12.327,0.32,1790362876.445,1790362888.772,1.002,0.43,0.572,0.269,2.924,,0.212,8.9,,1.482,1790362851.061,1790362951.431,1.221,demo_booking,customer_hangup,0.0
1790362725,48,c0281dd1-a326-4723-b5a8-a0407fdfc9a2,2,paired,medium,finalizada,,,5.350826044013957,1.0,13.516,2.6,1790362892.09,1790362905.607,0.973,0.947,0.026,0.597,2.893,,0.133,4.97,,1.703,1790362851.061,1790362951.431,3.977,demo_booking,customer_hangup,0.0
1790362725,48,c0281dd1-a326-4723-b5a8-a0407fdfc9a2,3,paired,short,finalizada,,,2.4108859749976546,2.1882149982111305,9.001,0.32,1790362906.607,1790362915.608,1.001,0.428,0.573,0.636,2.383,,0.128,4.42,,1.764,1790362851.061,1790362951.431,1.673,demo_booking,customer_hangup,0.0
1790362725,48,c0281dd1-a326-4723-b5a8-a0407fdfc9a2,4,paired,long,finalizada,,,4.190790520020528,1.9858845912645657,14.887,3.06,1790362917.797,1790362932.683,0.604,0.586,0.018,0.329,2.112,,0.144,6.33,,1.077,1790362851.061,1790362951.431,2.847,demo_booking,customer_hangup,0.0
1790362725,48,c0281dd1-a326-4723-b5a8-a0407fdfc9a2,5,paired,long,finalizada,,,2.4505567669984885,4.332142372922652,12.423,3.52,1790362934.67,1790362947.093,0.59,0.576,0.014,0.256,1.008,,0.095,5.21,,0.941,1790362851.061,1790362951.431,1.683,demo_booking,customer_hangup,0.0
1790362725,48,6a572633-513c-4c3f-b6d0-c12c8c3f8ed1,0,paired,medium,finalizada,,,4.87591870300821,1.5349632288469244,14.517,2.6,1790362860.445,1790362874.961,0.561,0.539,0.021,0.837,2.688,,0.216,6.01,,1.614,1790362851.832,1790362955.153,3.453,demo_booking,customer_hangup,0.0
1790362725,48,6a572633-513c-4c3f-b6d0-c12c8c3f8ed1,1,paired,long,finalizada,,,5.175689544994384,5.029889618320504,14.297,3.52,1790362876.497,1790362890.795,0.737,0.7,0.037,0.419,3.08,,0.179,4.41,,1.335,1790362851.832,1790362955.153,3.967,demo_booking,customer_hangup,0.0
1790362725,48,6a572633-513c-4c3f-b6d0-c12c8c3f8ed1,2,paired,short,finalizada,,,6.415863395988708,1.9458161586222502,12.328,0.48,1790362895.825,1790362908.152,0.823,0.793,0.031,0.616,4.12,,0.163,4.17,,1.602,1790362851.832,1790362955.153,5.082,demo_booking,customer_hangup,0.0
1790362725,48,6a572633-513c-4c3f-b6d0-c12c8c3f8ed1,3,paired,medium,finalizada,,,3.7357075609907042,1.3202468666621208,11.303,2.12,1790362910.099,1790362921.402,0.595,0.571,0.024,0.408,1.584,,0.185,4.41,,1.188,1790362851.832,1790362955.153,2.349,demo_booking,customer_hangup,0.0
1790362725,48,6a572633-513c-4c3f-b6d0-c12c8c3f8ed1,4,paired,medium,finalizada,,,4.756177642993862,3.624849825187499,12.5,2.12,1790362922.723,1790362935.224,0.722,0.691,0.031,0.613,2.315,,0.213,4.49,,1.548,1790362851.832,1790362955.153,3.225,demo_booking,customer_hangup,0.0
1790362725,48,6a572633-513c-4c3f-b6d0-c12c8c3f8ed1,5,paired,long,finalizada,,,2.216209294012515,5.267076984037018,11.032,3.52,1790362938.85,1790362949.881,0.485,0.471,0.014,0.308,0.937,,0.067,4.09,,0.859,1790362851.832,1790362955.153,1.478,demo_booking,customer_hangup,0.0
1790362725,48,3bde1b34-6e53-43b2-bd59-0e08ee065978,0,paired,medium,finalizada,,,3.2846395169908646,3.2489099771122136,11.525,2.12,1790362861.396,1790362872.921,0.827,0.812,0.015,0.333,2.247,,0.206,4.9,,1.366,1790362852.074,1790362945.374,1.911,demo_booking,customer_hangup,0.0
1790362725,48,3bde1b34-6e53-43b2-bd59-0e08ee065978,1,paired,long,finalizada,,,4.404615907988045,2.922410417425235,12.013,3.06,1790362876.171,1790362888.184,0.642,0.624,0.019,0.619,2.14,,0.147,3.77,,1.409,1790362852.074,1790362945.374,2.918,demo_booking,customer_hangup,0.0
1790362725,48,3bde1b34-6e53-43b2-bd59-0e08ee065978,2,paired,short,finalizada,,,3.1649683020077646,2.353459026393292,7.996,0.48,1790362891.106,1790362899.103,0.56,0.5,0.06,0.475,1.559,,0.095,3.45,,1.131,1790362852.074,1790362945.374,2.182,demo_booking,customer_hangup,0.0
1790362725,48,3bde1b34-6e53-43b2-bd59-0e08ee065978,3,paired,medium,finalizada,,,4.964663758000825,4.262334841837333,12.862,2.24,1790362901.457,1790362914.319,0.828,0.801,0.027,0.689,3.101,,0.158,4.49,,1.674,1790362852.074,1790362945.374,4.064,demo_booking,customer_hangup,0.0
1790362725,48,3bde1b34-6e53-43b2-bd59-0e08ee065978,4,paired,short,finalizada,,,3.6849021450034343,1.0,10.889,1.0,1790362918.582,1790362929.471,0.504,0.482,0.022,0.434,1.827,,0.132,4.97,,1.07,1790362852.074,1790362945.374,2.448,demo_booking,customer_hangup,0.0
1790362725,48,3bde1b34-6e53-43b2-bd59-0e08ee065978,5,paired,long,finalizada,,,3.4046625740011223,1.8877770952778121,13.008,3.52,1790362930.472,1790362943.48,0.562,0.547,0.015,0.3,1.593,,0.171,4.89,,1.033,1790362852.074,1790362945.374,2.315,demo_booking,customer_hangup,0.0
1790362725,48,b901ec49-40d7-4c11-b512-57fb81fe9e47,0,paired,medium,finalizada,,,4.6102369249856565,1.0,13.607,2.6,1790362861.56,1790362875.167,1.001,0.585,0.416,0.553,2.511,,0.162,5.29,,1.716,1790362852.323,1790362951.609,3.265,demo_booking,customer_hangup,0.0
1790362725,48,b901ec49-40d7-4c11-b512-57fb81fe9e47,1,paired,long,finalizada,,,4.710334692004835,2.951097125577474,13.232,3.52,1790362876.167,1790362889.399,0.633,0.614,0.019,0.483,2.609,,0.123,3.85,,1.239,1790362852.323,1790362951.609,3.35,demo_booking,customer_hangup,0.0
1790362725,48,b901ec49-40d7-4c11-b512-57fb81fe9e47,2,paired,medium,finalizada,,,5.729992681997828,3.816031643404352,14.339,2.6,1790362892.351,1790362906.689,0.687,0.665,0.022,0.602,3.561,,0.135,4.81,,1.425,1790362852.323,1790362951.609,4.368,demo_booking,customer_hangup,0.0
1790362725,48,b901ec49-40d7-4c11-b512-57fb81fe9e47,3,paired,long,finalizada,,,4.030213082995033,4.942553280755362,11.101,3.06,1790362910.506,1790362921.608,0.821,0.76,0.061,0.351,1.713,,0.136,3.45,,1.308,1790362852.323,1790362951.609,2.641,demo_booking,customer_hangup,0.0
1790362725,48,b901ec49-40d7-4c11-b512-57fb81fe9e47,4,paired,short,finalizada,,,4.169959443999687,1.3107592888822783,9.805,0.32,1790362926.551,1790362936.356,1.0,0.518,0.483,0.349,1.833,,0.159,4.97,,1.508,1790362852.323,1790362951.609,2.513,demo_booking,customer_hangup,0.0
1790362725,48,b901ec49-40d7-4c11-b512-57fb81fe9e47,5,paired,long,finalizada,,,2.290271959005622,2.322167532100787,11.615,3.52,1790362937.667,1790362949.281,0.587,0.572,0.015,0.337,0.937,,0.05,4.57,,0.973,1790362852.323,1790362951.609,1.562,demo_booking,customer_hangup,0.0
1790362725,48,352dd2f9-361a-4a2f-9830-4e8f65aa7372,0,paired,short,finalizada,,,3.603132333024405,1.4523829517467268,9.155,0.32,1790362861.788,1790362870.943,1.001,0.718,0.283,1.064,2.758,,0.162,4.02,,2.227,1790362852.574,1790362945.344,2.415,demo_booking,customer_hangup,0.0
1790362725,48,352dd2f9-361a-4a2f-9830-4e8f65aa7372,1,paired,short,finalizada,,,3.103217941999901,4.714861919327862,13.272,1.0,1790362872.396,1790362885.668,1.002,0.766,0.236,0.517,2.522,,0.125,8.02,,1.644,1790362852.574,1790362945.344,1.743,demo_booking,customer_hangup,0.0
1790362725,48,352dd2f9-361a-4a2f-9830-4e8f65aa7372,2,paired,short,finalizada,,,2.983113937021699,1.2911054511179174,7.441,0.38,1790362890.384,1790362897.825,1.0,0.459,0.542,0.271,1.458,,0.091,2.89,,1.362,1790362852.574,1790362945.344,2.012,demo_booking,customer_hangup,0.0
1790362725,48,352dd2f9-361a-4a2f-9830-4e8f65aa7372,3,paired,long,finalizada,,,4.983113749010954,5.272481272427701,14.257,3.52,1790362899.117,1790362913.374,0.655,0.629,0.025,0.821,3.133,,0.123,4.57,,1.598,1790362852.574,1790362945.344,3.89,demo_booking,customer_hangup,0.0
1790362725,48,352dd2f9-361a-4a2f-9830-4e8f65aa7372,4,paired,short,finalizada,,,3.263523730012821,1.0,10.542,0.48,1790362918.647,1790362929.189,0.491,0.472,0.02,0.424,1.8,,0.115,5.53,,1.03,1790362852.574,1790362945.344,2.393,demo_booking,customer_hangup,0.0
1790362725,48,352dd2f9-361a-4a2f-9830-4e8f65aa7372,5,paired,long,finalizada,,,3.463199285994051,1.9214436157862902,13.228,3.52,1790362930.19,1790362943.418,0.59,0.572,0.018,0.349,1.737,,0.101,5.05,,1.04,1790362852.574,1790362945.344,2.414,demo_booking,customer_hangup,0.0
1790362725,48,69a54f52-a1aa-411b-acb7-0e918c5de7a8,0,paired,medium,finalizada,,,4.647454627003754,3.2052940689544567,29.794,2.6,1790362861.895,1790362891.69,0.575,0.552,0.022,0.394,4.106,,0.123,21.39,,1.091,1790362852.322,1790362959.58,3.256,demo_booking,customer_hangup,0.0
1790362725,48,69a54f52-a1aa-411b-acb7-0e918c5de7a8,1,paired,medium,finalizada,,,6.967139150976436,1.543279907865972,14.528,2.12,1790362894.895,1790362909.423,0.83,0.791,0.038,1.174,4.329,,0.245,4.49,,2.248,1790362852.322,1790362959.58,5.374,demo_booking,customer_hangup,0.0
1790362725,48,69a54f52-a1aa-411b-acb7-0e918c5de7a8,2,paired,short,finalizada,,,3.6875876120175235,1.7486375183506344,8.971,1.0,1790362910.967,1790362919.938,1.001,0.511,0.49,0.341,1.475,,0.244,3.13,,1.586,1790362852.322,1790362959.58,2.243,demo_booking,customer_hangup,0.0
1790362725,48,69a54f52-a1aa-411b-acb7-0e918c5de7a8,3,paired,short,finalizada,,,3.4876700959866866,2.554753659890515,13.287,0.32,1790362921.688,1790362934.975,1.002,0.466,0.536,0.483,2.319,,0.199,8.42,,1.684,1790362852.322,1790362959.58,2.163,demo_booking,customer_hangup,0.0
1790362725,48,69a54f52-a1aa-411b-acb7-0e918c5de7a8,4,paired,medium,finalizada,,,2.327207210997585,1.0,10.447,2.12,1790362937.53,1790362947.977,0.521,0.489,0.032,0.248,0.958,,0.078,4.97,,0.847,1790362852.322,1790362959.58,1.546,demo_booking,customer_hangup,0.0
1790362725,48,69a54f52-a1aa-411b-acb7-0e918c5de7a8,5,paired,short,finalizada,,,1.8680642720137257,3.3543596244334632,7.242,1.0,1790362948.977,1790362956.22,1.001,0.371,0.63,0.217,0.73,,0.044,3.13,,1.263,1790362852.322,1790362959.58,1.148,demo_booking,customer_hangup,0.0
1790362725,48,1c42b015-835e-4017-b63c-4960852ac87b,0,paired,short,finalizada,,,5.692620356014231,6.45904164727279,11.945,0.38,1790362861.529,1790362873.475,1.0,0.905,0.095,0.942,2.98,,0.19,4.81,,2.132,1790362852.562,1790362942.543,4.081,demo_booking,customer_hangup,0.0
1790362725,48,1c42b015-835e-4017-b63c-4960852ac87b,1,paired,medium,finalizada,,,5.933274901006371,1.5014483780456005,15.022,2.6,1790362879.935,1790362894.957,0.546,0.53,0.016,0.72,4.143,,0.099,5.29,,1.365,1790362852.562,1790362942.543,4.777,demo_booking,customer_hangup,0.0
1790362725,48,1c42b015-835e-4017-b63c-4960852ac87b,2,paired,medium,finalizada,,,5.412607598002069,3.277414111247665,11.208,2.24,1790362896.459,1790362907.667,0.671,0.645,0.026,0.936,3.214,,0.152,2.33,,1.759,1790362852.562,1790362942.543,4.016,demo_booking,customer_hangup,0.0
1790362725,48,1c42b015-835e-4017-b63c-4960852ac87b,3,paired,short,finalizada,,,3.7136423219926655,1.0,7.413,0.38,1790362910.945,1790362918.358,1.001,0.671,0.33,0.451,1.464,,0.151,2.33,,1.603,1790362852.562,1790362942.543,2.292,demo_booking,customer_hangup,0.0
1790362725,48,1c42b015-835e-4017-b63c-4960852ac87b,4,paired,short,finalizada,,,3.4927580780058634,1.0,8.2,0.38,1790362919.359,1790362927.56,1.012,0.555,0.458,0.383,1.666,,0.135,3.13,,1.53,1790362852.562,1790362942.543,2.365,demo_booking,customer_hangup,0.0
1790362725,48,1c42b015-835e-4017-b63c-4960852ac87b,5,paired,medium,finalizada,,,2.872618465014966,4.535822625157879,9.443,2.24,1790362928.56,1790362938.003,0.583,0.568,0.015,0.276,0.981,,0.166,3.13,,1.025,1790362852.562,1790362942.543,1.719,demo_booking,customer_hangup,0.0
1790362725,48,df7fa711-3266-4c54-9da0-def65a2e5a45,0,paired,short,finalizada,,,-0.2465272499830462,2.200518579030508,2.36,0.38,1790362858.319,1790362860.679,1.002,0.483,0.519,0.256,2.316,,0.194,4.82,,1.452,1790362852.812,1790362935.115,1.886,demo_booking,customer_hangup,0.0
1790362725,48,df7fa711-3266-4c54-9da0-def65a2e5a45,1,paired,long,finalizada,,,3.9737840720044915,2.005782644515212,11.807,3.06,1790362862.88,1790362874.687,0.703,0.701,0.003,0.313,1.651,,0.241,3.61,,1.258,1790362852.812,1790362935.115,2.605,demo_booking,customer_hangup,0.0
1790362725,48,df7fa711-3266-4c54-9da0-def65a2e5a45,2,paired,medium,finalizada,,,3.354199711990077,2.439520388621807,11.664,2.12,1790362876.693,1790362888.357,0.76,0.729,0.032,0.579,2.68,,0.215,5.38,,1.555,1790362852.812,1790362935.115,2.183,demo_booking,customer_hangup,0.0
1790362725,48,df7fa711-3266-4c54-9da0-def65a2e5a45,3,paired,long,finalizada,,,3.293916527007241,1.2952300727698465,14.496,3.52,1790362890.797,1790362905.293,1.056,1.034,0.022,0.722,3.53,,0.085,6.02,,1.864,1790362852.812,1790362935.115,2.117,demo_booking,customer_hangup,0.0
1790362725,48,df7fa711-3266-4c54-9da0-def65a2e5a45,4,paired,short,finalizada,,,4.973846772016259,2.651299433443532,11.647,0.48,1790362906.589,1790362918.236,0.877,0.852,0.025,0.75,2.398,,0.231,4.97,,1.858,1790362852.812,1790362935.115,3.488,demo_booking,customer_hangup,0.0
1790362725,48,df7fa711-3266-4c54-9da0-def65a2e5a45,5,paired,long,finalizada,,,4.574184709985275,1.7443683327517467,12.477,3.06,1790362920.888,1790362933.365,0.727,0.709,0.017,0.556,2.3,,0.185,3.85,,1.467,1790362852.812,1790362935.115,3.197,demo_booking,customer_hangup,0.0
1790362725,48,a4abb2ef-1e6a-4ba5-bf47-66d2909afd7f,0,paired,long,finalizada,,,2.929557360999752,4.467374517335319,28.355,3.52,1790362861.753,1790362890.107,0.73,0.71,0.02,0.422,3.843,,0.236,20.68,,1.389,1790362853.062,1790362928.521,1.88,demo_booking,customer_hangup,0.0
1790362725,48,a4abb2ef-1e6a-4ba5-bf47-66d2909afd7f,1,paired,medium,finalizada,,,3.529412465984933,4.184272959110027,9.929,2.6,1790362894.576,1790362904.505,0.87,0.851,0.019,1.078,5.108,,0.133,6.99,,2.082,1790362853.062,1790362928.521,2.592,demo_booking,customer_hangup,0.0
1790362725,48,a4abb2ef-1e6a-4ba5-bf47-66d2909afd7f,2,paired,short,finalizada,,,-4.329766347014811,3.0628929186022797,1.776,0.48,1790362908.69,1790362910.466,0.618,0.602,0.016,0.362,2.277,,0.147,3.97,,1.127,1790362853.062,1790362928.521,3.031,demo_booking,customer_hangup,0.0
1790362725,48,a4abb2ef-1e6a-4ba5-bf47-66d2909afd7f,3,paired,short,finalizada,,,-0.1296027930220589,3.9579937181351252,2.343,0.32,1790362913.53,1790362915.872,1.0,0.968,0.032,0.767,2.44,,0.157,7.29,,1.924,1790362853.062,1790362928.521,3.613,demo_booking,customer_hangup,0.0
1790362725,48,a4abb2ef-1e6a-4ba5-bf47-66d2909afd7f,4,paired,short,finalizada,,,-1.470460582000669,3.2069840155677136,2.25,0.48,1790362919.831,1790362922.081,0.606,0.605,0.002,0.367,2.036,,0.15,5.85,,1.124,1790362853.062,1790362928.521,2.804,demo_booking,customer_hangup,0.0
1790362725,48,a4abb2ef-1e6a-4ba5-bf47-66d2909afd7f,5,paired,medium,finalizada,,,-2.970078979997197,1.0,2.228,2.12,1790362925.289,1790362927.516,0.542,0.54,0.002,,,,,0.0,,,1790362853.062,1790362928.521,,demo_booking,customer_hangup,0.0
1790362725,64,2d3952f3-0f00-40b0-8d4c-3e453d773f48,0,paired,short,finalizada,,,2.8776170240016654,1.0,9.157,0.32,1790362973.762,1790362982.919,1.003,0.559,0.444,0.23,1.374,,0.286,3.94,,1.519,1790362962.924,1790363060.744,1.31,demo_booking,customer_hangup,0.0
1790362725,64,2d3952f3-0f00-40b0-8d4c-3e453d773f48,1,paired,short,finalizada,,,3.7179798760043923,2.1854512759749802,15.864,1.0,1790362983.919,1790362999.784,1.248,1.219,0.029,0.544,4.116,,0.215,8.82,,2.007,1790362962.924,1790363060.744,2.275,demo_booking,customer_hangup,0.0
1790362725,64,2d3952f3-0f00-40b0-8d4c-3e453d773f48,2,paired,medium,finalizada,,,8.977905186999124,1.7625384332175236,16.851,2.6,1790363001.97,1790363018.821,1.768,1.711,0.057,1.619,5.429,,0.18,4.25,,3.567,1790362962.924,1790363060.744,7.334,demo_booking,customer_hangup,0.0
1790362725,64,2d3952f3-0f00-40b0-8d4c-3e453d773f48,3,paired,short,finalizada,,,5.397394431987777,3.274727612665404,9.443,0.32,1790363020.585,1790363030.028,1.568,1.446,0.122,1.568,7.837,,0.229,8.42,,3.365,1790362962.924,1790363060.744,3.964,demo_booking,customer_hangup,0.0
1790362725,64,2d3952f3-0f00-40b0-8d4c-3e453d773f48,4,paired,short,finalizada,,,-1.7427279429975897,4.29906112985221,3.2,0.38,1790363033.303,1790363036.503,1.032,1.011,0.02,2.652,6.759,,-1.0,0.0,,2.684,1790362962.924,1790363060.744,,demo_booking,customer_hangup,0.0
1790362725,64,2d3952f3-0f00-40b0-8d4c-3e453d773f48,5,paired,short,finalizada,,,6.277514053013874,2.11650364301528,17.82,0.48,1790363040.803,1790363058.623,1.23,1.203,0.027,2.314,6.168,,0.267,8.1,,3.811,1790362962.924,1790363060.744,4.516,demo_booking,customer_hangup,0.0
1790362725,64,39ca274f-569f-46af-843a-e9a875d883f1,0,paired,short,finalizada,,,3.359932210005354,1.6862464875547776,9.834,0.32,1790362974.419,1790362984.254,1.145,0.601,0.544,0.53,1.668,,0.375,4.02,,2.05,1790362963.199,1790363077.653,1.882,demo_booking,customer_hangup,0.0
1790362725,64,39ca274f-569f-46af-843a-e9a875d883f1,1,paired,short,finalizada,,,2.8602737199980766,1.777564843188259,10.876,0.32,1790362985.94,1790362996.816,1.143,1.094,0.048,0.622,3.278,,0.183,4.66,,1.948,1790362963.199,1790363077.653,2.482,demo_booking,customer_hangup,0.0
1790362725,64,39ca274f-569f-46af-843a-e9a875d883f1,2,paired,short,finalizada,,,8.100129711005138,5.197081714925073,14.609,1.0,1790362998.594,1790363013.203,1.033,0.855,0.178,1.229,5.132,,0.305,4.41,,2.567,1790362963.199,1790363077.653,6.412,demo_booking,customer_hangup,0.0
1790362725,64,39ca274f-569f-46af-843a-e9a875d883f1,3,paired,short,finalizada,,,9.280382546014152,1.0612101056103407,15.856,0.48,1790363018.402,1790363034.257,1.177,1.089,0.088,1.509,6.315,,0.199,4.97,,2.885,1790362963.199,1790363077.653,7.652,demo_booking,customer_hangup,0.0
1790362725,64,39ca274f-569f-46af-843a-e9a875d883f1,4,paired,medium,finalizada,,,9.820024294982431,5.235825954732125,17.901,2.24,1790363035.319,1790363053.221,1.523,1.397,0.126,1.337,6.291,,0.268,4.01,,3.128,1790362963.199,1790363077.653,8.016,demo_booking,customer_hangup,0.0
1790362725,64,39ca274f-569f-46af-843a-e9a875d883f1,5,paired,medium,finalizada,,,3.839844255009666,3.6867176593964555,15.504,2.6,1790363058.458,1790363073.961,1.265,1.111,0.154,0.86,3.187,,0.219,6.66,,2.344,1790362963.199,1790363077.653,2.761,demo_booking,customer_hangup,0.0
1790362725,64,24974ca9-bc47-46c0-ad9a-7ce73fd22895,0,paired,long,finalizada,,,4.943669463013066,5.914185829293271,14.565,3.06,1790362970.635,1790362985.2,0.838,0.806,0.032,0.283,1.747,,0.366,5.29,,1.487,1790362963.449,1790363085.411,2.943,demo_booking,customer_hangup,0.0
1790362725,64,24974ca9-bc47-46c0-ad9a-7ce73fd22895,1,paired,short,finalizada,,,8.264461201993981,4.653057593804205,15.593,0.38,1790362991.116,1790363006.709,1.652,1.534,0.118,0.95,4.572,,0.497,5.45,,3.099,1790362963.449,1790363085.411,6.612,demo_booking,customer_hangup,0.0
1790362725,64,24974ca9-bc47-46c0-ad9a-7ce73fd22895,2,paired,long,finalizada,,,9.103028662008,2.571283275683058,19.142,3.52,1790363011.362,1790363030.504,1.222,1.011,0.211,1.232,6.225,,0.254,5.21,,2.709,1790362963.449,1790363085.411,7.599,demo_booking,customer_hangup,0.0
1790362725,64,24974ca9-bc47-46c0-ad9a-7ce73fd22895,3,paired,short,finalizada,,,10.324439035000978,1.9644016823167445,17.442,1.0,1790363033.077,1790363050.519,1.443,1.411,0.032,2.088,6.936,,0.197,4.89,,3.728,1790362963.449,1790363085.411,8.558,demo_booking,customer_hangup,0.0
1790362725,64,24974ca9-bc47-46c0-ad9a-7ce73fd22895,4,paired,long,finalizada,,,5.843256631982513,2.141743519066489,15.393,3.06,1790363052.484,1790363067.878,1.013,0.954,0.059,0.676,2.813,,0.281,5.29,,1.97,1790362963.449,1790363085.411,4.058,demo_booking,customer_hangup,0.0
1790362725,64,24974ca9-bc47-46c0-ad9a-7ce73fd22895,5,paired,medium,finalizada,,,4.363557609001873,2.3667073801923886,13.019,2.24,1790363070.02,1790363083.04,0.59,0.566,0.024,0.406,1.908,,0.331,5.29,,1.326,1790362963.449,1790363085.411,2.809,demo_booking,customer_hangup,0.0
1790362725,64,7eb8849a-a6b9-4b97-9e7d-c01f90389c1b,0,paired,short,finalizada,,,2.241553035011748,3.367349889026135,7.871,0.32,1790362971.398,1790362979.269,1.001,0.487,0.514,0.183,0.74,,0.25,4.02,,1.434,1790362963.699,1790363059.686,1.258,demo_booking,customer_hangup,0.0
1790362725,64,7eb8849a-a6b9-4b97-9e7d-c01f90389c1b,1,paired,short,finalizada,,,4.2022860730066895,2.0349722121220983,9.76,0.48,1790362982.638,1790362992.397,1.038,0.976,0.062,0.315,1.417,,0.222,3.85,,1.575,1790362963.699,1790363059.686,2.665,demo_booking,customer_hangup,0.0
1790362725,64,7eb8849a-a6b9-4b97-9e7d-c01f90389c1b,2,paired,short,finalizada,,,8.101692971977172,1.8873409272035913,13.435,0.38,1790362994.433,1790363007.869,1.547,1.364,0.183,1.222,4.214,,0.291,4.25,,3.061,1790362963.699,1790363059.686,6.013,demo_booking,customer_hangup,0.0
1790362725,64,7eb8849a-a6b9-4b97-9e7d-c01f90389c1b,3,paired,medium,finalizada,,,6.321821138000814,3.8045997359989463,11.391,2.6,1790363009.758,1790363021.148,0.655,0.634,0.02,1.287,4.361,,0.253,1.29,,2.195,1790362963.699,1790363059.686,5.276,demo_booking,customer_hangup,0.0
1790362725,64,7eb8849a-a6b9-4b97-9e7d-c01f90389c1b,4,paired,medium,finalizada,,,9.161879826016957,6.1196172777264355,14.517,2.12,1790363024.954,1790363039.471,1.858,1.768,0.09,0.793,4.809,,0.393,2.33,,3.045,1790362963.699,1790363059.686,6.986,demo_booking,customer_hangup,0.0
1790362725,64,7eb8849a-a6b9-4b97-9e7d-c01f90389c1b,5,paired,medium,finalizada,,,6.722098886006279,2.046507281412305,12.043,2.6,1790363045.591,1790363057.634,1.463,1.276,0.187,0.621,2.65,,0.319,2.09,,2.403,1790362963.699,1790363059.686,4.282,demo_booking,customer_hangup,0.0
1790362725,64,2b04c388-4982-48ac-9fb0-cdcbc1f10861,0,paired,short,finalizada,,,5.129643783002393,1.6164407191813732,12.53,1.0,1790362975.589,1790362988.118,1.001,0.677,0.323,0.486,1.836,,0.326,5.21,,1.813,1790362964.16,1790363074.149,2.91,demo_booking,customer_hangup,0.0
1790362725,64,2b04c388-4982-48ac-9fb0-cdcbc1f10861,1,paired,medium,finalizada,,,8.849591746984515,4.467678940439352,18.063,2.12,1790362989.736,1790363007.799,1.459,1.275,0.184,0.843,5.199,,0.68,5.93,,2.982,1790362964.16,1790363074.149,7.26,demo_booking,customer_hangup,0.0
1790362725,64,2b04c388-4982-48ac-9fb0-cdcbc1f10861,2,paired,short,finalizada,,,7.130055967980297,1.9215126338110697,11.157,0.48,1790363012.267,1790363023.424,1.294,0.877,0.417,1.479,4.868,,0.11,2.33,,2.883,1790362964.16,1790363074.149,6.135,demo_booking,customer_hangup,0.0
1790362725,64,2b04c388-4982-48ac-9fb0-cdcbc1f10861,3,paired,short,finalizada,,,5.329736793995835,1.0,8.487,0.32,1790363025.346,1790363033.833,1.752,1.413,0.339,1.032,6.426,,0.174,5.86,,2.958,1790362964.16,1790363074.149,4.026,demo_booking,customer_hangup,0.0
1790362725,64,2b04c388-4982-48ac-9fb0-cdcbc1f10861,4,paired,long,finalizada,,,10.449777703994187,3.510975855382017,19.481,3.06,1790363034.834,1790363054.315,1.216,1.153,0.063,2.78,7.18,,0.299,4.57,,4.295,1790362964.16,1790363074.149,8.841,demo_booking,customer_hangup,0.0
1790362725,64,2b04c388-4982-48ac-9fb0-cdcbc1f10861,5,paired,medium,finalizada,,,4.889781371020945,3.038484339803183,13.274,2.12,1790363057.827,1790363071.101,0.696,0.653,0.043,0.479,2.399,,0.186,5.61,,1.361,1790362964.16,1790363074.149,3.246,demo_booking,customer_hangup,0.0
1790362725,64,21fe8268-0ee1-4861-84d2-0de282365220,0,paired,short,finalizada,,,4.132360522984527,3.9397709255872893,11.365,1.0,1790362972.356,1790362983.722,0.571,0.531,0.04,0.218,1.19,,0.266,4.97,,1.055,1790362964.411,1790363075.567,1.998,demo_booking,customer_hangup,0.0
1790362725,64,21fe8268-0ee1-4861-84d2-0de282365220,1,paired,short,finalizada,,,9.091977987991413,1.8469615733848836,17.81,1.0,1790362987.662,1790363005.472,2.08,1.572,0.508,1.681,5.181,,0.415,6.33,,4.176,1790362964.411,1790363075.567,7.3,demo_booking,customer_hangup,0.0
1790362725,64,21fe8268-0ee1-4861-84d2-0de282365220,2,paired,short,finalizada,,,8.312055501999566,1.0717544981539322,13.966,0.32,1790363007.319,1790363021.286,1.001,0.8,0.201,1.062,5.624,,0.262,4.17,,2.325,1790362964.411,1790363075.567,6.695,demo_booking,customer_hangup,0.0
1790362725,64,21fe8268-0ee1-4861-84d2-0de282365220,3,paired,long,finalizada,,,6.352358839008957,2.48149191714359,12.686,3.52,1790363022.358,1790363035.044,2.389,1.816,0.573,1.825,7.407,,0.208,5.54,,4.422,1790362964.411,1790363075.567,4.96,demo_booking,customer_hangup,0.0
1790362725,64,21fe8268-0ee1-4861-84d2-0de282365220,4,paired,long,finalizada,,,6.1524857619951945,2.8134108691010122,17.425,3.52,1790363037.526,1790363054.952,1.293,1.29,0.003,2.162,5.522,,0.374,5.3,,3.829,1790362964.411,1790363075.567,4.732,demo_booking,customer_hangup,0.0
1790362725,64,21fe8268-0ee1-4861-84d2-0de282365220,5,paired,medium,finalizada,,,3.7523334519937634,4.125073922998086,13.671,2.24,1790363057.766,1790363071.437,0.875,0.824,0.051,0.729,2.756,,0.236,6.35,,1.84,1790362964.411,1790363075.567,2.172,demo_booking,customer_hangup,0.0
1790362725,64,d71d339c-24ee-463c-9f9d-5412760888c8,0,client_only,short,finalizada,,,4.457442254992202,1.5606430802739102,8.473,0.38,1790362972.981,1790362981.454,,,,,,,,,,,1790362964.66,1790363055.5,,demo_booking,customer_hangup,0.0
1790362725,64,d71d339c-24ee-463c-9f9d-5412760888c8,1,client_only,short,finalizada,,,7.397796802019002,1.2321002640268683,15.114,1.0,1790362983.015,1790362998.129,,,,,,,,,,,1790362964.66,1790363055.5,,demo_booking,customer_hangup,0.0
1790362725,64,d71d339c-24ee-463c-9f9d-5412760888c8,2,client_only,long,finalizada,,,9.097392787021818,2.9688929469940426,18.092,3.06,1790362999.362,1790363017.454,,,,,,,,,,,1790362964.66,1790363055.5,,demo_booking,customer_hangup,0.0
1790362725,64,d71d339c-24ee-463c-9f9d-5412760888c8,3,client_only,short,finalizada,,,10.657647700980306,2.4377789844694364,18.631,0.32,1790363020.423,1790363039.054,,,,,,,,,,,1790362964.66,1790363055.5,,demo_booking,customer_hangup,0.0
1790362725,64,d71d339c-24ee-463c-9f9d-5412760888c8,4,client_only,short,finalizada,,,5.597548593010288,1.1623486243885492,8.714,0.48,1790363041.492,1790363050.206,,,,,,,,,,,1790362964.66,1790363055.5,,demo_booking,customer_hangup,0.0
1790362725,64,d71d339c-24ee-463c-9f9d-5412760888c8,5,client_only,medium,finalizada,,,-1.882630463980604,1.397249935914829,2.729,2.24,1790363051.369,1790363054.098,,,,,,,,,,,1790362964.66,1790363055.5,,demo_booking,customer_hangup,0.0
1790362725,64,d71d339c-24ee-463c-9f9d-5412760888c8,0,server_only,,finalizada,,,,,,,,,1.002,0.822,0.18,0.413,1.145,,0.358,2.33,,1.773,1790362964.66,1790363055.5,2.365,demo_booking,customer_hangup,0.0
1790362725,64,d71d339c-24ee-463c-9f9d-5412760888c8,1,server_only,,finalizada,,,,,,,,,1.513,1.473,0.04,1.048,3.92,,0.398,5.29,,2.959,1790362964.66,1790363055.5,5.842,demo_booking,customer_hangup,0.0
1790362725,64,d71d339c-24ee-463c-9f9d-5412760888c8,2,server_only,,finalizada,,,,,,,,,1.75,1.69,0.06,1.158,5.668,,0.176,4.73,,3.084,1790362964.66,1790363055.5,7.56,demo_booking,customer_hangup,0.0
1790362725,64,d71d339c-24ee-463c-9f9d-5412760888c8,3,server_only,,finalizada,,,,,,,,,1.24,1.065,0.175,2.134,8.022,,0.209,6.41,,3.584,1790362964.66,1790363055.5,9.307,demo_booking,customer_hangup,0.0
1790362725,64,d71d339c-24ee-463c-9f9d-5412760888c8,4,server_only,,finalizada,,,,,,,,,2.209,2.124,0.085,1.043,5.114,,0.268,7.46,,3.52,1790362964.66,1790363055.5,3.866,demo_booking,customer_hangup,0.0
1790362725,64,945a21c1-ecdc-4e29-b186-d3584206098b,0,paired,long,finalizada,,,5.8281738520017825,4.7813442873502705,15.199,3.06,1790362972.981,1790362988.18,0.92,0.861,0.058,0.493,2.205,,0.363,5.29,,1.776,1790362964.909,1790363075.843,3.45,demo_booking,customer_hangup,0.0
1790362725,64,945a21c1-ecdc-4e29-b186-d3584206098b,1,paired,short,finalizada,,,8.807656756980577,1.9526182777377956,15.827,0.48,1790362992.963,1790363008.79,1.713,1.625,0.088,1.18,4.905,,0.392,5.29,,3.285,1790362964.909,1790363075.843,6.971,demo_booking,customer_hangup,0.0
1790362725,64,945a21c1-ecdc-4e29-b186-d3584206098b,2,paired,short,finalizada,,,8.307815442996798,2.2858016614223544,15.554,0.48,1790363010.743,1790363026.297,0.534,0.483,0.052,1.337,6.382,,0.357,5.93,,2.229,1790362964.909,1790363075.843,7.274,demo_booking,customer_hangup,0.0
1790362725,64,945a21c1-ecdc-4e29-b186-d3584206098b,3,paired,medium,finalizada,,,5.3076102870109025,1.0,10.365,2.6,1790363028.584,1790363038.95,1.528,1.452,0.075,1.047,7.753,,0.368,3.58,,2.943,1790362964.909,1790363075.843,3.848,demo_booking,customer_hangup,0.0
1790362725,64,945a21c1-ecdc-4e29-b186-d3584206098b,4,paired,short,finalizada,,,10.127635957993334,2.288929424631208,17.181,0.38,1790363039.95,1790363057.131,1.521,1.52,0.001,2.765,6.316,,0.262,5.21,,4.548,1790362964.909,1790363075.843,8.135,demo_booking,customer_hangup,0.0
1790362725,64,945a21c1-ecdc-4e29-b186-d3584206098b,5,paired,medium,finalizada,,,5.647657063003862,2.011215171234286,14.406,2.12,1790363059.421,1790363073.827,1.225,1.151,0.074,0.869,2.604,,0.238,5.93,,2.333,1790362964.909,1790363075.843,4.001,demo_booking,customer_hangup,0.0
1790362725,64,9036f4ea-0331-4d47-8e6f-a3a7a1fc3f14,0,paired,short,finalizada,,,3.4218856430088636,2.241675220550206,8.074,0.38,1790362972.576,1790362980.651,1.0,0.532,0.468,0.206,0.777,,0.22,3.05,,1.426,1790362964.521,1790363051.321,1.533,demo_booking,customer_hangup,0.0
1790362725,64,9036f4ea-0331-4d47-8e6f-a3a7a1fc3f14,1,paired,short,finalizada,,,5.621159628004534,1.3366309947753692,9.387,0.38,1790362982.893,1790362992.28,1.732,1.672,0.06,0.637,2.197,,0.19,2.33,,2.559,1790362964.521,1790363051.321,4.063,demo_booking,customer_hangup,0.0
1790362725,64,9036f4ea-0331-4d47-8e6f-a3a7a1fc3f14,2,paired,medium,finalizada,,,5.181214001000626,2.6341582785218556,10.919,2.6,1790362993.618,1790363004.537,1.672,1.606,0.066,1.114,5.037,,0.311,6.34,,3.097,1790362964.521,1790363051.321,3.778,demo_booking,customer_hangup,0.0
1790362725,64,9036f4ea-0331-4d47-8e6f-a3a7a1fc3f14,3,paired,short,finalizada,,,-3.078892345976783,2.2208327317324277,2.399,0.48,1790363007.172,1790363009.571,0.824,0.822,0.002,,,,,0.0,,,1790362964.521,1790363051.321,,demo_booking,customer_hangup,0.0
1790362725,64,9036f4ea-0331-4d47-8e6f-a3a7a1fc3f14,4,paired,medium,finalizada,,,7.741305893985555,2.142413778264715,15.526,2.12,1790363011.793,1790363027.319,0.972,0.964,0.008,0.763,5.068,,0.142,4.49,,1.877,1790362964.521,1790363051.321,6.404,demo_booking,customer_hangup,0.0
1790362725,64,9036f4ea-0331-4d47-8e6f-a3a7a1fc3f14,5,paired,long,finalizada,,,6.621024855005089,8.271153292103069,13.582,3.52,1790363029.462,1790363043.044,1.757,1.488,0.269,2.126,8.342,,0.225,8.26,,4.108,1790362964.521,1790363051.321,5.173,demo_booking,customer_hangup,0.0
1790362725,64,fe9a865a-1844-4a17-b414-424237c6eb55,0,paired,short,finalizada,,,4.8535186250228435,1.164732754327095,12.238,0.48,1790362972.844,1790362985.082,0.849,0.817,0.032,0.42,1.597,,0.282,5.61,,1.551,1790362964.77,1790363047.3,2.71,demo_booking,customer_hangup,0.0
1790362725,64,fe9a865a-1844-4a17-b414-424237c6eb55,1,paired,short,finalizada,,,5.795099559996743,3.4801254023665824,10.158,1.0,1790362986.247,1790362996.406,0.586,0.545,0.04,0.929,3.335,,0.246,2.25,,1.761,1790362964.77,1790363047.3,4.209,demo_booking,customer_hangup,0.0
1790362725,64,fe9a865a-1844-4a17-b414-424237c6eb55,2,paired,short,finalizada,,,6.914179453015095,1.2090400141484068,11.25,1.0,1790362999.887,1790363011.137,1.051,0.994,0.057,1.013,3.634,,0.267,2.17,,2.331,1790362964.77,1790363047.3,4.987,demo_booking,customer_hangup,0.0
1790362725,64,fe9a865a-1844-4a17-b414-424237c6eb55,3,paired,long,finalizada,,,4.974760201002937,1.7917137353200292,11.783,3.52,1790363012.348,1790363024.131,1.151,1.0,0.152,1.395,7.09,,0.115,5.7,,2.662,1790362964.77,1790363047.3,3.582,demo_booking,customer_hangup,0.0
1790362725,64,fe9a865a-1844-4a17-b414-424237c6eb55,4,paired,short,finalizada,,,-0.7854831099975854,3.04737072582909,3.933,0.48,1790363025.923,1790363029.856,1.317,1.265,0.052,,,,,0.0,,,1790362964.77,1790363047.3,,demo_booking,customer_hangup,0.0
1790362725,64,fe9a865a-1844-4a17-b414-424237c6eb55,5,paired,short,finalizada,,,8.994304199004546,1.0,13.39,1.0,1790363032.904,1790363046.294,1.598,1.565,0.033,1.922,5.594,,0.209,2.09,,3.728,1790362964.77,1790363047.3,7.512,demo_booking,customer_hangup,0.0
1790362725,64,c61874b2-ae6f-4477-afec-d7115415dac4,0,paired,short,finalizada,,,4.368185455998173,1.1363848054882637,9.0,0.48,1790362972.989,1790362981.989,0.729,0.703,0.026,0.418,1.174,,0.397,2.89,,1.544,1790362965.02,1790363077.067,2.287,demo_booking,customer_hangup,0.0
1790362725,64,c61874b2-ae6f-4477-afec-d7115415dac4,1,paired,long,finalizada,,,6.84841920400504,3.7197584032552604,14.51,3.06,1790362983.127,1790362997.637,1.251,1.152,0.099,0.765,3.622,,0.377,2.97,,2.393,1790362965.02,1790363077.067,5.17,demo_booking,customer_hangup,0.0
1790362725,64,c61874b2-ae6f-4477-afec-d7115415dac4,2,paired,short,finalizada,,,9.5476087120187,4.558879410422493,16.906,1.0,1790363001.357,1790363018.263,1.889,1.821,0.069,1.138,6.18,,0.243,5.13,,3.27,1790362965.02,1790363077.067,8.27,demo_booking,customer_hangup,0.0
1790362725,64,c61874b2-ae6f-4477-afec-d7115415dac4,3,paired,short,finalizada,,,10.887934917991515,3.428970836976423,18.414,1.0,1790363022.823,1790363041.237,1.348,1.093,0.255,1.627,7.872,,0.27,5.21,,3.245,1790362965.02,1790363077.067,9.258,demo_booking,customer_hangup,0.0
1790362725,64,c61874b2-ae6f-4477-afec-d7115415dac4,4,paired,medium,finalizada,,,5.247624433977762,2.2663060706950926,16.632,2.24,1790363044.667,1790363061.298,1.933,1.91,0.023,0.679,3.234,,0.297,7.86,,2.909,1790362965.02,1790363077.067,3.405,demo_booking,customer_hangup,0.0
1790362725,64,c61874b2-ae6f-4477-afec-d7115415dac4,5,paired,short,finalizada,,,4.328023198002484,1.0,12.496,0.38,1790363063.565,1790363076.062,1.374,1.271,0.103,0.866,2.192,,0.247,6.9,,2.487,1790362965.02,1790363077.067,2.807,demo_booking,customer_hangup,0.0
1790362725,64,dd700255-39f2-4c3a-a546-3c62c3516fc0,0,paired,short,finalizada,,,4.274399187997915,1.7106463274744885,11.447,0.38,1790362974.403,1790362985.85,1.0,0.765,0.236,0.608,1.817,,0.328,5.3,,1.936,1790362965.27,1790363071.331,2.15,demo_booking,customer_hangup,0.0
1790362725,64,dd700255-39f2-4c3a-a546-3c62c3516fc0,1,paired,long,finalizada,,,5.094355463981628,2.0080062198599378,14.883,3.52,1790362987.562,1790363002.445,1.947,1.625,0.322,1.287,4.499,,0.318,4.1,,3.552,1790362965.27,1790363071.331,3.465,demo_booking,customer_hangup,0.0
1790362725,64,dd700255-39f2-4c3a-a546-3c62c3516fc0,2,paired,medium,finalizada,,,7.634677185997134,2.0260955895418022,13.72,2.12,1790363004.454,1790363018.175,1.563,1.484,0.079,1.052,4.296,,0.143,4.17,,2.758,1790362965.27,1790363071.331,5.929,demo_booking,customer_hangup,0.0
1790362725,64,dd700255-39f2-4c3a-a546-3c62c3516fc0,3,paired,short,finalizada,,,8.654900500987424,3.6436032838709655,14.043,1.0,1790363020.202,1790363034.244,1.194,1.164,0.029,1.613,5.862,,0.375,3.21,,3.182,1790362965.27,1790363071.331,7.501,demo_booking,customer_hangup,0.0
1790362725,64,dd700255-39f2-4c3a-a546-3c62c3516fc0,4,paired,medium,finalizada,,,9.074354637006763,2.836414681906972,19.45,2.24,1790363037.889,1790363057.339,1.118,1.085,0.033,0.951,5.763,,0.438,6.17,,2.507,1790362965.27,1790363071.331,7.308,demo_booking,customer_hangup,0.0
1790362725,64,dd700255-39f2-4c3a-a546-3c62c3516fc0,5,paired,short,finalizada,,,3.2745682610257063,1.50081067152398,9.638,0.32,1790363060.176,1790363069.814,1.001,0.744,0.257,0.465,2.353,,0.186,4.9,,1.652,1790362965.27,1790363071.331,1.754,demo_booking,customer_hangup,0.0
1790362725,64,ec76511d-90c9-420d-9bc8-1786d3995bef,0,paired,short,finalizada,,,3.276062347984407,3.332012380604178,9.827,0.32,1790362974.682,1790362984.509,1.0,0.837,0.163,0.543,1.591,,0.342,4.74,,1.886,1790362965.692,1790363052.714,1.946,demo_booking,customer_hangup,0.0
1790362725,64,ec76511d-90c9-420d-9bc8-1786d3995bef,1,paired,long,finalizada,,,6.575745313020889,1.0,14.065,3.06,1790362987.842,1790363001.907,1.342,1.058,0.284,1.176,3.5,,0.339,2.97,,2.857,1790362965.692,1790363052.714,5.01,demo_booking,customer_hangup,0.0
1790362725,64,ec76511d-90c9-420d-9bc8-1786d3995bef,2,paired,medium,finalizada,,,9.196728352020727,1.3910260193777706,16.289,2.12,1790363002.908,1790363019.197,1.987,1.845,0.142,1.48,5.478,,0.202,3.77,,3.669,1790362965.692,1790363052.714,7.552,demo_booking,customer_hangup,0.0
1790362725,64,ec76511d-90c9-420d-9bc8-1786d3995bef,3,paired,long,finalizada,,,8.055809882993344,1.0,14.965,3.06,1790363020.589,1790363035.554,1.308,1.245,0.063,1.471,5.189,,0.156,2.97,,2.934,1790362965.692,1790363052.714,6.606,demo_booking,customer_hangup,0.0
1790362725,64,ec76511d-90c9-420d-9bc8-1786d3995bef,4,paired,medium,finalizada,,,4.9963932870014105,1.691451452036719,10.959,2.6,1790363036.554,1790363047.513,1.072,0.831,0.241,1.363,6.79,,0.245,5.86,,2.68,1790362965.692,1790363052.714,3.409,demo_booking,customer_hangup,0.0
1790362725,64,ec76511d-90c9-420d-9bc8-1786d3995bef,5,paired,short,finalizada,,,-1.4642757499823347,1.0,2.501,1.0,1790363049.205,1790363051.706,1.186,1.142,0.044,,,,,0.0,,,1790362965.692,1790363052.714,,demo_booking,customer_hangup,0.0
1790362725,64,c1033e7e-432c-4006-8863-e783fc53fec1,0,paired,short,finalizada,,,5.5664599550073035,3.567942651469211,12.588,0.48,1790362974.762,1790362987.35,1.127,1.082,0.045,0.348,1.975,,0.35,5.77,,1.825,1790362965.94,1790363071.674,3.428,demo_booking,customer_hangup,0.0
1790362725,64,c1033e7e-432c-4006-8863-e783fc53fec1,1,paired,medium,finalizada,,,8.006423365994124,1.0,14.793,2.24,1790362990.918,1790363005.712,1.525,1.486,0.039,0.979,4.292,,0.438,3.37,,2.943,1790362965.94,1790363071.674,6.229,demo_booking,customer_hangup,0.0
1790362725,64,c1033e7e-432c-4006-8863-e783fc53fec1,2,paired,medium,finalizada,,,8.206421346985735,3.398502355394167,14.481,2.24,1790363006.712,1790363021.193,1.039,1.004,0.034,0.94,5.194,,0.365,3.21,,2.344,1790362965.94,1790363071.674,6.582,demo_booking,customer_hangup,0.0
1790362725,64,c1033e7e-432c-4006-8863-e783fc53fec1,3,paired,long,finalizada,,,9.366179856995586,1.0065977112098665,16.844,3.52,1790363024.592,1790363041.436,1.591,1.548,0.043,1.476,5.939,,0.275,3.05,,3.341,1790362965.94,1790363071.674,7.772,demo_booking,customer_hangup,0.0
1790362725,64,c1033e7e-432c-4006-8863-e783fc53fec1,4,paired,short,finalizada,,,6.946351149003021,3.5155676171707855,12.87,1.0,1790363042.443,1790363055.313,1.51,1.467,0.042,0.972,3.256,,0.281,2.81,,2.762,1790362965.94,1790363071.674,5.028,demo_booking,customer_hangup,0.0
1790362725,64,c1033e7e-432c-4006-8863-e783fc53fec1,5,paired,medium,finalizada,,,5.365591156005394,1.0675046804157635,11.772,2.24,1790363058.83,1790363070.602,1.217,1.044,0.173,0.976,2.388,,0.179,4.09,,2.372,1790362965.94,1790363071.674,3.678,demo_booking,customer_hangup,0.0
1790362725,64,ba5b0f8e-ebf1-4d37-9fe9-1d9398197d1e,0,paired,short,finalizada,,,3.275708821020089,2.532283464956498,9.581,0.32,1790362975.072,1790362984.653,1.001,0.771,0.23,0.462,1.722,,0.24,4.18,,1.702,1790362966.189,1790363070.838,1.638,demo_booking,customer_hangup,0.0
1790362725,64,ba5b0f8e-ebf1-4d37-9fe9-1d9398197d1e,1,paired,medium,finalizada,,,7.555562740977621,1.8972907974276438,12.763,2.12,1790362987.186,1790362999.949,1.445,1.278,0.167,1.198,3.239,,0.394,2.73,,3.038,1790362966.189,1790363070.838,5.052,demo_booking,customer_hangup,0.0
1790362725,64,ba5b0f8e-ebf1-4d37-9fe9-1d9398197d1e,2,paired,short,finalizada,,,6.255701746005798,2.609948776629837,10.088,0.48,1790363001.846,1790363011.934,1.249,1.231,0.017,0.664,3.326,,0.27,2.41,,2.183,1790362966.189,1790363070.838,4.832,demo_booking,customer_hangup,0.0
1790362725,64,ba5b0f8e-ebf1-4d37-9fe9-1d9398197d1e,3,paired,medium,finalizada,,,7.275350765994517,1.0420033937465984,12.876,2.12,1790363014.545,1790363027.421,1.229,1.144,0.085,1.405,4.349,,0.249,2.49,,2.883,1790362966.189,1790363070.838,5.773,demo_booking,customer_hangup,0.0
1790362725,64,ba5b0f8e-ebf1-4d37-9fe9-1d9398197d1e,4,paired,medium,finalizada,,,11.19560323600308,2.7419849140023635,23.908,2.24,1790363028.464,1790363052.372,0.835,0.633,0.202,1.589,8.813,,0.255,9.21,,2.679,1790362966.189,1790363070.838,9.777,demo_booking,customer_hangup,0.0
1790362725,64,ba5b0f8e-ebf1-4d37-9fe9-1d9398197d1e,5,paired,long,finalizada,,,5.0154726750042755,1.3227061102388382,14.394,3.52,1790363055.114,1790363069.509,0.894,0.847,0.046,0.545,2.28,,0.252,4.65,,1.691,1790362966.189,1790363070.838,3.487,demo_booking,customer_hangup,0.0
1790362725,64,69dbb006-0223-4ef4-b67c-fcbdd7d1cbe0,0,paired,medium,finalizada,,,5.404594232997624,6.040996587318882,13.119,2.12,1790362975.114,1790362988.233,0.783,0.661,0.122,0.633,2.181,,0.432,4.33,,1.848,1790362966.439,1790363073.126,3.348,demo_booking,customer_hangup,0.0
1790362725,64,69dbb006-0223-4ef4-b67c-fcbdd7d1cbe0,1,paired,short,finalizada,,,5.224378728977172,1.4749837068028744,12.747,0.38,1790362994.274,1790363007.021,1.003,0.958,0.046,0.911,4.896,,0.43,5.7,,2.343,1790362966.439,1790363073.126,3.623,demo_booking,customer_hangup,0.0
1790362725,64,69dbb006-0223-4ef4-b67c-fcbdd7d1cbe0,2,paired,short,finalizada,,,8.563584401010303,2.966895407622967,13.934,0.48,1790363008.496,1790363022.43,1.029,1.005,0.024,0.912,5.571,,0.367,3.69,,2.309,1790362966.439,1790363073.126,6.981,demo_booking,customer_hangup,0.0
1790362725,64,69dbb006-0223-4ef4-b67c-fcbdd7d1cbe0,3,paired,short,finalizada,,,6.804415194987087,3.9957786357397227,11.557,0.38,1790363025.397,1790363036.954,1.319,1.119,0.2,1.371,8.249,,0.132,5.78,,2.822,1790362966.439,1790363073.126,5.007,demo_booking,customer_hangup,0.0
1790362725,64,69dbb006-0223-4ef4-b67c-fcbdd7d1cbe0,4,paired,short,finalizada,,,8.564329859014833,1.6382802689661213,14.833,1.0,1790363040.95,1790363055.783,2.247,2.16,0.086,0.966,3.813,,0.297,4.25,,3.51,1790362966.439,1790363073.126,6.295,demo_booking,customer_hangup,0.0
1790362725,64,69dbb006-0223-4ef4-b67c-fcbdd7d1cbe0,5,paired,medium,finalizada,,,4.844282486999873,1.2419777431616703,14.456,2.24,1790363057.422,1790363071.878,0.664,0.642,0.021,0.474,2.254,,0.218,6.25,,1.356,1790362966.439,1790363073.126,3.121,demo_booking,customer_hangup,0.0
1790362725,64,246bf1a0-8ece-4ffd-848b-faeb6a967241,0,paired,long,finalizada,,,4.856172758998582,2.9271530005503146,16.141,3.06,1790362975.635,1790362991.777,1.122,1.078,0.045,0.901,2.166,,0.413,6.98,,2.436,1790362966.852,1790363069.893,2.856,demo_booking,customer_hangup,0.0
1790362725,64,246bf1a0-8ece-4ffd-848b-faeb6a967241,1,paired,short,finalizada,,,8.796479793003527,2.4131772427538976,16.481,1.0,1790362994.705,1790363011.186,2.101,1.88,0.222,1.182,4.987,,0.298,5.93,,3.582,1790362966.852,1790363069.893,7.192,demo_booking,customer_hangup,0.0
1790362725,64,246bf1a0-8ece-4ffd-848b-faeb6a967241,2,paired,long,finalizada,,,6.0366038370120805,2.021251913054749,12.864,3.06,1790363013.6,1790363026.464,1.241,1.125,0.116,1.48,7.124,,0.237,6.9,,2.958,1790362966.852,1790363069.893,4.627,demo_booking,customer_hangup,0.0
1790362725,64,246bf1a0-8ece-4ffd-848b-faeb6a967241,3,paired,short,finalizada,,,-2.9437783169851173,1.6623686964767932,2.781,1.0,1790363028.486,1790363031.267,1.001,0.917,0.084,,,,,0.0,,,1790362966.852,1790363069.893,,demo_booking,customer_hangup,0.0
1790362725,64,246bf1a0-8ece-4ffd-848b-faeb6a967241,4,paired,short,finalizada,,,11.415994543989655,1.0838184368020682,18.728,0.32,1790363032.93,1790363051.658,2.001,1.98,0.021,2.101,7.193,,0.405,5.29,,4.507,1790362966.852,1790363069.893,9.618,demo_booking,customer_hangup,0.0
1790362725,64,246bf1a0-8ece-4ffd-848b-faeb6a967241,5,paired,medium,finalizada,,,5.15654986500158,1.5506843573766032,15.593,2.24,1790363052.743,1790363068.336,0.655,0.609,0.047,0.437,2.682,,0.13,7.05,,1.222,1790362966.852,1790363069.893,3.428,demo_booking,customer_hangup,0.0
1790362725,64,67b53c4c-8d79-445d-b42d-aa523497047c,0,paired,short,finalizada,,,3.292961513972841,1.0,6.036,0.32,1790362976.129,1790362982.165,1.001,0.608,0.393,0.349,1.938,,0.293,3.94,,1.643,1790362967.099,1790363049.214,1.66,demo_booking,customer_hangup,0.0
1790362725,64,67b53c4c-8d79-445d-b42d-aa523497047c,1,paired,short,finalizada,,,-1.2075163979898207,4.526953946703828,2.644,0.38,1790362983.166,1790362985.81,1.793,1.792,0.001,1.682,1.682,,,0.0,,,1790362967.099,1790363049.214,,demo_booking,customer_hangup,0.0
1790362725,64,67b53c4c-8d79-445d-b42d-aa523497047c,2,paired,long,finalizada,,,6.092519430996617,2.282322375405361,12.36,3.06,1790362990.338,1790363002.697,1.244,1.21,0.034,0.606,2.932,,0.487,1.93,,2.337,1790362967.099,1790363049.214,4.787,demo_booking,customer_hangup,0.0
1790362725,64,67b53c4c-8d79-445d-b42d-aa523497047c,3,paired,short,finalizada,,,7.732215164025547,2.1653393023362035,12.186,0.38,1790363004.981,1790363017.167,1.644,1.591,0.053,1.316,4.612,,0.136,2.89,,3.096,1790362967.099,1790363049.214,6.353,demo_booking,customer_hangup,0.0
1790362725,64,67b53c4c-8d79-445d-b42d-aa523497047c,4,paired,medium,finalizada,,,4.55253165398608,1.354891209983004,10.004,2.12,1790363019.333,1790363029.336,1.572,1.503,0.069,1.086,8.341,,0.175,7.9,,2.833,1790362967.099,1790363049.214,3.209,demo_booking,customer_hangup,0.0
1790362725,64,67b53c4c-8d79-445d-b42d-aa523497047c,5,paired,long,finalizada,,,7.312728091987083,4.48048005581302,14.033,3.52,1790363030.692,1790363044.725,1.371,1.287,0.085,2.685,8.243,,0.278,5.86,,4.334,1790362967.099,1790363049.214,5.902,demo_booking,customer_hangup,0.0
1790362725,64,d17647c3-49b7-4529-9c72-2b159ffe8a7b,0,paired,short,finalizada,,,3.648843047005357,1.499209557868754,10.088,0.32,1790362974.933,1790362985.021,1.336,1.165,0.171,0.379,1.705,,0.275,4.42,,1.99,1790362967.348,1790363080.46,1.988,demo_booking,customer_hangup,0.0
1790362725,64,d17647c3-49b7-4529-9c72-2b159ffe8a7b,1,paired,long,finalizada,,,6.429102486988995,2.5495597577423386,19.012,3.06,1790362986.522,1790363005.534,1.29,1.181,0.109,1.314,5.849,,0.373,8.26,,2.977,1790362967.348,1790363080.46,4.794,demo_booking,customer_hangup,0.0
1790362725,64,d17647c3-49b7-4529-9c72-2b159ffe8a7b,2,paired,short,finalizada,,,7.588855565001722,2.78674299395698,13.936,0.38,1790363008.084,1790363022.021,1.003,0.552,0.45,0.826,5.109,,0.203,4.73,,2.031,1790362967.348,1790363080.46,5.882,demo_booking,customer_hangup,0.0
1790362725,64,d17647c3-49b7-4529-9c72-2b159ffe8a7b,3,paired,long,finalizada,,,10.648993915994652,3.965860099701647,20.116,3.52,1790363024.808,1790363044.924,1.242,1.186,0.056,1.484,7.759,,0.154,4.73,,2.88,1790362967.348,1790363080.46,9.165,demo_booking,customer_hangup,0.0
1790362725,64,d17647c3-49b7-4529-9c72-2b159ffe8a7b,4,paired,long,finalizada,,,5.788776055997005,2.8128077947293764,19.963,3.06,1790363048.89,1790363068.854,2.368,2.169,0.199,0.635,3.897,,0.248,9.94,,3.251,1790362967.348,1790363080.46,4.358,demo_booking,customer_hangup,0.0
1790362725,64,d17647c3-49b7-4529-9c72-2b159ffe8a7b,5,paired,short,finalizada,,,2.428147083002841,1.0,7.787,0.32,1790363071.667,1790363079.454,1.001,0.434,0.567,0.327,1.68,,0.192,4.02,,1.52,1790362967.348,1790363080.46,1.195,demo_booking,customer_hangup,0.0
1790362725,64,5a2e0c20-a73a-47ea-a72e-8bb34e165cc8,0,paired,short,finalizada,,,5.0111122080124915,3.237919334759978,22.76,0.48,1790362976.231,1790362998.99,0.726,0.704,0.022,0.411,2.706,,0.419,16.02,,1.556,1790362967.6,1790363091.05,2.894,demo_booking,customer_hangup,0.0
1790362725,64,5a2e0c20-a73a-47ea-a72e-8bb34e165cc8,1,paired,medium,finalizada,,,10.45112120200065,3.0474038428163204,19.368,2.12,1790363002.229,1790363021.598,2.039,1.983,0.056,1.606,6.444,,0.236,6.09,,3.881,1790362967.6,1790363091.05,8.671,demo_booking,customer_hangup,0.0
1790362725,64,5a2e0c20-a73a-47ea-a72e-8bb34e165cc8,2,paired,short,finalizada,,,10.511259972001426,1.5674321500570916,17.026,0.32,1790363024.646,1790363041.672,1.402,1.323,0.079,1.757,7.375,,0.282,4.81,,3.441,1790362967.6,1790363091.05,9.017,demo_booking,customer_hangup,0.0
1790362725,64,5a2e0c20-a73a-47ea-a72e-8bb34e165cc8,3,paired,medium,finalizada,,,7.151069294020999,2.4825682652207077,16.308,2.12,1790363043.24,1790363059.548,1.433,1.114,0.319,0.881,3.814,,0.218,5.85,,2.532,1790362967.6,1790363091.05,5.295,demo_booking,customer_hangup,0.0
1790362725,64,5a2e0c20-a73a-47ea-a72e-8bb34e165cc8,4,paired,medium,finalizada,,,4.891419130988652,2.7462232351069753,12.326,2.12,1790363062.031,1790363074.357,1.511,1.491,0.02,0.511,1.657,,0.184,4.17,,2.206,1790362967.6,1790363091.05,3.339,demo_booking,customer_hangup,0.0
1790362725,64,5a2e0c20-a73a-47ea-a72e-8bb34e165cc8,5,paired,short,finalizada,,,1.8916657349909656,2.5720423520556,11.369,0.32,1790363077.104,1790363088.473,1.0,0.416,0.584,0.257,1.015,,0.095,8.1,,1.352,1790362967.6,1790363091.05,1.098,demo_booking,customer_hangup,0.0
1790362725,64,f06d8528-5bb4-425d-9a32-f2fbc42810fb,0,paired,medium,finalizada,,,4.972283533978043,1.2265576702087215,13.915,2.6,1790362976.292,1790362990.207,1.432,1.404,0.028,0.393,1.478,,0.434,5.62,,2.26,1790362968.141,1790363085.072,2.613,demo_booking,customer_hangup,0.0
1790362725,64,f06d8528-5bb4-425d-9a32-f2fbc42810fb,1,paired,short,finalizada,,,7.5519181129930075,3.568150427591188,14.508,0.38,1790362991.434,1790363005.942,1.223,1.189,0.034,0.88,4.45,,0.376,5.21,,2.48,1790362968.141,1790363085.072,6.054,demo_booking,customer_hangup,0.0
1790362725,64,f06d8528-5bb4-425d-9a32-f2fbc42810fb,2,paired,medium,finalizada,,,7.952191927994136,6.646642732674523,15.593,2.12,1790363009.511,1790363025.104,1.242,1.18,0.062,1.369,5.443,,0.288,4.89,,2.899,1790362968.141,1790363085.072,6.921,demo_booking,customer_hangup,0.0
1790362725,64,f06d8528-5bb4-425d-9a32-f2fbc42810fb,3,paired,medium,finalizada,,,10.152255790977506,2.5269481158743754,16.352,2.24,1790363031.751,1790363048.103,1.731,1.554,0.177,2.037,6.329,,0.435,2.81,,4.204,1790362968.141,1790363085.072,8.494,demo_booking,customer_hangup,0.0
1790362725,64,f06d8528-5bb4-425d-9a32-f2fbc42810fb,4,paired,medium,finalizada,,,6.872274970985018,3.074383148029162,16.778,2.24,1790363050.63,1790363067.408,2.056,1.792,0.264,0.885,3.12,,0.283,6.65,,3.224,1790362968.141,1790363085.072,5.247,demo_booking,customer_hangup,0.0
1790362725,64,f06d8528-5bb4-425d-9a32-f2fbc42810fb,5,paired,medium,finalizada,,,4.252218653011369,1.3682186213412977,13.216,2.24,1790363070.483,1790363083.7,0.634,0.617,0.017,0.425,1.866,,0.191,5.53,,1.251,1790362968.141,1790363085.072,2.678,demo_booking,customer_hangup,0.0
1790362725,64,43401ca3-8770-40aa-ba69-ae8a02ddcd1b,0,paired,medium,finalizada,,,4.081210102973273,3.502491666927258,17.956,2.24,1790362977.243,1790362995.199,1.167,1.131,0.036,0.363,2.127,,0.406,10.34,,1.936,1790362968.387,1790363086.413,2.142,demo_booking,customer_hangup,0.0
1790362725,64,43401ca3-8770-40aa-ba69-ae8a02ddcd1b,1,paired,long,finalizada,,,7.821842261007987,2.145106574928889,17.661,3.52,1790362998.702,1790363016.363,1.475,1.392,0.083,0.679,4.941,,0.15,5.05,,2.305,1790362968.387,1790363086.413,6.496,demo_booking,customer_hangup,0.0
1790362725,64,43401ca3-8770-40aa-ba69-ae8a02ddcd1b,2,paired,short,finalizada,,,8.88139668898657,2.6207796385506654,15.652,1.0,1790363018.508,1790363034.161,1.3,1.036,0.264,1.102,5.923,,0.596,4.57,,2.998,1790362968.387,1790363086.413,7.723,demo_booking,customer_hangup,0.0
1790362725,64,43401ca3-8770-40aa-ba69-ae8a02ddcd1b,3,paired,short,finalizada,,,9.061432540998794,5.473061774012511,15.943,1.0,1790363036.782,1790363052.725,1.051,0.692,0.359,0.903,6.063,,0.553,4.25,,2.506,1790362968.387,1790363086.413,7.312,demo_booking,customer_hangup,0.0
1790362725,64,43401ca3-8770-40aa-ba69-ae8a02ddcd1b,4,paired,short,finalizada,,,4.901238860009471,2.08432776033148,10.566,0.38,1790363058.198,1790363068.764,1.001,0.538,0.463,0.555,2.079,,0.278,4.49,,1.834,1790362968.387,1790363086.413,2.901,demo_booking,customer_hangup,0.0
1790362725,64,43401ca3-8770-40aa-ba69-ae8a02ddcd1b,5,paired,short,finalizada,,,4.301144809985999,4.981616523083694,10.578,0.48,1790363070.849,1790363081.427,0.65,0.632,0.018,0.52,1.906,,0.23,4.65,,1.401,1790362968.387,1790363086.413,2.779,demo_booking,customer_hangup,0.0
1790362725,64,21538667-993d-4424-8ce6-ccf8aad109af,0,paired,short,finalizada,,,4.11666682100622,4.1635219500646405,10.317,0.32,1790362977.097,1790362987.414,1.006,0.884,0.122,0.519,1.689,,0.396,4.66,,1.921,1790362968.637,1790363061.723,1.867,demo_booking,customer_hangup,0.0
1790362725,64,21538667-993d-4424-8ce6-ccf8aad109af,1,paired,short,finalizada,,,4.6766515509807505,4.5873843548392665,6.87,0.38,1790362991.578,1790362998.448,1.098,1.055,0.043,0.849,2.328,,0.401,0.57,,2.347,1790362968.637,1790363061.723,3.815,demo_booking,customer_hangup,0.0
1790362725,64,21538667-993d-4424-8ce6-ccf8aad109af,2,paired,short,finalizada,,,4.216653117997339,4.881105242323164,7.849,0.48,1790363003.036,1790363010.885,1.307,1.222,0.084,0.732,5.705,,0.267,8.82,,2.306,1790362968.637,1790363061.723,2.609,demo_booking,customer_hangup,0.0
1790362725,64,21538667-993d-4424-8ce6-ccf8aad109af,3,paired,long,finalizada,,,7.89679017700837,1.207748792826698,14.717,3.06,1790363015.767,1790363030.484,0.742,0.736,0.005,1.558,5.037,,0.486,2.41,,2.786,1790362968.637,1790363061.723,6.281,demo_booking,customer_hangup,0.0
1790362725,64,21538667-993d-4424-8ce6-ccf8aad109af,4,paired,long,finalizada,,,5.67664463998517,2.126044031083781,12.555,3.52,1790363031.693,1790363044.247,1.194,1.048,0.147,1.45,6.613,,0.279,5.62,,2.924,1790362968.637,1790363061.723,4.144,demo_booking,customer_hangup,0.0
1790362725,64,21538667-993d-4424-8ce6-ccf8aad109af,5,paired,medium,finalizada,,,6.157389377010986,1.459706528973866,13.883,2.6,1790363046.374,1790363060.256,1.321,1.258,0.063,0.923,2.806,,0.419,3.93,,2.663,1790362968.637,1790363061.723,4.595,demo_booking,customer_hangup,0.0
1790362725,64,cd17a346-9c2d-4dbe-8d70-852a61cee632,0,paired,long,finalizada,,,4.933455994003452,1.9638759238686043,15.408,3.52,1790362976.95,1790362992.358,0.84,0.811,0.029,0.271,1.944,,0.537,7.05,,1.648,1790362968.887,1790363080.788,3.338,demo_booking,customer_hangup,0.0
1790362725,64,cd17a346-9c2d-4dbe-8d70-852a61cee632,1,paired,short,finalizada,,,8.074300304986537,1.0,16.559,1.0,1790362994.323,1790363010.882,1.714,1.604,0.11,0.65,4.635,,0.412,6.09,,2.776,1790362968.887,1790363080.788,6.694,demo_booking,customer_hangup,0.0
1790362725,64,cd17a346-9c2d-4dbe-8d70-852a61cee632,2,paired,medium,finalizada,,,9.313776155991945,2.0750570402275037,18.629,2.24,1790363011.883,1790363030.511,1.472,1.327,0.145,1.197,6.173,,0.242,5.77,,2.912,1790362968.887,1790363080.788,7.759,demo_booking,customer_hangup,0.0
1790362725,64,cd17a346-9c2d-4dbe-8d70-852a61cee632,3,paired,short,finalizada,,,10.093990736000706,2.905388472861763,14.761,0.48,1790363032.588,1790363047.349,2.19,2.131,0.059,2.032,6.225,,0.263,2.89,,4.485,1790362968.887,1790363080.788,8.728,demo_booking,customer_hangup,0.0
1790362725,64,cd17a346-9c2d-4dbe-8d70-852a61cee632,4,paired,long,finalizada,,,5.0939390679995995,5.817256818154995,13.053,3.52,1790363050.255,1790363063.308,1.655,1.606,0.049,0.548,1.83,,0.115,3.21,,2.318,1790362968.887,1790363080.788,3.555,demo_booking,customer_hangup,0.0
1790362725,64,cd17a346-9c2d-4dbe-8d70-852a61cee632,5,paired,short,finalizada,,,3.654516993003199,3.1921319224496245,8.465,0.38,1790363069.126,1790363077.591,1.0,0.506,0.494,0.411,1.553,,0.223,3.29,,1.634,1790362968.887,1790363080.788,2.286,demo_booking,customer_hangup,0.0
1790362725,64,b67eec3c-88c9-4840-ab68-d48527f31b96,0,paired,medium,finalizada,,,3.958785262017045,3.4136885904614584,13.188,2.24,1790362977.469,1790362990.656,1.047,1.009,0.039,0.343,1.558,,0.264,5.78,,1.654,1790362969.036,1790363075.413,1.875,demo_booking,customer_hangup,0.0
1790362725,64,b67eec3c-88c9-4840-ab68-d48527f31b96,1,paired,long,finalizada,,,6.43974005599739,3.597118731055574,14.025,3.06,1790362994.07,1790363008.096,2.03,1.833,0.197,0.631,2.577,,0.323,3.77,,2.984,1790362969.036,1790363075.413,4.783,demo_booking,customer_hangup,0.0
1790362725,64,b67eec3c-88c9-4840-ab68-d48527f31b96,2,paired,long,finalizada,,,8.059188504004851,1.1915430878805504,15.682,3.06,1790363011.693,1790363027.375,1.297,1.165,0.132,1.21,5.15,,0.294,3.61,,2.801,1790362969.036,1790363075.413,6.67,demo_booking,customer_hangup,0.0
1790362725,64,b67eec3c-88c9-4840-ab68-d48527f31b96,3,paired,medium,finalizada,,,4.859623280994128,2.948915302463409,9.893,2.24,1790363028.567,1790363038.46,1.147,0.937,0.21,1.625,6.961,,0.244,4.82,,3.016,1790362969.036,1790363075.413,3.263,demo_booking,customer_hangup,0.0
1790362725,64,b67eec3c-88c9-4840-ab68-d48527f31b96,4,paired,long,finalizada,,,7.0387560480157845,2.889997102461634,14.571,3.06,1790363041.41,1790363055.981,1.139,1.125,0.014,1.033,3.763,,0.338,3.13,,2.51,1790362969.036,1790363075.413,5.295,demo_booking,customer_hangup,0.0
1790362725,64,b67eec3c-88c9-4840-ab68-d48527f31b96,5,paired,medium,finalizada,,,3.6996595340024214,3.8322546276184175,12.705,2.6,1790363058.872,1790363071.576,1.225,1.194,0.031,0.866,2.303,,0.147,4.66,,2.238,1790362969.036,1790363075.413,2.572,demo_booking,customer_hangup,0.0
1790362725,64,45e5f561-4499-43fb-8a15-5f05db3793e9,0,paired,short,finalizada,,,4.891013718995964,2.3988599891828097,11.886,1.0,1790362978.317,1790362990.203,1.048,1.024,0.024,0.404,1.508,,0.253,4.81,,1.705,1790362969.28,1790363080.603,2.792,demo_booking,customer_hangup,0.0
1790362725,64,45e5f561-4499-43fb-8a15-5f05db3793e9,1,paired,long,finalizada,,,9.131751887005521,1.0725573118661447,19.122,3.06,1790362992.603,1790363011.725,2.159,2.067,0.093,1.091,5.124,,0.158,5.69,,3.408,1790362969.28,1790363080.603,7.457,demo_booking,customer_hangup,0.0
1790362725,64,45e5f561-4499-43fb-8a15-5f05db3793e9,2,paired,short,finalizada,,,8.69174785798532,5.838788038363475,15.525,0.38,1790363012.798,1790363028.323,1.406,1.337,0.069,0.889,5.693,,0.263,4.89,,2.558,1790362969.28,1790363080.603,7.319,demo_booking,customer_hangup,0.0
1790362725,64,45e5f561-4499-43fb-8a15-5f05db3793e9,3,paired,medium,finalizada,,,8.83182071999181,6.050030155886299,16.113,2.24,1790363034.162,1790363050.275,1.08,1.021,0.059,1.211,5.799,,0.268,3.85,,2.56,1790362969.28,1790363080.603,7.145,demo_booking,customer_hangup,0.0
1790362725,64,45e5f561-4499-43fb-8a15-5f05db3793e9,4,paired,short,finalizada,,,4.391572345019085,1.0,10.722,1.0,1790363056.325,1790363067.047,1.002,0.501,0.501,0.552,2.094,,0.206,4.17,,1.761,1790362969.28,1790363080.603,2.808,demo_booking,customer_hangup,0.0
1790362725,64,45e5f561-4499-43fb-8a15-5f05db3793e9,5,paired,medium,finalizada,,,3.1515630290086847,1.0,11.55,2.6,1790363068.049,1790363079.599,0.713,0.684,0.029,0.407,2.12,,0.177,4.9,,1.297,1790362969.28,1790363080.603,1.62,demo_booking,customer_hangup,0.0
1790362725,64,3b000000-889a-467a-b663-1d52ea960387,0,paired,short,finalizada,,,3.8552330569946207,1.5635263233447318,10.175,0.32,1790362978.192,1790362988.367,1.008,0.74,0.269,0.482,1.626,,0.393,4.34,,1.884,1790362969.531,1790363085.301,1.934,demo_booking,customer_hangup,0.0
1790362725,64,3b000000-889a-467a-b663-1d52ea960387,1,paired,medium,finalizada,,,8.716205698001431,2.6447522708090503,17.236,2.6,1790362989.931,1790363007.168,1.641,1.464,0.177,1.395,5.254,,0.231,4.65,,3.267,1790362969.531,1790363085.301,6.987,demo_booking,customer_hangup,0.0
1790362725,64,3b000000-889a-467a-b663-1d52ea960387,2,paired,long,finalizada,,,8.116532056999858,2.65300284249221,16.512,3.06,1790363009.814,1790363026.326,1.399,1.268,0.131,1.236,5.297,,0.19,4.01,,2.825,1790362969.531,1790363085.301,6.785,demo_booking,customer_hangup,0.0
1790362725,64,3b000000-889a-467a-b663-1d52ea960387,3,paired,medium,finalizada,,,10.175330423982814,8.339339134825638,18.146,2.12,1790363028.979,1790363047.125,1.666,1.569,0.097,1.183,6.906,,0.219,4.33,,3.068,1790362969.531,1790363085.301,8.705,demo_booking,customer_hangup,0.0
1790362725,64,3b000000-889a-467a-b663-1d52ea960387,4,paired,short,finalizada,,,5.355331594008021,1.7530522630921843,10.697,0.38,1790363055.465,1790363066.162,1.099,1.072,0.027,0.967,2.484,,0.23,3.77,,2.295,1790362969.531,1790363085.301,3.79,demo_booking,customer_hangup,0.0
1790362725,64,3b000000-889a-467a-b663-1d52ea960387,5,paired,long,finalizada,,,4.655493351019686,4.621715054046355,12.758,3.06,1790363067.916,1790363080.674,0.757,0.725,0.032,0.73,2.155,,0.27,4.01,,1.757,1790362969.531,1790363085.301,3.158,demo_booking,customer_hangup,0.0
1790362725,64,1b73dd68-764e-43ef-b384-7e33bb7149a7,0,paired,medium,finalizada,,,4.563287620985648,1.8846898198564186,14.595,2.24,1790362981.355,1790362995.95,1.337,1.225,0.112,0.611,3.406,,0.291,6.42,,2.238,1790362969.78,1790363102.792,3.081,demo_booking,customer_hangup,0.0
1790362725,64,1b73dd68-764e-43ef-b384-7e33bb7149a7,1,paired,short,finalizada,,,9.483036018995335,3.995515150526794,19.867,0.38,1790362997.836,1790363017.703,1.673,1.562,0.111,0.743,5.858,,0.302,8.97,,2.718,1790362969.78,1790363102.792,7.866,demo_booking,customer_hangup,0.0
1790362725,64,1b73dd68-764e-43ef-b384-7e33bb7149a7,2,paired,long,finalizada,,,11.903086881997297,2.0196226336603327,24.973,3.06,1790363021.699,1790363046.672,1.67,1.492,0.179,1.749,8.372,,0.334,8.65,,3.753,1790362969.78,1790363102.792,10.266,demo_booking,customer_hangup,0.0
1790362725,64,1b73dd68-764e-43ef-b384-7e33bb7149a7,3,paired,medium,finalizada,,,4.383395295997616,1.587636599086766,14.298,2.6,1790363048.693,1790363062.991,1.522,1.365,0.157,0.746,2.706,,0.391,6.18,,2.659,1790362969.78,1790363102.792,2.815,demo_booking,customer_hangup,0.0
1790362725,64,1b73dd68-764e-43ef-b384-7e33bb7149a7,4,paired,short,finalizada,,,4.222986728011165,5.116619213988307,15.166,0.38,1790363064.579,1790363079.745,1.0,0.793,0.207,0.35,1.671,,0.335,9.37,,1.685,1790362969.78,1790363102.792,2.803,demo_booking,customer_hangup,0.0
1790362725,64,1b73dd68-764e-43ef-b384-7e33bb7149a7,5,paired,long,finalizada,,,2.742761878995225,2.082471300544112,15.838,3.06,1790363084.862,1790363100.7,0.553,0.539,0.013,0.391,1.27,,0.073,8.81,,1.017,1790362969.78,1790363102.792,1.886,demo_booking,customer_hangup,0.0
1790362725,64,3fa3a11b-643d-4e33-8314-292ffa602f04,0,paired,medium,finalizada,,,4.435654914006591,2.615232839698212,9.46,2.6,1790362980.954,1790362990.415,1.532,1.41,0.122,0.626,4.004,,0.286,6.42,,2.444,1790362969.798,1790363047.289,3.264,demo_booking,customer_hangup,0.0
1790362725,64,3fa3a11b-643d-4e33-8314-292ffa602f04,1,paired,short,finalizada,,,-2.7638708910089917,1.0,2.395,0.48,1790362993.031,1790362995.426,1.434,1.423,0.012,,,,,0.0,,,1790362969.798,1790363047.289,,demo_booking,customer_hangup,0.0
1790362725,64,3fa3a11b-643d-4e33-8314-292ffa602f04,2,paired,short,finalizada,,,6.476343271002406,1.618738847667159,10.083,0.32,1790362996.426,1790363006.51,1.49,1.486,0.004,0.974,3.149,,0.184,2.09,,2.648,1790362969.798,1790363047.289,4.864,demo_booking,customer_hangup,0.0
1790362725,64,3fa3a11b-643d-4e33-8314-292ffa602f04,3,paired,short,finalizada,,,6.8767741119954735,1.0,9.934,0.38,1790363008.13,1790363018.063,1.0,0.723,0.278,1.062,4.598,,0.336,1.45,,2.398,1790362969.798,1790363047.289,5.662,demo_booking,customer_hangup,0.0
1790362725,64,3fa3a11b-643d-4e33-8314-292ffa602f04,4,paired,short,finalizada,,,8.296052168007009,1.8885771002283316,12.032,0.38,1790363019.064,1790363031.096,1.002,0.88,0.121,1.28,5.01,,0.169,2.89,,2.451,1790362969.798,1790363047.289,6.122,demo_booking,customer_hangup,0.0
1790362725,64,3fa3a11b-643d-4e33-8314-292ffa602f04,5,paired,long,finalizada,,,5.31618352199439,2.424531836307122,11.872,3.52,1790363032.986,1790363044.857,1.493,1.443,0.05,1.038,7.189,,0.236,3.66,,2.767,1790362969.798,1790363047.289,3.954,demo_booking,customer_hangup,0.0
1790362725,64,ee5667c6-080a-4e76-b214-2c508545342b,0,paired,medium,finalizada,,,4.47578485601116,4.685719063008387,10.908,2.24,1790362979.065,1790362989.973,0.589,0.566,0.023,0.511,1.494,,0.415,3.53,,1.514,1790362970.041,1790363077.0,2.492,demo_booking,customer_hangup,0.0
1790362725,64,ee5667c6-080a-4e76-b214-2c508545342b,1,paired,long,finalizada,,,8.01554452299024,2.9904187270289633,15.35,3.06,1790362994.66,1790363010.009,2.063,2.034,0.029,0.637,4.159,,0.191,3.13,,2.891,1790362970.041,1790363077.0,6.41,demo_booking,customer_hangup,0.0
1790362725,64,ee5667c6-080a-4e76-b214-2c508545342b,2,paired,long,finalizada,,,7.815331730002072,1.8378953306420722,15.295,3.52,1790363013.001,1790363028.296,1.475,1.329,0.146,1.336,4.458,,0.211,2.89,,3.022,1790362970.041,1790363077.0,6.214,demo_booking,customer_hangup,0.0
1790362725,64,ee5667c6-080a-4e76-b214-2c508545342b,3,paired,medium,finalizada,,,7.195831338001881,4.383432350811751,12.925,2.6,1790363030.134,1790363043.059,1.952,1.66,0.292,2.34,7.832,,0.17,5.38,,4.462,1790362970.041,1790363077.0,5.32,demo_booking,customer_hangup,0.0
1790362725,64,ee5667c6-080a-4e76-b214-2c508545342b,4,paired,medium,finalizada,,,4.775734305992955,1.0,13.24,2.6,1790363047.444,1790363060.684,1.52,1.386,0.134,0.777,2.317,,0.699,4.66,,2.996,1790362970.041,1790363077.0,3.39,demo_booking,customer_hangup,0.0
1790362725,64,ee5667c6-080a-4e76-b214-2c508545342b,5,paired,short,finalizada,,,3.5354143170116004,5.854433122820318,9.457,0.32,1790363061.685,1790363071.142,1.092,1.075,0.017,0.53,1.852,,0.186,4.5,,1.808,1790362970.041,1790363077.0,2.129,demo_booking,customer_hangup,0.0
1790362725,64,f4cf2394-786c-4ed0-a13d-ed518d5f173c,0,paired,long,finalizada,,,4.832385290006641,4.107562413045886,14.618,3.52,1790362979.168,1790362993.786,1.057,0.92,0.137,0.562,2.109,,0.23,5.21,,1.848,1790362970.291,1790363079.72,3.301,demo_booking,customer_hangup,0.0
1790362725,64,f4cf2394-786c-4ed0-a13d-ed518d5f173c,1,paired,medium,finalizada,,,5.572185131983133,5.375357714823095,16.499,2.6,1790362997.894,1790363014.393,1.846,1.722,0.125,0.776,5.653,,0.192,6.58,,2.814,1790362970.291,1790363079.72,3.969,demo_booking,customer_hangup,0.0
1790362725,64,f4cf2394-786c-4ed0-a13d-ed518d5f173c,2,paired,short,finalizada,,,8.033187908993568,1.7018404377662295,12.622,0.38,1790363019.77,1790363032.391,1.001,0.641,0.36,0.982,5.562,,0.303,2.89,,2.287,1790362970.291,1790363079.72,6.568,demo_booking,customer_hangup,0.0
1790362725,64,f4cf2394-786c-4ed0-a13d-ed518d5f173c,3,paired,short,finalizada,,,9.572706430015387,3.3713496560086753,15.619,0.32,1790363034.094,1790363049.713,1.027,1.007,0.02,2.041,6.561,,0.312,4.57,,3.38,1790362970.291,1790363079.72,7.907,demo_booking,customer_hangup,0.0
1790362725,64,f4cf2394-786c-4ed0-a13d-ed518d5f173c,4,paired,medium,finalizada,,,5.472282881994033,1.0,12.737,2.12,1790363053.085,1790363065.822,1.009,0.774,0.236,0.563,2.728,,0.222,4.33,,1.795,1790362970.291,1790363079.72,3.788,demo_booking,customer_hangup,0.0
1790362725,64,f4cf2394-786c-4ed0-a13d-ed518d5f173c,5,paired,medium,finalizada,,,3.892719579016557,1.120239249895247,11.772,2.12,1790363066.823,1790363078.595,0.54,0.522,0.018,0.337,1.67,,0.18,4.73,,1.057,1790362970.291,1790363079.72,2.379,demo_booking,customer_hangup,0.0
1790362725,64,5ec8bccd-5b4e-4c9a-ae74-233e937063d8,0,paired,medium,finalizada,,,3.2888914410141297,1.4528321632926984,28.202,2.6,1790362979.232,1790363007.434,0.651,0.631,0.02,0.366,3.257,,0.347,20.84,,1.364,1790362970.541,1790363073.302,1.612,demo_booking,customer_hangup,0.0
1790362725,64,5ec8bccd-5b4e-4c9a-ae74-233e937063d8,1,paired,medium,finalizada,,,5.54876783900545,3.683752317945915,11.308,2.6,1790363008.888,1790363020.196,1.349,1.264,0.085,1.383,11.946,,0.202,18.43,,2.934,1790362970.541,1790363073.302,3.894,demo_booking,customer_hangup,0.0
1790362725,64,5ec8bccd-5b4e-4c9a-ae74-233e937063d8,2,paired,medium,finalizada,,,-5.491412887000479,1.7643733264396664,2.799,2.6,1790363023.881,1790363026.679,1.937,1.934,0.004,,,,0.468,2.09,,,1790362970.541,1790363073.302,,demo_booking,customer_hangup,0.0
1790362725,64,5ec8bccd-5b4e-4c9a-ae74-233e937063d8,3,paired,long,finalizada,,,2.948743540997384,2.7321438489921595,8.11,3.52,1790363028.445,1790363036.555,2.772,2.542,0.23,2.004,5.841,,0.203,2.57,,4.978,1790362970.541,1790363073.302,,demo_booking,customer_hangup,0.0
1790362725,64,5ec8bccd-5b4e-4c9a-ae74-233e937063d8,4,paired,medium,finalizada,,,6.148408936016494,1.4411626995366857,11.355,2.12,1790363039.287,1790363050.643,1.519,1.117,0.403,1.966,5.87,,0.599,5.94,,4.085,1790362970.541,1790363073.302,5.296,demo_booking,customer_hangup,0.0
1790362725,64,5ec8bccd-5b4e-4c9a-ae74-233e937063d8,5,paired,long,finalizada,,,4.348636879003607,3.136197348621676,18.075,3.52,1790363052.085,1790363070.159,1.209,1.207,0.002,0.712,2.945,,0.189,8.9,,2.11,1790362970.541,1790363073.302,2.715,demo_booking,customer_hangup,0.0
1790362725,64,913c2c0e-0146-4355-addd-5f6b32c63202,0,paired,medium,finalizada,,,4.171803175006062,7.188163966657746,12.481,2.12,1790362980.045,1790362992.526,0.612,0.58,0.032,0.409,1.704,,0.288,4.97,,1.309,1790362971.337,1790363078.152,2.582,demo_booking,customer_hangup,0.0
1790362725,64,913c2c0e-0146-4355-addd-5f6b32c63202,1,paired,short,finalizada,,,7.951581650995649,1.0,14.182,0.38,1790362999.715,1790363013.897,1.872,1.837,0.035,0.697,3.989,,0.254,4.73,,2.823,1790362971.337,1790363078.152,6.09,demo_booking,customer_hangup,0.0
1790362725,64,913c2c0e-0146-4355-addd-5f6b32c63202,2,paired,medium,finalizada,,,8.711730206006905,1.0711870652815731,17.355,2.24,1790363014.898,1790363032.253,1.135,1.108,0.027,1.084,6.001,,0.247,5.21,,2.465,1790362971.337,1790363078.152,7.386,demo_booking,customer_hangup,0.0
1790362725,64,913c2c0e-0146-4355-addd-5f6b32c63202,3,paired,short,finalizada,,,6.41179061200819,1.967900481984475,10.211,0.32,1790363033.325,1790363043.535,1.727,1.673,0.054,2.085,8.29,,0.248,9.7,,4.059,1790362971.337,1790363078.152,4.949,demo_booking,customer_hangup,0.0
1790362725,64,913c2c0e-0146-4355-addd-5f6b32c63202,4,paired,long,finalizada,,,4.871652294008527,1.9707578705856865,18.869,3.52,1790363045.504,1790363064.373,1.338,1.276,0.063,0.99,3.395,,0.282,9.31,,2.61,1790362971.337,1790363078.152,3.279,demo_booking,customer_hangup,0.0
1790362725,64,913c2c0e-0146-4355-addd-5f6b32c63202,5,paired,short,finalizada,,,4.2319056810229085,2.309236650783137,9.492,1.0,1790363066.345,1790363075.838,1.004,0.983,0.021,0.527,1.624,,0.142,3.21,,1.673,1790362971.337,1790363078.152,2.77,demo_booking,customer_hangup,0.0
1790362725,64,5e36e1cc-3104-4b6d-be1f-3a3d386f1746,0,paired,medium,finalizada,,,4.447750079998514,9.947082356255136,12.272,2.24,1790362980.109,1790362992.381,1.105,0.894,0.211,0.939,1.855,,0.235,4.41,,2.278,1790362971.579,1790363072.994,2.99,demo_booking,customer_hangup,0.0
1790362725,64,5e36e1cc-3104-4b6d-be1f-3a3d386f1746,1,paired,long,finalizada,,,5.2682637110119686,1.088891817416029,12.451,3.52,1790363002.329,1790363014.78,1.107,1.018,0.089,1.485,7.261,,0.173,7.46,,2.765,1790362971.579,1790363072.994,3.719,demo_booking,customer_hangup,0.0
1790362725,64,5e36e1cc-3104-4b6d-be1f-3a3d386f1746,2,paired,short,finalizada,,,-0.6720863119990099,1.302341279665055,2.604,1.0,1790363015.87,1790363018.474,1.422,1.411,0.012,,,,,0.0,,,1790362971.579,1790363072.994,,demo_booking,customer_hangup,0.0
1790362725,64,5e36e1cc-3104-4b6d-be1f-3a3d386f1746,3,paired,long,finalizada,,,10.567535805981606,1.0259210289552507,20.542,3.52,1790363019.777,1790363040.319,1.089,1.029,0.06,1.408,7.267,,0.364,5.21,,2.861,1790362971.579,1790363072.994,8.809,demo_booking,customer_hangup,0.0
1790362725,64,5e36e1cc-3104-4b6d-be1f-3a3d386f1746,4,paired,short,finalizada,,,8.887909098993987,4.249024432027898,14.443,0.32,1790363041.345,1790363055.788,1.662,1.611,0.05,1.671,4.823,,0.443,4.01,,3.775,1790362971.579,1790363072.994,6.907,demo_booking,customer_hangup,0.0
1790362725,64,5e36e1cc-3104-4b6d-be1f-3a3d386f1746,5,paired,short,finalizada,,,5.18783626097138,1.9100349960112732,11.04,0.32,1790363060.037,1790363071.078,1.001,0.852,0.149,0.445,2.409,,0.3,4.41,,1.746,1790362971.579,1790363072.994,3.567,demo_booking,customer_hangup,0.0
1790362725,64,e0464b6a-f43c-4684-8dba-d726e1f758a7,0,paired,short,finalizada,,,4.720349943003384,1.493091728368432,11.865,1.0,1790362979.756,1790362991.621,1.007,0.786,0.221,0.251,1.832,,0.48,5.21,,1.739,1790362971.83,1790363080.928,3.105,demo_booking,customer_hangup,0.0
1790362725,64,e0464b6a-f43c-4684-8dba-d726e1f758a7,1,paired,medium,finalizada,,,7.559933940996416,1.022564511584354,16.323,2.6,1790362993.115,1790363009.438,1.306,1.194,0.113,1.372,4.668,,0.204,4.97,,2.883,1790362971.83,1790363080.928,6.089,demo_booking,customer_hangup,0.0
1790362725,64,e0464b6a-f43c-4684-8dba-d726e1f758a7,2,paired,medium,finalizada,,,8.401151127996854,1.0,17.253,2.6,1790363010.461,1790363027.714,1.151,1.057,0.093,1.152,5.613,,0.138,5.05,,2.441,1790362971.83,1790363080.928,6.86,demo_booking,customer_hangup,0.0
1790362725,64,e0464b6a-f43c-4684-8dba-d726e1f758a7,3,paired,short,finalizada,,,10.881130157009466,3.0234864790150215,17.681,0.48,1790363028.715,1790363046.396,1.12,1.083,0.037,1.116,7.928,,0.228,5.37,,2.465,1790362971.83,1790363080.928,9.249,demo_booking,customer_hangup,0.0
1790362725,64,e0464b6a-f43c-4684-8dba-d726e1f758a7,4,paired,medium,finalizada,,,6.160436322999885,1.0582977140797667,16.082,2.6,1790363049.42,1790363065.502,2.241,2.162,0.079,0.645,2.407,,0.169,6.17,,3.054,1790362971.83,1790363080.928,4.781,demo_booking,customer_hangup,0.0
1790362725,64,e0464b6a-f43c-4684-8dba-d726e1f758a7,5,paired,short,finalizada,,,4.460448986006668,2.3700068791329687,11.992,1.0,1790363066.561,1790363078.553,0.915,0.892,0.022,0.386,1.829,,0.211,5.21,,1.512,1790362971.83,1790363080.928,2.937,demo_booking,customer_hangup,0.0
1790362725,64,357e84d7-5c8e-4ea7-868b-27c429503452,0,paired,medium,finalizada,,,6.611459459993057,2.6560916595614077,14.678,2.6,1790362981.216,1790362995.894,1.77,1.733,0.037,1.064,3.066,,0.197,4.17,,3.031,1790362972.08,1790363071.165,5.01,demo_booking,customer_hangup,0.0
1790362725,64,357e84d7-5c8e-4ea7-868b-27c429503452,1,paired,short,finalizada,,,7.0117077610048,1.0,10.312,0.38,1790362998.551,1790363008.863,1.362,1.216,0.146,1.353,4.25,,0.224,1.61,,2.939,1790362972.08,1790363071.165,5.698,demo_booking,customer_hangup,0.0
1790362725,64,357e84d7-5c8e-4ea7-868b-27c429503452,2,paired,short,finalizada,,,6.991043204994639,2.7901590131757645,11.871,1.0,1790363009.863,1790363021.734,1.002,0.494,0.508,1.012,4.693,,0.295,3.05,,2.308,1790362972.08,1790363071.165,5.496,demo_booking,customer_hangup,0.0
1790362725,64,357e84d7-5c8e-4ea7-868b-27c429503452,3,paired,short,finalizada,,,8.650607921998017,1.6119389227613419,13.176,1.0,1790363024.525,1790363037.701,1.631,1.538,0.092,0.964,5.027,,0.578,2.25,,3.173,1790362972.08,1790363071.165,7.167,demo_booking,customer_hangup,0.0
1790362725,64,357e84d7-5c8e-4ea7-868b-27c429503452,4,paired,medium,finalizada,,,8.51110350099043,2.686261793827521,16.268,2.6,1790363039.313,1790363055.582,1.447,1.315,0.132,1.665,4.642,,0.432,3.77,,3.544,1790362972.08,1790363071.165,6.672,demo_booking,customer_hangup,0.0
1790362725,64,357e84d7-5c8e-4ea7-868b-27c429503452,5,paired,short,finalizada,,,4.191219728993019,4.571020085545364,8.32,1.0,1790363058.268,1790363066.588,1.003,0.584,0.419,0.421,1.852,,0.249,2.01,,1.673,1790362972.08,1790363071.165,2.704,demo_booking,customer_hangup,0.0
1790362725,64,b9ceb751-f01c-4a63-933f-408c9b39b758,0,client_only,medium,finalizada,,,7.372234746988397,3.112223381443515,16.211,2.12,1790362981.81,1790362998.021,,,,,,,,,,,1790362972.343,1790363066.905,,demo_booking,customer_hangup,0.0
1790362725,64,b9ceb751-f01c-4a63-933f-408c9b39b758,1,client_only,long,finalizada,,,5.391432856005849,1.3834206550775416,11.483,3.52,1790363001.134,1790363012.618,,,,,,,,,,,1790362972.343,1790363066.905,,demo_booking,customer_hangup,0.0
1790362725,64,b9ceb751-f01c-4a63-933f-408c9b39b758,2,client_only,long,finalizada,,,6.032023122999817,7.10143714778225,11.724,3.06,1790363014.002,1790363025.726,,,,,,,,,,,1790362972.343,1790363066.905,,demo_booking,customer_hangup,0.0
1790362725,64,b9ceb751-f01c-4a63-933f-408c9b39b758,3,client_only,short,finalizada,,,-5.007517892983742,1.7163794874381864,0.589,0.32,1790363032.829,1790363033.418,,,,,,,,,,,1790362972.343,1790363066.905,,demo_booking,customer_hangup,0.0
1790362725,64,b9ceb751-f01c-4a63-933f-408c9b39b758,4,client_only,short,finalizada,,,8.592320972005837,2.648068543952759,15.362,1.0,1790363035.134,1790363050.497,,,,,,,,,,,1790362972.343,1790363066.905,,demo_booking,customer_hangup,0.0
1790362725,64,b9ceb751-f01c-4a63-933f-408c9b39b758,5,client_only,short,finalizada,,,3.8323972939979285,1.197127924723595,12.557,0.32,1790363053.145,1790363065.702,,,,,,,,,,,1790362972.343,1790363066.905,,demo_booking,customer_hangup,0.0
1790362725,64,b9ceb751-f01c-4a63-933f-408c9b39b758,0,server_only,,finalizada,,,,,,,,,1.529,1.501,0.028,1.069,3.918,,0.246,5.45,,2.845,1790362972.343,1790363066.905,5.673,demo_booking,customer_hangup,0.0
1790362725,64,b9ceb751-f01c-4a63-933f-408c9b39b758,1,server_only,,finalizada,,,,,,,,,1.57,1.523,0.047,1.679,6.468,,0.134,6.66,,3.384,1790362972.343,1790363066.905,3.881,demo_booking,customer_hangup,0.0
1790362725,64,b9ceb751-f01c-4a63-933f-408c9b39b758,2,server_only,,finalizada,,,,,,,,,1.215,1.21,0.004,2.581,7.93,,0.217,5.38,,4.012,1790362972.343,1790363066.905,4.795,demo_booking,customer_hangup,0.0
1790362725,64,b9ceb751-f01c-4a63-933f-408c9b39b758,3,server_only,,finalizada,,,,,,,,,1.012,0.629,0.383,1.391,5.699,,0.705,4.41,,3.108,1790362972.343,1790363066.905,7.116,demo_booking,customer_hangup,0.0
1790362725,64,b9ceb751-f01c-4a63-933f-408c9b39b758,4,server_only,,finalizada,,,,,,,,,1.395,1.309,0.086,0.765,3.091,,0.198,6.34,,2.358,1790362972.343,1790363066.905,2.642,demo_booking,customer_hangup,0.0
1790362725,64,ecbd3dc3-6937-46a3-87a8-c7d6712cf497,0,paired,long,finalizada,,,4.8486583049816545,2.5444465793260314,12.482,3.52,1790362981.563,1790362994.045,1.051,1.015,0.035,0.543,2.131,,0.292,2.89,,1.886,1790362972.586,1790363078.286,3.442,demo_booking,customer_hangup,0.0
1790362725,64,ecbd3dc3-6937-46a3-87a8-c7d6712cf497,1,paired,short,finalizada,,,6.228707367990864,1.0,10.3,0.38,1790362996.59,1790363006.891,1.328,1.25,0.077,0.92,3.144,,0.194,2.41,,2.442,1790362972.586,1790363078.286,4.631,demo_booking,customer_hangup,0.0
1790362725,64,ecbd3dc3-6937-46a3-87a8-c7d6712cf497,2,paired,long,finalizada,,,7.3487407169886865,1.0,14.547,3.52,1790363007.891,1790363022.438,0.974,0.927,0.047,1.464,4.825,,0.163,2.49,,2.601,1790362972.586,1790363078.286,5.94,demo_booking,customer_hangup,0.0
1790362725,64,ecbd3dc3-6937-46a3-87a8-c7d6712cf497,3,paired,short,finalizada,,,10.168666929006577,2.6819938845487066,16.173,0.32,1790363023.439,1790363039.612,1.121,1.092,0.03,1.549,6.896,,0.47,4.41,,3.14,1790362972.586,1790363078.286,8.469,demo_booking,customer_hangup,0.0
1790362725,64,ecbd3dc3-6937-46a3-87a8-c7d6712cf497,4,paired,long,finalizada,,,7.588899724010844,1.1565638603936212,16.58,3.52,1790363042.295,1790363058.874,1.814,1.466,0.347,1.685,3.968,,0.26,4.17,,3.759,1790362972.586,1790363078.286,5.839,demo_booking,customer_hangup,0.0
1790362725,64,ecbd3dc3-6937-46a3-87a8-c7d6712cf497,5,paired,long,finalizada,,,5.628881887998432,1.3523572984041432,16.898,3.06,1790363060.031,1790363076.929,2.08,2.041,0.039,0.903,2.251,,0.125,7.38,,3.108,1790362972.586,1790363078.286,3.709,demo_booking,customer_hangup,0.0
1790362725,64,86ca5661-17e4-4c99-9958-0e712c38f02e,0,paired,medium,finalizada,,,6.4790508529986255,1.2590518354818756,14.105,2.6,1790362981.973,1790362996.079,1.545,1.497,0.048,0.651,3.102,,0.292,3.77,,2.488,1790362972.835,1790363079.199,4.93,demo_booking,customer_hangup,0.0
1790362725,64,86ca5661-17e4-4c99-9958-0e712c38f02e,1,paired,long,finalizada,,,7.518577140988782,3.812642748050849,14.538,3.06,1790362997.339,1790363011.877,1.545,1.404,0.141,0.884,3.789,,0.252,2.81,,2.681,1790362972.835,1790363079.199,5.538,demo_booking,customer_hangup,0.0
1790362725,64,86ca5661-17e4-4c99-9958-0e712c38f02e,2,paired,short,finalizada,,,7.898901822976768,1.6980061408315354,13.105,0.38,1790363015.691,1790363028.795,1.001,0.773,0.228,1.524,5.235,,0.301,4.17,,2.827,1790362972.835,1790363079.199,6.407,demo_booking,customer_hangup,0.0
1790362725,64,86ca5661-17e4-4c99-9958-0e712c38f02e,3,paired,short,finalizada,,,9.718837477004854,2.4007609597359316,14.639,1.0,1790363030.494,1790363045.133,1.846,1.804,0.043,0.991,6.007,,0.219,2.73,,3.057,1790362972.835,1790363079.199,8.116,demo_booking,customer_hangup,0.0
1790362725,64,86ca5661-17e4-4c99-9958-0e712c38f02e,4,paired,medium,finalizada,,,4.478962904016953,4.451527963724627,13.153,2.12,1790363047.534,1790363060.687,1.255,1.182,0.073,0.933,2.805,,0.361,5.14,,2.549,1790362972.835,1790363079.199,2.774,demo_booking,customer_hangup,0.0
1790362725,64,86ca5661-17e4-4c99-9958-0e712c38f02e,5,paired,long,finalizada,,,3.99872743699234,2.7604382004535255,11.295,3.06,1790363065.139,1790363076.434,0.725,0.703,0.023,0.358,1.583,,0.162,3.05,,1.245,1790362972.835,1790363079.199,2.453,demo_booking,customer_hangup,0.0
1790362725,64,858b0609-c4b1-42a2-bc49-95d13ea6b572,0,paired,short,finalizada,,,3.456845707987668,2.037512320010987,10.191,0.38,1790362982.116,1790362992.306,1.173,1.113,0.06,0.441,1.364,,0.433,5.14,,2.047,1790362973.085,1790363084.868,2.116,demo_booking,customer_hangup,0.0
1790362725,64,858b0609-c4b1-42a2-bc49-95d13ea6b572,1,paired,short,finalizada,,,7.9559956320154015,2.040903596252202,15.23,0.48,1790362994.344,1790363009.574,1.339,1.305,0.034,0.486,4.241,,0.408,6.41,,2.234,1790362973.085,1790363084.868,5.969,demo_booking,customer_hangup,0.0
1790362725,64,858b0609-c4b1-42a2-bc49-95d13ea6b572,2,paired,short,finalizada,,,5.496717500005616,4.923037717022864,11.438,0.32,1790363011.616,1790363023.054,1.007,0.779,0.228,1.278,5.495,,0.281,4.58,,2.566,1790362973.085,1790363084.868,3.866,demo_booking,customer_hangup,0.0
1790362725,64,858b0609-c4b1-42a2-bc49-95d13ea6b572,3,paired,medium,finalizada,,,5.676255242986372,6.551130999445022,15.331,2.24,1790363027.978,1790363043.308,0.581,0.564,0.017,0.905,7.819,,0.305,6.66,,1.791,1790362973.085,1790363084.868,4.118,demo_booking,customer_hangup,0.0
1790362725,64,858b0609-c4b1-42a2-bc49-95d13ea6b572,4,paired,long,finalizada,,,5.196427924995078,4.902816655959567,14.481,3.52,1790363049.86,1790363064.341,1.466,1.355,0.111,0.757,2.109,,0.17,4.57,,2.393,1790362973.085,1790363084.868,3.666,demo_booking,customer_hangup,0.0
1790362725,64,858b0609-c4b1-42a2-bc49-95d13ea6b572,5,paired,short,finalizada,,,4.336057187989354,4.0814913941363,11.537,1.0,1790363069.245,1790363080.782,0.52,0.504,0.016,0.295,2.021,,0.216,5.05,,1.031,1790362973.085,1790363084.868,2.747,demo_booking,customer_hangup,0.0
1790362725,64,c6b30084-567e-4bcb-a048-a6ba200c4aac,0,paired,medium,finalizada,,,7.354412291024346,1.107379930243436,16.585,2.12,1790362981.849,1790362998.434,1.62,1.555,0.065,1.051,3.94,,0.21,5.45,,2.881,1790362972.532,1790363089.584,5.727,demo_booking,customer_hangup,0.0
1790362725,64,c6b30084-567e-4bcb-a048-a6ba200c4aac,1,paired,medium,finalizada,,,8.294920576998265,2.033944729731107,17.575,2.24,1790362999.542,1790363017.117,1.206,1.112,0.094,1.093,5.605,,0.144,6.01,,2.443,1790362972.532,1790363089.584,6.887,demo_booking,customer_hangup,0.0
1790362725,64,c6b30084-567e-4bcb-a048-a6ba200c4aac,2,paired,medium,finalizada,,,8.634421568975085,5.067033092505916,15.202,2.24,1790363019.151,1790363034.353,1.621,1.573,0.047,1.055,5.44,,0.231,3.13,,2.907,1790362972.532,1790363089.584,7.256,demo_booking,customer_hangup,0.0
1790362725,64,c6b30084-567e-4bcb-a048-a6ba200c4aac,3,paired,short,finalizada,,,5.493923889007419,5.752427130106591,13.17,0.32,1790363039.421,1790363052.592,1.022,0.99,0.032,1.163,6.079,,0.358,5.7,,2.543,1790362972.532,1790363089.584,3.976,demo_booking,customer_hangup,0.0
1790362725,64,c6b30084-567e-4bcb-a048-a6ba200c4aac,4,paired,long,finalizada,,,4.394795927015366,4.9816092282376925,13.931,3.06,1790363058.345,1790363072.276,1.312,1.288,0.024,0.874,2.528,,0.173,5.3,,2.359,1790362972.532,1790363089.584,2.786,demo_booking,customer_hangup,0.0
1790362725,64,c6b30084-567e-4bcb-a048-a6ba200c4aac,5,paired,medium,finalizada,,,2.293156772997463,1.6606886889850674,10.659,2.6,1790363077.259,1790363087.918,0.402,0.389,0.013,0.299,0.957,,0.047,4.73,,0.748,1790362972.532,1790363089.584,1.396,demo_booking,customer_hangup,0.0
1790362725,64,c55ad3ef-0e28-4787-aa71-219de09b6a1b,0,paired,medium,finalizada,,,4.896429585991427,4.156551569633748,24.773,2.6,1790362981.577,1790363006.351,1.592,1.344,0.248,1.021,6.671,,0.217,16.43,,2.831,1790362972.772,1790363099.387,2.821,demo_booking,customer_hangup,0.0
1790362725,64,c55ad3ef-0e28-4787-aa71-219de09b6a1b,1,paired,short,finalizada,,,8.51602011101204,2.7982543105681366,15.403,0.48,1790363010.507,1790363025.911,0.53,0.499,0.031,1.101,6.338,,0.316,5.21,,1.947,1790362972.772,1790363099.387,7.332,demo_booking,customer_hangup,0.0
1790362725,64,c55ad3ef-0e28-4787-aa71-219de09b6a1b,2,paired,long,finalizada,,,11.195319567981642,1.5651543615855332,20.154,3.52,1790363028.71,1790363048.864,2.313,2.211,0.102,1.569,7.181,,0.295,4.17,,4.178,1790362972.772,1790363099.387,9.73,demo_booking,customer_hangup,0.0
1790362725,64,c55ad3ef-0e28-4787-aa71-219de09b6a1b,3,paired,short,finalizada,,,5.115276580996579,3.6598782081529513,11.151,0.48,1790363050.429,1790363061.58,1.103,1.054,0.049,0.674,2.047,,0.381,4.57,,2.159,1790362972.772,1790363099.387,3.513,demo_booking,customer_hangup,0.0
1790362725,64,c55ad3ef-0e28-4787-aa71-219de09b6a1b,4,paired,long,finalizada,,,3.435145157010993,3.630543267498037,14.514,3.06,1790363065.241,1790363079.754,0.989,0.963,0.026,0.459,2.136,,0.137,6.98,,1.586,1790362972.772,1790363099.387,1.922,demo_booking,customer_hangup,0.0
1790362725,64,c55ad3ef-0e28-4787-aa71-219de09b6a1b,5,paired,long,finalizada,,,1.855652716010809,3.3160574013316153,12.679,3.06,1790363083.385,1790363096.065,0.529,0.514,0.015,0.266,1.2,,0.077,6.66,,0.872,1790362972.772,1790363099.387,1.059,demo_booking,customer_hangup,0.0
1790362725,64,b8b6a567-4818-4df2-8516-5704edc3ca8d,0,paired,medium,finalizada,,,5.2749815179849975,3.137336813994852,12.187,2.24,1790362982.238,1790362994.424,1.048,1.009,0.039,1.032,2.59,,0.16,2.97,,2.241,1790362973.022,1790363079.575,3.774,demo_booking,customer_hangup,0.0
1790362725,64,b8b6a567-4818-4df2-8516-5704edc3ca8d,1,paired,short,finalizada,,,8.935132129001431,4.942635537303751,17.353,0.48,1790362997.563,1790363014.915,1.819,1.701,0.118,0.684,5.018,,0.404,7.05,,2.906,1790362973.022,1790363079.575,7.245,demo_booking,customer_hangup,0.0
1790362725,64,b8b6a567-4818-4df2-8516-5704edc3ca8d,2,paired,long,finalizada,,,9.835557849990437,2.225405799816874,17.296,3.52,1790363019.859,1790363037.155,1.884,1.525,0.36,1.745,6.321,,0.196,2.81,,3.825,1790362973.022,1790363079.575,8.053,demo_booking,customer_hangup,0.0
1790362725,64,b8b6a567-4818-4df2-8516-5704edc3ca8d,3,paired,long,finalizada,,,8.095699250989128,1.3563888128412238,15.964,3.06,1790363039.381,1790363055.345,1.926,1.827,0.099,1.064,4.011,,0.326,3.45,,3.315,1790362973.022,1790363079.575,6.194,demo_booking,customer_hangup,0.0
1790362725,64,b8b6a567-4818-4df2-8516-5704edc3ca8d,4,paired,short,finalizada,,,4.355220421013655,2.6271996219399925,8.798,0.32,1790363056.702,1790363065.5,1.005,0.444,0.562,0.693,1.946,,0.26,2.89,,1.958,1790362973.022,1790363079.575,2.654,demo_booking,customer_hangup,0.0
1790362725,64,b8b6a567-4818-4df2-8516-5704edc3ca8d,5,paired,medium,finalizada,,,3.895530351001071,1.6614556732503247,9.781,2.6,1790363068.129,1790363077.909,0.989,0.959,0.03,0.725,2.44,,0.22,8.82,,1.933,1790362973.022,1790363079.575,2.285,demo_booking,customer_hangup,0.0
1790362725,64,ba970b6d-f979-46cf-96c9-638d5f1a95a1,0,paired,short,finalizada,,,5.934083736996399,2.675660500783322,11.077,0.48,1790362983.0,1790362994.077,1.462,1.368,0.094,0.631,2.752,,0.274,3.45,,2.366,1790362973.272,1790363093.298,4.462,demo_booking,customer_hangup,0.0
1790362725,64,ba970b6d-f979-46cf-96c9-638d5f1a95a1,1,paired,long,finalizada,,,8.913226417003898,3.7509018886909447,19.809,3.06,1790362996.753,1790363016.562,1.542,1.495,0.047,1.317,5.611,,0.203,6.65,,3.063,1790362973.272,1790363093.298,7.336,demo_booking,customer_hangup,0.0
1790362725,64,ba970b6d-f979-46cf-96c9-638d5f1a95a1,2,paired,short,finalizada,,,10.013289676018758,1.13075752048235,15.889,0.32,1790363020.314,1790363036.203,1.363,1.178,0.185,2.196,7.307,,0.205,4.49,,3.764,1790362973.272,1790363093.298,8.748,demo_booking,customer_hangup,0.0
1790362725,64,ba970b6d-f979-46cf-96c9-638d5f1a95a1,3,paired,medium,finalizada,,,8.55396606400609,3.8391262086831457,16.469,2.12,1790363037.334,1790363053.803,1.117,1.033,0.084,1.138,5.608,,0.228,4.41,,2.483,1790362973.272,1790363093.298,6.884,demo_booking,customer_hangup,0.0
1790362725,64,ba970b6d-f979-46cf-96c9-638d5f1a95a1,4,paired,long,finalizada,,,5.333577607001644,6.906002249690578,16.032,3.06,1790363057.643,1790363073.675,0.963,0.874,0.089,0.489,2.676,,0.209,6.49,,1.661,1790362973.272,1790363093.298,3.795,demo_booking,customer_hangup,0.0
1790362725,64,ba970b6d-f979-46cf-96c9-638d5f1a95a1,5,paired,short,finalizada,,,2.3734179729945026,2.055629413144922,10.653,0.32,1790363080.582,1790363091.235,1.001,0.407,0.594,0.28,1.099,,0.079,7.05,,1.36,1790362973.272,1790363093.298,1.589,demo_booking,customer_hangup,0.0
1790362725,64,0577d55a-d270-4212-a4e4-5e985f41b29f,0,paired,medium,finalizada,,,7.792987416993128,2.144911653858227,16.634,2.24,1790362983.285,1790362999.919,1.354,1.248,0.105,0.478,4.355,,0.399,5.21,,2.23,1790362973.756,1790363069.244,6.014,demo_booking,customer_hangup,0.0
1790362725,64,0577d55a-d270-4212-a4e4-5e985f41b29f,1,paired,long,finalizada,,,5.7539417119987775,1.0,11.728,3.06,1790363002.065,1790363013.793,1.98,1.811,0.169,1.495,6.373,,0.189,4.98,,3.664,1790362973.756,1790363069.244,4.45,demo_booking,customer_hangup,0.0
1790362725,64,0577d55a-d270-4212-a4e4-5e985f41b29f,2,paired,medium,finalizada,,,-1.926014810014749,4.701104930978894,2.868,2.24,1790363014.794,1790363017.661,1.186,1.183,0.003,2.807,7.222,,-1.0,0.0,,2.993,1790362973.756,1790363069.244,,demo_booking,customer_hangup,0.0
1790362725,64,0577d55a-d270-4212-a4e4-5e985f41b29f,3,paired,medium,finalizada,,,8.713131149997935,3.326060721623386,15.26,2.12,1790363022.363,1790363037.623,0.932,0.925,0.007,1.645,5.606,,0.205,3.21,,2.782,1790362973.756,1790363069.244,6.787,demo_booking,customer_hangup,0.0
1790362725,64,0577d55a-d270-4212-a4e4-5e985f41b29f,4,paired,short,finalizada,,,7.853294797998387,5.794771140138637,11.329,0.38,1790363040.95,1790363052.279,1.91,1.827,0.083,1.663,4.096,,0.557,1.77,,4.13,1790362973.756,1790363069.244,6.584,demo_booking,customer_hangup,0.0
1790362725,64,0577d55a-d270-4212-a4e4-5e985f41b29f,5,paired,short,finalizada,,,4.133511552005075,3.324779273329785,7.838,0.38,1790363058.074,1790363065.912,1.002,0.503,0.499,0.483,1.701,,0.297,2.09,,1.782,1790362973.756,1790363069.244,2.519,demo_booking,customer_hangup,0.0
1790362725,64,acdee566-1170-4f14-8631-d8558420474d,0,paired,short,finalizada,,,4.556523893988924,1.265882670233345,10.437,0.32,1790362983.552,1790362993.989,1.781,1.535,0.246,1.121,2.991,,0.29,4.18,,3.192,1790362973.997,1790363080.104,3.134,demo_booking,customer_hangup,0.0
1790362725,64,acdee566-1170-4f14-8631-d8558420474d,1,paired,short,finalizada,,,5.916521741979523,4.525680962211508,16.92,0.48,1790362995.255,1790363012.175,1.908,1.878,0.029,1.098,5.309,,0.308,8.42,,3.313,1790362973.997,1790363080.104,4.073,demo_booking,customer_hangup,0.0
1790362725,64,acdee566-1170-4f14-8631-d8558420474d,2,paired,medium,finalizada,,,11.116854244988644,3.204341604504792,23.846,2.12,1790363016.702,1790363040.548,1.242,1.114,0.128,1.573,8.268,,0.354,9.93,,3.17,1790362973.997,1790363080.104,9.745,demo_booking,customer_hangup,0.0
1790362725,64,acdee566-1170-4f14-8631-d8558420474d,3,paired,medium,finalizada,,,7.016497952979989,3.10319120832442,12.912,2.12,1790363043.753,1790363056.665,1.975,1.591,0.384,1.918,3.114,,0.508,2.41,,4.402,1790362973.997,1790363080.104,5.226,demo_booking,customer_hangup,0.0
1790362725,64,acdee566-1170-4f14-8631-d8558420474d,4,paired,short,finalizada,,,4.5568257690174505,2.190671768781217,8.727,0.38,1790363059.768,1790363068.495,1.0,0.758,0.243,0.75,1.693,,0.144,2.97,,1.895,1790362973.997,1790363080.104,2.619,demo_booking,customer_hangup,0.0
1790362725,64,acdee566-1170-4f14-8631-d8558420474d,5,paired,short,finalizada,,,4.076665944012348,1.049925132858324,8.364,0.38,1790363070.687,1790363079.05,1.001,0.92,0.08,0.52,1.48,,0.174,2.73,,1.695,1790362973.997,1790363080.104,2.579,demo_booking,customer_hangup,0.0
1790362725,64,4d0403aa-9f02-4649-b756-00e12a962384,0,paired,short,finalizada,,,6.405587813991588,1.8087205692294304,11.344,0.38,1790362983.913,1790362995.257,1.692,1.621,0.071,0.672,2.705,,0.308,3.29,,2.672,1790362974.246,1790363084.396,4.686,demo_booking,customer_hangup,0.0
1790362725,64,4d0403aa-9f02-4649-b756-00e12a962384,1,paired,short,finalizada,,,4.2256698080163915,2.261211647762331,7.503,0.32,1790362997.066,1790363004.569,1.029,0.946,0.083,0.828,5.109,,0.302,7.7,,2.16,1790362974.246,1790363084.396,2.642,demo_booking,customer_hangup,0.0
1790362725,64,4d0403aa-9f02-4649-b756-00e12a962384,2,paired,long,finalizada,,,4.365357048984151,2.14951860728472,16.788,3.06,1790363006.832,1790363023.619,0.702,0.7,0.002,0.871,6.739,,0.155,8.51,,1.728,1790362974.246,1790363084.396,2.681,demo_booking,customer_hangup,0.0
1790362725,64,4d0403aa-9f02-4649-b756-00e12a962384,3,paired,short,finalizada,,,9.785261595010525,5.759239678755785,15.004,0.38,1790363025.769,1790363040.774,1.948,1.695,0.253,1.712,5.973,,0.347,3.61,,4.007,1790362974.246,1790363084.396,8.107,demo_booking,customer_hangup,0.0
1790362725,64,4d0403aa-9f02-4649-b756-00e12a962384,4,paired,short,finalizada,,,5.044798257004004,1.1640095945874644,15.271,0.32,1790363046.533,1790363061.804,1.459,1.406,0.053,1.186,3.942,,0.246,8.58,,2.891,1790362974.246,1790363084.396,3.181,demo_booking,customer_hangup,0.0
1790362725,64,4d0403aa-9f02-4649-b756-00e12a962384,5,paired,medium,finalizada,,,3.20577620799304,8.225406240403233,13.196,2.6,1790363062.969,1790363076.165,0.676,0.657,0.019,0.408,1.879,,0.233,6.18,,1.316,1790362974.246,1790363084.396,1.682,demo_booking,customer_hangup,0.0
1790362725,64,f143d47f-a42e-4dc2-99e8-fd086a90df58,0,paired,short,finalizada,,,9.055164780991618,4.408506333845732,34.133,1.0,1790362984.823,1790363018.956,1.648,1.542,0.106,0.758,9.079,,0.48,22.03,,2.886,1790362974.495,1790363099.201,7.118,demo_booking,customer_hangup,0.0
1790362725,64,f143d47f-a42e-4dc2-99e8-fd086a90df58,1,paired,long,finalizada,,,6.9554830019769724,3.375333284688324,13.867,3.06,1790363023.365,1790363037.233,1.702,1.503,0.199,1.071,7.825,,0.173,5.86,,2.945,1790362974.495,1790363099.201,4.36,demo_booking,customer_hangup,0.0
1790362725,64,f143d47f-a42e-4dc2-99e8-fd086a90df58,2,paired,medium,finalizada,,,5.8150585330149624,2.0002251049151862,16.451,2.6,1790363040.609,1790363057.06,1.873,1.609,0.264,1.187,4.963,,0.224,6.42,,3.284,1790362974.495,1790363099.201,4.043,demo_booking,customer_hangup,0.0
1790362725,64,f143d47f-a42e-4dc2-99e8-fd086a90df58,3,paired,medium,finalizada,,,5.695735507004429,1.0,13.244,2.24,1790363059.062,1790363072.306,1.74,1.723,0.017,0.527,2.028,,0.283,4.17,,2.55,1790362974.495,1790363099.201,4.039,demo_booking,customer_hangup,0.0
1790362725,64,f143d47f-a42e-4dc2-99e8-fd086a90df58,4,paired,short,finalizada,,,3.614692354982253,4.201987698670052,9.034,0.38,1790363073.307,1790363082.341,1.0,0.791,0.21,0.328,1.26,,0.134,3.85,,1.462,1790362974.495,1790363099.201,2.189,demo_booking,customer_hangup,0.0
1790362725,64,f143d47f-a42e-4dc2-99e8-fd086a90df58,5,paired,short,finalizada,,,1.9746489349927288,2.566454772025729,10.086,0.48,1790363086.543,1790363096.629,0.442,0.429,0.013,0.253,1.051,,0.112,6.5,,0.807,1790362974.495,1790363099.201,1.102,demo_booking,customer_hangup,0.0
1790362725,64,8571687a-fc6e-4e84-8733-df8a552c961d,0,paired,short,finalizada,,,8.489653616008582,1.0092547904768994,15.996,1.0,1790362984.873,1790363000.869,1.589,1.499,0.09,0.733,4.816,,0.296,5.85,,2.619,1790362974.676,1790363075.3,6.659,demo_booking,customer_hangup,0.0
1790362725,64,8571687a-fc6e-4e84-8733-df8a552c961d,1,paired,long,finalizada,,,8.029627773998072,1.3679504971969652,15.914,3.52,1790363001.879,1790363017.794,1.56,1.495,0.065,1.404,4.88,,0.13,3.13,,3.093,1790362974.676,1790363075.3,6.526,demo_booking,customer_hangup,0.0
1790362725,64,8571687a-fc6e-4e84-8733-df8a552c961d,2,paired,short,finalizada,,,3.949362587009091,1.0,6.824,0.32,1790363019.162,1790363025.986,1.025,0.903,0.121,1.27,7.997,,0.291,5.26,,2.585,1790362974.676,1790363075.3,2.874,demo_booking,customer_hangup,0.0
1790362725,64,8571687a-fc6e-4e84-8733-df8a552c961d,3,paired,medium,finalizada,,,11.729510828998173,2.3540838203392305,19.884,2.12,1790363026.987,1790363046.871,1.237,1.233,0.004,3.114,8.66,,0.258,4.65,,4.608,1790362974.676,1790363075.3,10.272,demo_booking,customer_hangup,0.0
1790362725,64,8571687a-fc6e-4e84-8733-df8a552c961d,4,paired,medium,finalizada,,,5.369757990993094,2.2996984042123594,14.084,2.6,1790363049.226,1790363063.31,2.516,2.307,0.209,0.807,2.458,,0.156,4.98,,3.48,1790362974.676,1790363075.3,3.953,demo_booking,customer_hangup,0.0
1790362725,64,8571687a-fc6e-4e84-8733-df8a552c961d,5,paired,short,finalizada,,,3.5298114299948793,1.3847339727546837,8.299,0.38,1790363065.611,1790363073.91,1.001,0.453,0.547,0.318,1.344,,0.193,3.21,,1.512,1790362974.676,1790363075.3,1.995,demo_booking,customer_hangup,0.0
1790362725,64,db8e46c4-14fa-42bd-8ea2-e46fd0d78ebd,0,paired,short,finalizada,,,8.39654971298296,3.586251254573527,15.664,1.0,1790362985.246,1790363000.91,1.241,1.159,0.081,0.741,4.832,,0.383,5.21,,2.364,1790362974.916,1790363093.594,6.387,demo_booking,customer_hangup,0.0
1790362725,64,db8e46c4-14fa-42bd-8ea2-e46fd0d78ebd,1,paired,short,finalizada,,,9.456815955985803,4.390173266524361,16.688,0.48,1790363004.498,1790363021.186,1.372,1.301,0.071,1.698,6.29,,0.21,5.45,,3.28,1790362974.916,1790363093.594,7.822,demo_booking,customer_hangup,0.0
1790362725,64,db8e46c4-14fa-42bd-8ea2-e46fd0d78ebd,2,paired,short,finalizada,,,11.456889774999581,4.429512346079374,19.587,0.32,1790363025.577,1790363045.164,1.992,1.823,0.169,1.773,7.633,,0.255,6.49,,4.021,1790362974.916,1790363093.594,9.746,demo_booking,customer_hangup,0.0
1790362725,64,db8e46c4-14fa-42bd-8ea2-e46fd0d78ebd,3,paired,long,finalizada,,,6.456074107001768,3.1552353845747567,16.602,3.06,1790363049.594,1790363066.196,2.267,2.149,0.118,0.715,2.502,,0.151,5.93,,3.133,1790362974.916,1790363093.594,4.883,demo_booking,customer_hangup,0.0
1790362725,64,db8e46c4-14fa-42bd-8ea2-e46fd0d78ebd,4,paired,short,finalizada,,,4.356578064995119,4.550603375650166,10.401,0.48,1790363069.352,1790363079.754,0.716,0.7,0.016,0.41,1.918,,0.132,4.49,,1.259,1790362974.916,1790363093.594,2.754,demo_booking,customer_hangup,0.0
1790362725,64,db8e46c4-14fa-42bd-8ea2-e46fd0d78ebd,5,paired,short,finalizada,,,2.0368281910195947,1.0,8.284,0.38,1790363084.305,1790363092.589,1.0,0.365,0.636,0.203,0.797,,0.052,4.73,,1.255,1790362974.916,1790363093.594,1.216,demo_booking,customer_hangup,0.0
1790362725,64,e5fc1308-9163-413a-8890-5c56c469a530,0,paired,long,finalizada,,,8.178782812989084,1.0,17.434,3.06,1790362985.475,1790363002.909,1.71,1.594,0.116,0.992,4.272,,0.376,4.49,,3.078,1790362975.165,1790363097.862,6.314,demo_booking,customer_hangup,0.0
1790362725,64,e5fc1308-9163-413a-8890-5c56c469a530,1,paired,medium,finalizada,,,9.238516679994063,1.2212554057944096,17.235,2.6,1790363003.91,1790363021.145,1.582,1.553,0.028,0.956,5.802,,0.377,4.25,,2.914,1790362975.165,1790363097.862,7.804,demo_booking,customer_hangup,0.0
1790362725,64,e5fc1308-9163-413a-8890-5c56c469a530,2,paired,long,finalizada,,,10.63769409499946,2.2056516638400963,20.227,3.06,1790363022.367,1790363042.594,1.844,1.513,0.331,1.201,7.223,,0.348,5.37,,3.393,1790362975.165,1790363097.862,9.105,demo_booking,customer_hangup,0.0
1790362725,64,e5fc1308-9163-413a-8890-5c56c469a530,3,paired,short,finalizada,,,4.257791347015882,7.441122236766536,14.777,0.32,1790363044.801,1790363059.577,1.058,0.813,0.245,0.839,4.369,,0.232,8.34,,2.13,1790362975.165,1790363097.862,2.421,demo_booking,customer_hangup,0.0
1790362725,64,e5fc1308-9163-413a-8890-5c56c469a530,4,paired,short,finalizada,,,3.1178278049919754,3.318689567442514,12.836,0.32,1790363067.02,1790363079.856,1.001,0.95,0.051,0.504,2.026,,0.251,8.26,,1.756,1790362975.165,1790363097.862,1.819,demo_booking,customer_hangup,0.0
1790362725,64,e5fc1308-9163-413a-8890-5c56c469a530,5,paired,medium,finalizada,,,1.4977693149994593,2.104377018616656,12.577,2.24,1790363083.175,1790363095.752,0.401,0.388,0.013,0.267,1.022,,0.076,7.7,,0.744,1790362975.165,1790363097.862,0.82,demo_booking,customer_hangup,0.0
1790362725,64,2cdf9bd1-a1b2-40c1-836e-e92362343fcc,0,paired,medium,finalizada,,,5.919784522004193,3.9012910578151985,15.354,2.6,1790362986.133,1790363001.488,1.88,1.791,0.089,1.372,4.091,,0.654,5.3,,3.905,1790362975.415,1790363087.169,4.187,demo_booking,customer_hangup,0.0
1790362725,64,2cdf9bd1-a1b2-40c1-836e-e92362343fcc,1,paired,long,finalizada,,,8.859801598009653,2.715006449658133,18.345,3.52,1790363005.39,1790363023.735,0.955,0.925,0.031,1.065,6.128,,0.241,4.73,,2.262,1790362975.415,1790363087.169,7.396,demo_booking,customer_hangup,0.0
1790362725,64,2cdf9bd1-a1b2-40c1-836e-e92362343fcc,2,paired,medium,finalizada,,,9.159957080002641,9.156689698745925,14.867,2.24,1790363026.451,1790363041.318,1.575,1.533,0.042,1.123,5.83,,0.222,2.25,,2.92,1790362975.415,1790363087.169,7.6,demo_booking,customer_hangup,0.0
1790362725,64,2cdf9bd1-a1b2-40c1-836e-e92362343fcc,3,paired,short,finalizada,,,4.879936740995618,2.7215178821713524,8.481,0.32,1790363050.475,1790363058.956,1.293,1.117,0.176,0.719,1.829,,0.312,2.09,,2.324,1790362975.415,1790363087.169,3.285,demo_booking,customer_hangup,0.0
1790362725,64,2cdf9bd1-a1b2-40c1-836e-e92362343fcc,4,paired,short,finalizada,,,4.6399275840085465,2.355298905586495,8.438,0.32,1790363061.679,1790363070.116,1.064,1.047,0.017,0.662,1.753,,0.249,2.33,,1.974,1790362975.415,1790363087.169,3.06,demo_booking,customer_hangup,0.0
1790362725,64,2cdf9bd1-a1b2-40c1-836e-e92362343fcc,5,paired,long,finalizada,,,2.719964218005771,2.2885479195204685,12.403,3.06,1790363072.473,1790363084.875,1.0,0.632,0.368,0.232,0.938,,0.164,5.45,,1.396,1790362975.415,1790363087.169,1.739,demo_booking,customer_hangup,0.0
1790362725,64,58e181e8-ff38-4f15-84e1-a9e8aa3595a5,0,paired,short,finalizada,,,6.990173966012662,1.5702061134155656,11.117,0.38,1790362986.391,1790362997.507,1.019,0.871,0.149,0.851,3.785,,0.337,2.57,,2.208,1790362975.242,1790363078.745,5.176,demo_booking,customer_hangup,0.0
1790362725,64,58e181e8-ff38-4f15-84e1-a9e8aa3595a5,1,paired,short,finalizada,,,7.0898863280017395,3.3742716003880084,12.114,0.38,1790362999.078,1790363011.193,1.001,0.948,0.053,1.011,4.218,,0.267,3.77,,2.278,1790362975.242,1790363078.745,5.443,demo_booking,customer_hangup,0.0
1790362725,64,58e181e8-ff38-4f15-84e1-a9e8aa3595a5,2,paired,short,finalizada,,,5.989748612977564,1.9391105224388494,13.063,0.32,1790363014.568,1790363027.631,1.492,1.172,0.321,1.086,5.986,,0.155,5.54,,2.733,1790362975.242,1790363078.745,4.642,demo_booking,customer_hangup,0.0
1790362725,64,58e181e8-ff38-4f15-84e1-a9e8aa3595a5,3,paired,medium,finalizada,,,5.910019080009079,2.917295973018561,11.225,2.24,1790363029.571,1790363040.797,1.766,1.577,0.188,1.319,8.514,,0.214,8.1,,3.298,1790362975.242,1790363078.745,4.453,demo_booking,customer_hangup,0.0
1790362725,64,58e181e8-ff38-4f15-84e1-a9e8aa3595a5,4,paired,medium,finalizada,,,4.990137093001977,3.8571496969165375,15.836,2.6,1790363043.715,1790363059.551,1.412,1.4,0.012,1.181,3.944,,0.297,6.83,,2.89,1790362975.242,1790363078.745,3.163,demo_booking,customer_hangup,0.0
1790362725,64,58e181e8-ff38-4f15-84e1-a9e8aa3595a5,5,paired,short,finalizada,,,4.169989104993874,2.4712357940075345,12.86,0.38,1790363063.409,1790363076.269,1.5,1.354,0.146,0.931,2.354,,0.277,7.15,,2.707,1790362975.242,1790363078.745,2.705,demo_booking,customer_hangup,0.0
1790362725,64,f0db1ba8-8e8c-4b02-9463-c2e1c8c59a8a,0,paired,medium,finalizada,,,4.4818130240018945,1.0,9.864,2.6,1790362985.689,1790362995.553,1.349,1.224,0.125,0.691,7.981,,0.418,10.14,,2.458,1790362975.48,1790363090.941,2.778,demo_booking,customer_hangup,0.0
1790362725,64,f0db1ba8-8e8c-4b02-9463-c2e1c8c59a8a,1,paired,short,finalizada,,,-0.45822332199895754,3.40505408980012,3.401,0.38,1790362996.554,1790362999.955,1.948,1.929,0.019,2.633,6.964,,0.205,0.05,,4.786,1790362975.48,1790363090.941,,demo_booking,customer_hangup,0.0
1790362725,64,f0db1ba8-8e8c-4b02-9463-c2e1c8c59a8a,2,paired,long,finalizada,,,7.741281698981766,3.2202778930489218,14.809,3.06,1790363003.361,1790363018.17,1.307,1.298,0.009,0.985,4.632,,0.169,2.81,,2.462,1790362975.48,1790363090.941,6.137,demo_booking,customer_hangup,0.0
1790362725,64,f0db1ba8-8e8c-4b02-9463-c2e1c8c59a8a,3,paired,medium,finalizada,,,11.041386794007849,2.3121617616946075,19.861,2.12,1790363021.391,1790363041.252,1.512,1.446,0.066,1.526,7.629,,0.374,5.45,,3.411,1790362975.48,1790363090.941,9.483,demo_booking,customer_hangup,0.0
1790362725,64,f0db1ba8-8e8c-4b02-9463-c2e1c8c59a8a,4,paired,long,finalizada,,,6.681804574007401,3.485450303059723,13.868,3.52,1790363043.565,1790363057.433,1.824,1.612,0.211,0.774,2.482,,0.528,2.65,,3.126,1790362975.48,1790363090.941,4.633,demo_booking,customer_hangup,0.0
1790362725,64,f0db1ba8-8e8c-4b02-9463-c2e1c8c59a8a,5,paired,medium,finalizada,,,4.241392369993264,2.4195961010399865,27.597,2.6,1790363060.919,1790363088.516,1.865,1.625,0.24,0.93,3.753,,0.177,20.12,,2.972,1790362975.48,1790363090.941,3.028,demo_booking,customer_hangup,0.0
1790362725,64,df6a1ddb-9dc6-4002-b529-83cc27cfa46d,0,paired,short,finalizada,,,4.394547921983758,2.8275506124592624,11.219,0.32,1790362985.876,1790362997.095,1.257,1.193,0.064,0.745,3.822,,0.375,4.26,,2.377,1790362975.73,1790363064.759,3.28,demo_booking,customer_hangup,0.0
1790362725,64,df6a1ddb-9dc6-4002-b529-83cc27cfa46d,1,paired,short,finalizada,,,5.255228834023001,3.93086700459227,11.579,0.32,1790362999.923,1790363011.501,2.043,2.002,0.041,0.643,3.719,,0.305,4.5,,2.991,1790362975.73,1790363064.759,3.893,demo_booking,customer_hangup,0.0
1790362725,64,df6a1ddb-9dc6-4002-b529-83cc27cfa46d,2,paired,long,finalizada,,,9.195259840023937,1.9257383484561308,18.191,3.52,1790363015.433,1790363033.624,1.156,1.105,0.05,1.515,6.235,,0.281,4.49,,2.951,1790362975.73,1790363064.759,7.674,demo_booking,customer_hangup,0.0
1790362725,64,df6a1ddb-9dc6-4002-b529-83cc27cfa46d,3,paired,short,finalizada,,,4.555399056000169,2.6998126636504463,7.322,0.32,1790363035.55,1790363042.872,1.001,0.606,0.396,1.435,5.602,,0.47,4.1,,2.907,1790362975.73,1790363064.759,3.293,demo_booking,customer_hangup,0.0
1790362725,64,df6a1ddb-9dc6-4002-b529-83cc27cfa46d,4,paired,short,finalizada,,,-2.125413967005443,1.9439545603100654,1.929,0.38,1790363045.572,1790363047.5,1.491,1.424,0.067,1.827,3.194,,0.484,0.05,,3.802,1790362975.73,1790363064.759,,demo_booking,customer_hangup,0.0
1790362725,64,df6a1ddb-9dc6-4002-b529-83cc27cfa46d,5,paired,short,finalizada,,,5.334846862999257,2.686230012414508,12.612,0.32,1790363049.445,1790363062.057,1.408,1.373,0.035,1.341,2.651,,0.511,5.78,,3.26,1790362975.73,1790363064.759,3.618,demo_booking,customer_hangup,0.0
1790362725,64,e0f889c4-5913-41dd-b176-951b5384f16d,0,paired,medium,finalizada,,,5.88878515601391,1.749379151439694,15.64,2.6,1790362986.412,1790363002.052,2.095,1.961,0.134,1.162,4.307,,0.357,4.82,,3.614,1790362975.98,1790363082.854,4.403,demo_booking,customer_hangup,0.0
1790362725,64,e0f889c4-5913-41dd-b176-951b5384f16d,1,paired,short,finalizada,,,8.468442123004934,2.2110708590335246,15.177,0.38,1790363003.802,1790363018.979,1.4,1.293,0.107,0.982,5.676,,0.174,5.21,,2.556,1790362975.98,1790363082.854,7.156,demo_booking,customer_hangup,0.0
1790362725,64,e0f889c4-5913-41dd-b176-951b5384f16d,2,paired,short,finalizada,,,9.988745576993097,1.0,15.988,0.48,1790363021.191,1790363037.178,1.36,1.338,0.022,1.072,6.812,,0.154,4.65,,2.585,1790362975.98,1790363082.854,8.321,demo_booking,customer_hangup,0.0
1790362725,64,e0f889c4-5913-41dd-b176-951b5384f16d,3,paired,medium,finalizada,,,5.868476168019697,3.39696688436241,15.281,2.6,1790363038.179,1790363053.46,1.288,1.054,0.234,1.414,5.465,,0.279,4.5,,2.981,1790362975.98,1790363082.854,4.306,demo_booking,customer_hangup,0.0
1790362725,64,e0f889c4-5913-41dd-b176-951b5384f16d,4,paired,short,finalizada,,,5.268552396999439,1.210529413444075,11.795,0.48,1790363056.857,1790363068.652,1.127,1.082,0.045,0.445,2.184,,0.314,4.81,,1.887,1790362975.98,1790363082.854,3.604,demo_booking,customer_hangup,0.0
1790362725,64,e0f889c4-5913-41dd-b176-951b5384f16d,5,paired,medium,finalizada,,,4.107966293988284,1.0,11.985,2.6,1790363069.864,1790363081.849,0.73,0.71,0.02,0.355,1.701,,0.311,4.09,,1.396,1790362975.98,1790363082.854,2.728,demo_booking,customer_hangup,0.0
1790362725,64,a16d3930-ac48-4a47-a5e9-ee7a3a7e055e,0,paired,short,finalizada,,,7.068501703994116,2.418129841798553,13.351,0.38,1790362987.778,1790363001.129,1.01,0.931,0.08,1.165,4.364,,0.248,4.81,,2.424,1790362977.256,1790363080.926,5.551,demo_booking,customer_hangup,0.0
1790362725,64,a16d3930-ac48-4a47-a5e9-ee7a3a7e055e,1,paired,short,finalizada,,,7.128470378986094,2.6941451232891707,10.557,0.38,1790363003.548,1790363014.105,1.042,0.86,0.182,0.745,4.647,,0.2,1.85,,1.988,1790362977.256,1790363080.926,5.781,demo_booking,customer_hangup,0.0
1790362725,64,a16d3930-ac48-4a47-a5e9-ee7a3a7e055e,2,paired,long,finalizada,,,7.928521668014582,2.9372747046768324,16.587,3.52,1790363016.8,1790363033.387,0.994,0.924,0.07,0.74,5.289,,0.334,3.77,,2.068,1790362977.256,1790363080.926,6.583,demo_booking,customer_hangup,0.0
1790362725,64,a16d3930-ac48-4a47-a5e9-ee7a3a7e055e,3,paired,medium,finalizada,,,9.328607006988022,1.7334494777350378,18.133,2.24,1790363036.326,1790363054.458,0.806,0.703,0.103,1.144,6.469,,0.415,4.97,,2.365,1790362977.256,1790363080.926,7.632,demo_booking,customer_hangup,0.0
1790362725,64,a16d3930-ac48-4a47-a5e9-ee7a3a7e055e,4,paired,short,finalizada,,,3.548589368001558,1.3323452605736557,9.738,0.32,1790363056.193,1790363065.931,1.0,0.538,0.462,0.879,2.405,,0.177,4.66,,2.056,1790362977.256,1790363080.926,2.009,demo_booking,customer_hangup,0.0
1790362725,64,a16d3930-ac48-4a47-a5e9-ee7a3a7e055e,5,paired,medium,finalizada,,,4.148844724986702,2.151562578457639,11.505,2.6,1790363067.264,1790363078.769,0.635,0.612,0.023,0.495,1.928,,0.159,3.53,,1.289,1790362977.256,1790363080.926,2.704,demo_booking,customer_hangup,0.0
1790362725,64,204f8121-291e-4f0e-aff4-212daff1a4c6,0,paired,short,finalizada,,,6.981672068999615,1.4192947298909686,12.756,0.38,1790362987.674,1790363000.43,1.032,0.558,0.474,1.244,4.612,,0.234,4.33,,2.51,1790362977.494,1790363093.612,5.412,demo_booking,customer_hangup,0.0
1790362725,64,204f8121-291e-4f0e-aff4-212daff1a4c6,1,paired,medium,finalizada,,,8.502126867999323,6.300805048529776,14.147,2.12,1790363001.85,1790363015.998,1.893,1.638,0.254,1.91,5.276,,0.106,2.33,,3.909,1790362977.494,1790363093.612,7.164,demo_booking,customer_hangup,0.0
1790362725,64,204f8121-291e-4f0e-aff4-212daff1a4c6,2,paired,long,finalizada,,,9.18216694498551,3.962808254107836,16.49,3.06,1790363022.299,1790363038.788,1.792,1.725,0.067,1.021,5.682,,0.243,2.97,,3.056,1790362977.494,1790363093.612,7.667,demo_booking,customer_hangup,0.0
1790362725,64,204f8121-291e-4f0e-aff4-212daff1a4c6,3,paired,short,finalizada,,,7.501965092000319,9.105854717039588,12.508,0.38,1790363042.752,1790363055.26,1.765,1.675,0.09,0.853,3.449,,0.421,3.21,,3.038,1790362977.494,1790363093.612,5.717,demo_booking,customer_hangup,0.0
1790362725,64,204f8121-291e-4f0e-aff4-212daff1a4c6,4,paired,long,finalizada,,,3.321651161008049,1.2798152033650174,11.898,3.06,1790363064.366,1790363076.263,0.93,0.9,0.029,0.519,1.761,,0.221,4.34,,1.67,1790362977.494,1790363093.612,1.897,demo_booking,customer_hangup,0.0
1790362725,64,204f8121-291e-4f0e-aff4-212daff1a4c6,5,paired,long,finalizada,,,1.9616306749812793,3.16951716610199,12.894,3.52,1790363077.544,1790363090.437,0.573,0.56,0.013,0.246,1.025,,0.086,6.18,,0.905,1790362977.494,1790363093.612,1.061,demo_booking,customer_hangup,0.0
1790362725,64,09455282-e491-4f42-8ca0-375f9efbecb6,0,paired,short,finalizada,,,5.115861625003163,2.8392645269125247,11.711,0.32,1790362988.371,1790363000.082,1.777,1.674,0.102,0.695,3.768,,0.367,4.26,,2.839,1790362977.743,1790363084.099,3.899,demo_booking,customer_hangup,0.0
1790362725,64,09455282-e491-4f42-8ca0-375f9efbecb6,1,paired,short,finalizada,,,7.655790491000516,1.99782471711299,11.074,0.38,1790363002.921,1790363013.996,1.79,1.535,0.255,0.837,4.58,,0.212,1.85,,2.839,1790362977.743,1790363084.099,6.365,demo_booking,customer_hangup,0.0
1790362725,64,09455282-e491-4f42-8ca0-375f9efbecb6,2,paired,short,finalizada,,,8.055875883990666,3.7503358367367237,12.478,0.38,1790363015.994,1790363028.472,1.052,0.875,0.176,1.792,5.11,,0.283,3.45,,3.127,1790362977.743,1790363084.099,6.315,demo_booking,customer_hangup,0.0
1790362725,64,09455282-e491-4f42-8ca0-375f9efbecb6,3,paired,short,finalizada,,,10.01560250701732,2.2378535492534675,15.29,1.0,1790363032.223,1790363047.513,2.084,1.971,0.113,2.184,6.278,,0.221,2.73,,4.488,1790362977.743,1790363084.099,8.473,demo_booking,customer_hangup,0.0
1790362725,64,09455282-e491-4f42-8ca0-375f9efbecb6,4,paired,long,finalizada,,,4.995787391002523,1.0,16.361,3.06,1790363049.752,1790363066.113,1.837,1.766,0.072,0.666,2.569,,0.146,7.38,,2.649,1790362977.743,1790363084.099,3.243,demo_booking,customer_hangup,0.0
1790362725,64,09455282-e491-4f42-8ca0-375f9efbecb6,5,paired,long,finalizada,,,4.635650615993654,4.503249541003217,12.478,3.52,1790363067.113,1790363079.591,1.054,1.019,0.034,0.729,1.996,,0.251,3.13,,2.034,1790362977.743,1790363084.099,3.272,demo_booking,customer_hangup,0.0
1790362725,64,768f6ae4-807c-49d7-a17e-12bb7e4dd466,0,paired,short,finalizada,,,8.002445047983201,10.0,15.194,0.48,1790362988.924,1790363004.118,1.354,1.329,0.026,1.169,4.41,,0.393,5.21,,2.917,1790362977.993,1790363062.693,6.163,demo_booking,customer_hangup,0.0
1790362725,64,768f6ae4-807c-49d7-a17e-12bb7e4dd466,1,paired,short,finalizada,,,4.682601348991739,1.9700123084225585,8.031,0.32,1790363014.119,1790363022.149,1.622,1.529,0.093,1.248,6.498,,0.247,9.78,,3.118,1790362977.993,1790363062.693,3.588,demo_booking,customer_hangup,0.0
1790362725,64,768f6ae4-807c-49d7-a17e-12bb7e4dd466,2,paired,medium,finalizada,,,-1.7576082790037617,1.059182821266775,2.431,2.12,1790363024.12,1790363026.552,1.01,0.0,1.01,,,,,0.0,,,1790362977.993,1790363062.693,,demo_booking,customer_hangup,0.0
1790362725,64,768f6ae4-807c-49d7-a17e-12bb7e4dd466,3,paired,short,finalizada,,,5.342155644000741,1.947224800901106,8.986,1.0,1790363027.612,1790363036.598,0.0,0.0,0.0,1.233,7.692,,0.395,5.62,,1.628,1790362977.993,1790363062.693,,demo_booking,customer_hangup,0.0
1790362725,64,768f6ae4-807c-49d7-a17e-12bb7e4dd466,4,paired,medium,finalizada,,,-1.3176424769917503,1.9001598893015499,2.691,2.24,1790363038.546,1790363041.237,1.065,1.064,0.002,,,,,0.0,,,1790362977.993,1790363062.693,,demo_booking,customer_hangup,0.0
1790362725,64,768f6ae4-807c-49d7-a17e-12bb7e4dd466,5,paired,short,finalizada,,,4.822214085987071,2.3351771152719287,17.213,0.48,1790363043.138,1790363060.351,1.21,1.2,0.011,0.865,5.09,,0.376,9.63,,2.451,1790362977.993,1790363062.693,3.299,demo_booking,customer_hangup,0.0
1790362725,64,6ce78e40-973b-42fb-9fa5-7a8286377688,0,paired,medium,finalizada,,,8.571293903980404,1.6871192153464643,18.598,2.6,1790362988.24,1790363006.838,2.099,1.864,0.234,1.309,4.828,,0.239,6.17,,3.647,1790362977.523,1790363082.166,6.94,demo_booking,customer_hangup,0.0
1790362725,64,6ce78e40-973b-42fb-9fa5-7a8286377688,1,paired,short,finalizada,,,5.231074142997386,3.0019055819128413,14.233,0.32,1790363008.525,1790363022.758,1.002,0.954,0.048,0.91,6.488,,0.179,7.78,,2.091,1790362977.523,1790363082.166,3.488,demo_booking,customer_hangup,0.0
1790362725,64,6ce78e40-973b-42fb-9fa5-7a8286377688,2,paired,short,finalizada,,,6.551079060009215,2.3577904703465213,10.438,0.32,1790363025.761,1790363036.199,1.838,1.679,0.159,1.946,9.378,,0.205,8.18,,3.988,1790362977.523,1790363082.166,4.86,demo_booking,customer_hangup,0.0
1790362725,64,6ce78e40-973b-42fb-9fa5-7a8286377688,3,paired,long,finalizada,,,8.451854225015268,2.0849697561666853,18.315,3.52,1790363038.557,1790363056.872,2.207,2.205,0.002,1.054,3.679,,0.26,5.05,,3.52,1790362977.523,1790363082.166,6.273,demo_booking,customer_hangup,0.0
1790362725,64,6ce78e40-973b-42fb-9fa5-7a8286377688,4,paired,short,finalizada,,,4.451516100001754,1.0,11.445,1.0,1790363058.958,1790363070.403,1.001,0.667,0.333,0.509,2.034,,0.182,4.89,,1.691,1790362977.523,1790363082.166,2.899,demo_booking,customer_hangup,0.0
1790362725,64,6ce78e40-973b-42fb-9fa5-7a8286377688,5,paired,medium,finalizada,,,3.671116373006953,1.0,9.759,2.12,1790363071.403,1790363081.163,0.872,0.849,0.023,0.404,1.247,,0.146,2.73,,1.422,1790362977.523,1790363082.166,2.246,demo_booking,customer_hangup,0.0
1790362725,64,9af079fc-02d1-4d82-9468-84e4c4b43b69,0,paired,short,finalizada,,,5.408538381016115,1.7312876585763408,11.921,0.32,1790362988.303,1790363000.223,2.12,2.018,0.102,1.274,3.532,,0.2,4.34,,3.593,1790362977.76,1790363074.996,3.691,demo_booking,customer_hangup,0.0
1790362725,64,9af079fc-02d1-4d82-9468-84e4c4b43b69,1,paired,short,finalizada,,,7.748930955014657,2.4436581609766703,13.217,1.0,1790363001.955,1790363015.172,1.374,1.324,0.05,1.122,4.732,,0.185,3.29,,2.681,1790362977.76,1790363074.996,6.258,demo_booking,customer_hangup,0.0
1790362725,64,9af079fc-02d1-4d82-9468-84e4c4b43b69,2,paired,long,finalizada,,,9.06888051799615,2.086729830122309,17.33,3.06,1790363017.616,1790363034.946,1.299,1.105,0.194,2.127,6.178,,0.347,4.01,,3.773,1790362977.76,1790363074.996,7.66,demo_booking,customer_hangup,0.0
1790362725,64,9af079fc-02d1-4d82-9468-84e4c4b43b69,3,paired,short,finalizada,,,4.408140293002361,1.0136211501833172,9.981,0.38,1790363037.033,1790363047.014,1.002,0.763,0.239,0.943,4.709,,0.133,3.62,,2.078,1790362977.76,1790363074.996,2.866,demo_booking,customer_hangup,0.0
1790362725,64,9af079fc-02d1-4d82-9468-84e4c4b43b69,4,paired,short,finalizada,,,5.368614395003533,1.594811887207724,10.627,0.38,1790363048.028,1790363058.655,1.818,1.698,0.12,0.957,3.071,,0.425,3.54,,3.2,1790362977.76,1790363074.996,3.684,demo_booking,customer_hangup,0.0
1790362725,64,9af079fc-02d1-4d82-9468-84e4c4b43b69,5,paired,long,finalizada,,,5.188551383995218,1.1261323486502643,13.615,3.06,1790363060.25,1790363073.865,1.182,1.024,0.159,0.516,2.423,,0.176,4.25,,1.875,1790362977.76,1790363074.996,3.654,demo_booking,customer_hangup,0.0
1790362725,64,2209f82e-3e4a-49ff-93bc-597be216a402,0,paired,long,finalizada,,,7.383349330018973,6.623781996554475,16.832,3.06,1790362988.157,1790363004.989,1.544,1.514,0.03,0.609,3.822,,0.273,5.29,,2.426,1790362978.01,1790363096.716,5.622,demo_booking,customer_hangup,0.0
1790362725,64,2209f82e-3e4a-49ff-93bc-597be216a402,1,paired,long,finalizada,,,8.783576137997443,2.003876220589393,19.584,3.52,1790363011.614,1790363031.198,1.556,1.462,0.095,0.664,5.417,,0.358,5.53,,2.579,1790362978.01,1790363096.716,7.321,demo_booking,customer_hangup,0.0
1790362725,64,2209f82e-3e4a-49ff-93bc-597be216a402,2,paired,long,finalizada,,,9.383566567004891,1.258111413055234,19.437,3.52,1790363033.202,1790363052.639,1.33,1.227,0.102,1.088,6.302,,0.158,5.29,,2.575,1790362978.01,1790363096.716,7.718,demo_booking,customer_hangup,0.0
1790362725,64,2209f82e-3e4a-49ff-93bc-597be216a402,3,paired,long,finalizada,,,5.023425266001141,1.0,14.86,3.52,1790363053.898,1790363068.758,1.028,0.987,0.041,0.434,1.987,,0.259,5.13,,1.721,1790362978.01,1790363096.716,3.258,demo_booking,customer_hangup,0.0
1790362725,64,2209f82e-3e4a-49ff-93bc-597be216a402,4,paired,short,finalizada,,,4.863282099016942,4.341701487270053,11.839,1.0,1790363069.759,1790363081.598,1.021,0.941,0.08,0.746,2.106,,0.274,4.81,,2.042,1790362978.01,1790363096.716,3.372,demo_booking,customer_hangup,0.0
1790362725,64,2209f82e-3e4a-49ff-93bc-597be216a402,5,paired,medium,finalizada,,,2.24422588001471,1.517153767884976,9.252,2.24,1790363085.941,1790363095.193,0.53,0.517,0.014,0.247,0.871,,0.046,3.53,,0.823,1790362978.01,1790363096.716,1.436,demo_booking,customer_hangup,0.0
1790362725,64,b4b14fb5-30c8-4cff-9045-5e8008bab84a,0,paired,long,finalizada,,,6.630992681981297,2.6579355952487633,17.567,3.06,1790362989.681,1790363007.247,2.347,1.97,0.377,1.662,5.557,,0.222,6.02,,4.231,1790362978.26,1790363090.655,4.761,demo_booking,customer_hangup,0.0
1790362725,64,b4b14fb5-30c8-4cff-9045-5e8008bab84a,1,paired,long,finalizada,,,5.310937435977394,3.7724604535610538,16.225,3.06,1790363009.907,1790363026.131,1.189,1.159,0.03,1.092,5.971,,0.403,5.62,,2.684,1790362978.26,1790363090.655,3.826,demo_booking,customer_hangup,0.0
1790362725,64,b4b14fb5-30c8-4cff-9045-5e8008bab84a,2,paired,long,finalizada,,,9.630217024998274,2.728590862480693,17.027,3.06,1790363029.904,1790363046.932,1.62,1.539,0.081,1.971,6.465,,0.2,2.73,,3.791,1790362978.26,1790363090.655,8.238,demo_booking,customer_hangup,0.0
1790362725,64,b4b14fb5-30c8-4cff-9045-5e8008bab84a,3,paired,medium,finalizada,,,6.23090333599248,2.2959059588257826,14.266,2.12,1790363049.661,1790363063.927,2.538,2.366,0.172,0.709,2.342,,0.176,4.89,,3.423,1790362978.26,1790363090.655,4.923,demo_booking,customer_hangup,0.0
1790362725,64,b4b14fb5-30c8-4cff-9045-5e8008bab84a,4,paired,short,finalizada,,,4.130098024994368,2.263243046688008,11.057,1.0,1790363066.223,1790363077.281,1.001,0.574,0.426,0.454,1.913,,0.246,4.73,,1.702,1790362978.26,1790363090.655,2.74,demo_booking,customer_hangup,0.0
1790362725,64,b4b14fb5-30c8-4cff-9045-5e8008bab84a,5,paired,short,finalizada,,,2.529666657996131,2.614530267949159,8.492,0.48,1790363079.545,1790363088.037,0.401,0.372,0.028,0.237,0.915,,0.08,5.05,,0.717,1790362978.26,1790363090.655,1.37,demo_booking,customer_hangup,0.0
1790362725,96,ee57d27e-55e6-42be-ab2e-4369be6b9832,0,client_only,medium,finalizada,,,3.9166968780045863,2.8260633329233036,12.899,2.24,1790363114.49,1790363127.389,,,,,,,,,,,1790363106.575,1790363207.378,,demo_booking,customer_hangup,0.0
1790362725,96,ee57d27e-55e6-42be-ab2e-4369be6b9832,1,client_only,short,finalizada,,,11.65567711100448,2.5807552699057332,23.419,1.0,1790363130.216,1790363153.636,,,,,,,,,,,1790363106.575,1790363207.378,,demo_booking,customer_hangup,0.0
1790362725,96,ee57d27e-55e6-42be-ab2e-4369be6b9832,2,client_only,short,finalizada,,timeout esperando que el agente empiece a responder,,1.1960879450105062,16.007,1.0,1790363156.218,1790363172.225,,,,,,,,,,,1790363106.575,1790363207.378,,demo_booking,customer_hangup,0.0
1790362725,96,ee57d27e-55e6-42be-ab2e-4369be6b9832,3,client_only,long,finalizada,,,-2.3234623890020885,2.9943586008531993,3.897,3.06,1790363173.421,1790363177.318,,,,,,,,,,,1790363106.575,1790363207.378,,demo_booking,customer_hangup,0.0
1790362725,96,ee57d27e-55e6-42be-ab2e-4369be6b9832,4,client_only,short,finalizada,,,-2.223979367990978,2.5367050881513813,8.199,0.38,1790363180.313,1790363188.512,,,,,,,,,,,1790363106.575,1790363207.378,,demo_booking,customer_hangup,0.0
1790362725,96,ee57d27e-55e6-42be-ab2e-4369be6b9832,5,client_only,short,finalizada,,timeout esperando que el agente empiece a responder,,1.0,15.317,0.32,1790363191.05,1790363206.367,,,,,,,,,,,1790363106.575,1790363207.378,,demo_booking,customer_hangup,0.0
1790362725,96,ee57d27e-55e6-42be-ab2e-4369be6b9832,0,server_only,,finalizada,,,,,,,,,0.638,0.589,0.049,0.257,1.291,,0.172,5.77,,1.066,1790363106.575,1790363207.378,2.068,demo_booking,customer_hangup,0.0
1790362725,96,ee57d27e-55e6-42be-ab2e-4369be6b9832,1,server_only,,finalizada,,,,,,,,,3.909,3.569,0.34,1.76,3.575,,0.47,5.29,,6.139,1790363106.575,1790363207.378,8.078,demo_booking,customer_hangup,0.0
1790362725,96,ee57d27e-55e6-42be-ab2e-4369be6b9832,2,server_only,,finalizada,,,,,,,,,4.243,2.313,1.93,3.827,5.691,,0.448,5.77,,8.518,1790363106.575,1790363207.378,8.756,demo_booking,customer_hangup,0.0
1790362725,96,ee57d27e-55e6-42be-ab2e-4369be6b9832,3,server_only,,finalizada,,,,,,,,,3.182,2.963,0.219,,,,,0.0,,,1790363106.575,1790363207.378,,demo_booking,customer_hangup,0.0
1790362725,96,a0531b8f-aec2-4bcf-90a0-0ea20bdc0671,0,client_only,short,finalizada,,,2.604799944005208,3.081189770694427,8.876,0.32,1790363115.501,1790363124.377,,,,,,,,,,,1790363106.841,1790363228.981,,demo_booking,customer_hangup,0.0
1790362725,96,a0531b8f-aec2-4bcf-90a0-0ea20bdc0671,1,client_only,long,finalizada,,,10.725519555009669,3.4242613472973327,21.11,3.52,1790363127.458,1790363148.568,,,,,,,,,,,1790363106.841,1790363228.981,,demo_booking,customer_hangup,0.0
1790362725,96,a0531b8f-aec2-4bcf-90a0-0ea20bdc0671,2,client_only,short,finalizada,,,12.784618268022314,1.5680237427002304,28.258,0.32,1790363151.993,1790363180.251,,,,,,,,,,,1790363106.841,1790363228.981,,demo_booking,customer_hangup,0.0
1790362725,96,a0531b8f-aec2-4bcf-90a0-0ea20bdc0671,3,client_only,medium,finalizada,,timeout esperando que el agente empiece a responder,,1.193927484093425,17.23,2.24,1790363181.82,1790363199.049,,,,,,,,,,,1790363106.841,1790363228.981,,demo_booking,customer_hangup,0.0
1790362725,96,a0531b8f-aec2-4bcf-90a0-0ea20bdc0671,4,client_only,short,finalizada,,timeout esperando que el agente empiece a responder,,1.0,15.478,0.48,1790363200.244,1790363215.722,,,,,,,,,,,1790363106.841,1790363228.981,,demo_booking,customer_hangup,0.0
1790362725,96,a0531b8f-aec2-4bcf-90a0-0ea20bdc0671,5,client_only,short,finalizada,,,4.244857623998541,1.6411321564306294,10.613,0.32,1790363216.723,1790363227.335,,,,,,,,,,,1790363106.841,1790363228.981,,demo_booking,customer_hangup,0.0
1790362725,96,a0531b8f-aec2-4bcf-90a0-0ea20bdc0671,0,server_only,,finalizada,,,,,,,,,1.0,0.463,0.537,0.19,0.854,,0.326,5.22,,1.516,1790363106.841,1790363228.981,1.331,demo_booking,customer_hangup,0.0
1790362725,96,a0531b8f-aec2-4bcf-90a0-0ea20bdc0671,1,server_only,,finalizada,,,,,,,,,4.125,3.725,0.399,0.796,3.005,,0.615,4.17,,5.536,1790363106.841,1790363228.981,7.482,demo_booking,customer_hangup,0.0
1790362725,96,a0531b8f-aec2-4bcf-90a0-0ea20bdc0671,2,server_only,,finalizada,,,,,,,,,0.971,0.893,0.078,1.03,3.749,,1.767,8.1,,3.767,1790363106.841,1790363228.981,3.799,demo_booking,customer_hangup,0.0
1790362725,96,a0531b8f-aec2-4bcf-90a0-0ea20bdc0671,3,server_only,,finalizada,,,,,,,,,2.714,2.414,0.3,1.126,3.253,,0.967,3.45,,4.807,1790363106.841,1790363228.981,7.519,demo_booking,customer_hangup,0.0
1790362725,96,64bf45f3-0c75-474a-9b2f-6acd483130b5,0,client_only,long,finalizada,,,6.275753497000551,1.3537781561111013,18.78,3.52,1790363115.871,1790363134.651,,,,,,,,,,,1790363107.091,1790363247.411,,demo_booking,customer_hangup,0.0
1790362725,96,64bf45f3-0c75-474a-9b2f-6acd483130b5,1,client_only,short,finalizada,,,10.01571765402332,2.4481102414821536,18.845,0.48,1790363136.006,1790363154.851,,,,,,,,,,,1790363107.091,1790363247.411,,demo_booking,customer_hangup,0.0
1790362725,96,64bf45f3-0c75-474a-9b2f-6acd483130b5,2,client_only,medium,finalizada,,,14.236034477013163,1.4600485288222007,25.199,2.6,1790363157.3,1790363182.499,,,,,,,,,,,1790363107.091,1790363247.411,,demo_booking,customer_hangup,0.0
1790362725,96,64bf45f3-0c75-474a-9b2f-6acd483130b5,3,client_only,short,finalizada,,timeout esperando que el agente empiece a responder,,2.4618861822856055,15.996,1.0,1790363183.959,1790363199.955,,,,,,,,,,,1790363107.091,1790363247.411,,demo_booking,customer_hangup,0.0
1790362725,96,64bf45f3-0c75-474a-9b2f-6acd483130b5,4,client_only,medium,finalizada,,,8.836136787984287,2.0403260296355814,24.836,2.12,1790363202.418,1790363227.254,,,,,,,,,,,1790363107.091,1790363247.411,,demo_booking,customer_hangup,0.0
1790362725,96,64bf45f3-0c75-474a-9b2f-6acd483130b5,5,client_only,long,finalizada,,,6.914976892003324,1.6600903303020476,16.449,3.52,1790363229.295,1790363245.744,,,,,,,,,,,1790363107.091,1790363247.411,,demo_booking,customer_hangup,0.0
1790362725,96,64bf45f3-0c75-474a-9b2f-6acd483130b5,0,server_only,,finalizada,,,,,,,,,1.553,1.393,0.159,0.616,2.166,,0.36,5.77,,2.528,1790363107.091,1790363247.411,3.955,demo_booking,customer_hangup,0.0
1790362725,96,64bf45f3-0c75-474a-9b2f-6acd483130b5,1,server_only,,finalizada,,,,,,,,,1.392,1.161,0.231,1.135,3.305,,0.713,4.09,,3.24,1790363107.091,1790363247.411,6.906,demo_booking,customer_hangup,0.0
1790362725,96,64bf45f3-0c75-474a-9b2f-6acd483130b5,2,server_only,,finalizada,,,,,,,,,1.704,0.778,0.926,1.453,3.423,,0.252,4.89,,3.409,1790363107.091,1790363247.411,4.942,demo_booking,customer_hangup,0.0
1790362725,96,64bf45f3-0c75-474a-9b2f-6acd483130b5,3,server_only,,finalizada,,,,,,,,,1.909,1.786,0.124,2.269,5.457,,0.498,5.29,,4.677,1790363107.091,1790363247.411,7.794,demo_booking,customer_hangup,0.0
1790362725,96,64bf45f3-0c75-474a-9b2f-6acd483130b5,4,server_only,,finalizada,,,,,,,,,2.433,2.272,0.161,1.233,2.445,,0.249,4.41,,3.915,1790363107.091,1790363247.411,5.091,demo_booking,customer_hangup,0.0
1790362725,96,58fe8ba9-3ad0-4ef2-9afb-69fc841d032a,0,client_only,short,finalizada,,,3.807754064007895,1.492641163702656,11.517,0.48,1790363115.728,1790363127.246,,,,,,,,,,,1790363107.341,1790363244.589,,demo_booking,customer_hangup,0.0
1790362725,96,58fe8ba9-3ad0-4ef2-9afb-69fc841d032a,1,client_only,short,finalizada,,,8.247653394995723,2.7385587625438648,16.064,0.38,1790363128.739,1790363144.802,,,,,,,,,,,1790363107.341,1790363244.589,,demo_booking,customer_hangup,0.0
1790362725,96,58fe8ba9-3ad0-4ef2-9afb-69fc841d032a,2,client_only,short,finalizada,,timeout esperando que el agente empiece a responder,,2.521789691936906,15.476,0.48,1790363147.542,1790363163.018,,,,,,,,,,,1790363107.341,1790363244.589,,demo_booking,customer_hangup,0.0
1790362725,96,58fe8ba9-3ad0-4ef2-9afb-69fc841d032a,3,client_only,short,finalizada,,,-2.2127017849998083,6.206774722074315,4.463,0.32,1790363165.541,1790363170.004,,,,,,,,,,,1790363107.341,1790363244.589,,demo_booking,customer_hangup,0.0
1790362725,96,58fe8ba9-3ad0-4ef2-9afb-69fc841d032a,4,client_only,long,finalizada,,,14.8677644910058,6.930895208873792,40.522,3.52,1790363176.211,1790363216.733,,,,,,,,,,,1790363107.341,1790363244.589,,demo_booking,customer_hangup,0.0
1790362725,96,58fe8ba9-3ad0-4ef2-9afb-69fc841d032a,5,client_only,long,finalizada,,,4.007438519998686,8.018901663610283,12.899,3.06,1790363223.665,1790363236.564,,,,,,,,,,,1790363107.341,1790363244.589,,demo_booking,customer_hangup,0.0
1790362725,96,58fe8ba9-3ad0-4ef2-9afb-69fc841d032a,0,server_only,,finalizada,,,,,,,,,0.574,0.556,0.019,0.209,1.195,,0.252,6.97,,1.036,1790363107.341,1790363244.589,2.008,demo_booking,customer_hangup,0.0
1790362725,96,58fe8ba9-3ad0-4ef2-9afb-69fc841d032a,1,server_only,,finalizada,,,,,,,,,2.028,1.566,0.461,0.324,2.166,,0.945,3.37,,3.297,1790363107.341,1790363244.589,5.476,demo_booking,customer_hangup,0.0
1790362725,96,58fe8ba9-3ad0-4ef2-9afb-69fc841d032a,2,server_only,,finalizada,,,,,,,,,3.011,2.939,0.071,0.978,2.913,,0.727,5.45,,4.716,1790363107.341,1790363244.589,7.536,demo_booking,customer_hangup,0.0
1790362725,96,58fe8ba9-3ad0-4ef2-9afb-69fc841d032a,3,server_only,,finalizada,,,,,,,,,1.052,0.964,0.088,1.872,3.792,,0.258,9.53,,3.182,1790363107.341,1790363244.589,5.069,demo_booking,customer_hangup,0.0
1790362725,96,58fe8ba9-3ad0-4ef2-9afb-69fc841d032a,4,server_only,,finalizada,,,,,,,,,1.742,1.713,0.029,2.488,7.379,,0.588,3.93,,4.818,1790363107.341,1790363244.589,9.881,demo_booking,customer_hangup,0.0
1790362725,96,f576b152-cc5e-4742-98b3-0338bf859adc,0,client_only,short,finalizada,,,5.545789789990522,3.6252330018127736,10.803,0.38,1790363118.782,1790363129.584,,,,,,,,,,,1790363107.5,1790363217.08,,demo_booking,customer_hangup,0.0
1790362725,96,f576b152-cc5e-4742-98b3-0338bf859adc,1,client_only,short,finalizada,,,11.445407510997029,2.3343928886048295,21.763,1.0,1790363133.211,1790363154.974,,,,,,,,,,,1790363107.5,1790363217.08,,demo_booking,customer_hangup,0.0
1790362725,96,f576b152-cc5e-4742-98b3-0338bf859adc,2,client_only,long,finalizada,,timeout esperando que el agente empiece a responder,,1.865474451968903,18.059,3.06,1790363157.309,1790363175.368,,,,,,,,,,,1790363107.5,1790363217.08,,demo_booking,customer_hangup,0.0
1790362725,96,f576b152-cc5e-4742-98b3-0338bf859adc,3,client_only,short,finalizada,,,7.945648858993081,3.1096859207454535,18.664,0.48,1790363177.234,1790363195.898,,,,,,,,,,,1790363107.5,1790363217.08,,demo_booking,customer_hangup,0.0
1790362725,96,f576b152-cc5e-4742-98b3-0338bf859adc,4,client_only,short,finalizada,,,5.684584440983599,1.2120365217850615,8.935,0.32,1790363199.008,1790363207.943,,,,,,,,,,,1790363107.5,1790363217.08,,demo_booking,customer_hangup,0.0
1790362725,96,f576b152-cc5e-4742-98b3-0338bf859adc,5,client_only,short,finalizada,,,-1.1944243040052243,1.0203690023530392,6.896,0.38,1790363209.156,1790363216.052,,,,,,,,,,,1790363107.5,1790363217.08,,demo_booking,customer_hangup,0.0
1790362725,96,f576b152-cc5e-4742-98b3-0338bf859adc,0,server_only,,finalizada,,,,,,,,,1.645,1.58,0.065,0.632,1.42,,0.382,3.45,,2.659,1790363107.5,1790363217.08,3.419,demo_booking,customer_hangup,0.0
1790362725,96,f576b152-cc5e-4742-98b3-0338bf859adc,1,server_only,,finalizada,,,,,,,,,1.694,1.504,0.19,1.304,3.772,,1.12,5.37,,4.118,1790363107.5,1790363217.08,6.64,demo_booking,customer_hangup,0.0
1790362725,96,f576b152-cc5e-4742-98b3-0338bf859adc,2,server_only,,finalizada,,,,,,,,,0.478,0.325,0.153,1.32,5.103,,0.306,4.25,,2.104,1790363107.5,1790363217.08,5.956,demo_booking,customer_hangup,0.0
1790362725,96,f576b152-cc5e-4742-98b3-0338bf859adc,3,server_only,,finalizada,,,,,,,,,0.0,0.0,0.0,1.34,4.951,,0.5,5.61,,1.839,1790363107.5,1790363217.08,,demo_booking,customer_hangup,0.0
1790362725,96,2fcc04d4-de2c-482f-bf53-9083a90ab667,0,client_only,short,finalizada,,,2.403757901978679,3.3224306374607133,8.711,0.32,1790363115.823,1790363124.534,,,,,,,,,,,1790363107.751,1790363220.72,,demo_booking,customer_hangup,0.0
1790362725,96,2fcc04d4-de2c-482f-bf53-9083a90ab667,1,client_only,long,finalizada,,,12.484378077992005,3.673575018407022,24.078,3.52,1790363127.858,1790363151.935,,,,,,,,,,,1790363107.751,1790363220.72,,demo_booking,customer_hangup,0.0
1790362725,96,2fcc04d4-de2c-482f-bf53-9083a90ab667,2,client_only,medium,finalizada,,timeout esperando que el agente empiece a responder,,5.180975854606344,17.604,2.6,1790363155.61,1790363173.214,,,,,,,,,,,1790363107.751,1790363220.72,,demo_booking,customer_hangup,0.0
1790362725,96,2fcc04d4-de2c-482f-bf53-9083a90ab667,3,client_only,short,finalizada,,,-1.5355078729917295,4.714932744032065,1.338,1.0,1790363178.395,1790363179.733,,,,,,,,,,,1790363107.751,1790363220.72,,demo_booking,customer_hangup,0.0
1790362725,96,2fcc04d4-de2c-482f-bf53-9083a90ab667,4,client_only,long,finalizada,,timeout esperando que el agente empiece a responder,,1.3041611216743505,18.524,3.52,1790363184.448,1790363202.972,,,,,,,,,,,1790363107.751,1790363220.72,,demo_booking,customer_hangup,0.0
1790362725,96,2fcc04d4-de2c-482f-bf53-9083a90ab667,5,client_only,short,finalizada,,,7.543628299987176,3.1023131369509382,13.335,0.32,1790363204.276,1790363217.612,,,,,,,,,,,1790363107.751,1790363220.72,,demo_booking,customer_hangup,0.0
1790362725,96,2fcc04d4-de2c-482f-bf53-9083a90ab667,0,server_only,,finalizada,,,,,,,,,1.0,0.456,0.544,0.225,1.011,,0.209,4.5,,1.434,1790363107.751,1790363220.72,1.218,demo_booking,customer_hangup,0.0
1790362725,96,2fcc04d4-de2c-482f-bf53-9083a90ab667,1,server_only,,finalizada,,,,,,,,,4.306,3.927,0.379,1.693,4.001,,0.389,4.33,,6.388,1790363107.751,1790363220.72,8.388,demo_booking,customer_hangup,0.0
1790362725,96,2fcc04d4-de2c-482f-bf53-9083a90ab667,2,server_only,,finalizada,,,,,,,,,1.91,1.137,0.773,1.083,2.492,,1.682,4.17,,4.676,1790363107.751,1790363220.72,5.624,demo_booking,customer_hangup,0.0
1790362725,96,2fcc04d4-de2c-482f-bf53-9083a90ab667,3,server_only,,finalizada,,,,,,,,,1.507,0.0,1.507,1.687,5.771,,0.413,5.29,,3.607,1790363107.751,1790363220.72,6.075,demo_booking,customer_hangup,0.0
1790362725,96,96da7c29-89c3-43a1-b34f-5410312c7d45,0,client_only,short,finalizada,,timeout esperando que el agente termine de hablar,3.9987007429881487,3.5130700513366366,29.999,1.0,1790363116.029,1790363146.028,,,,,,,,,,,1790363108.0,1790363226.172,,demo_booking,customer_hangup,0.0
1790362725,96,96da7c29-89c3-43a1-b34f-5410312c7d45,1,client_only,short,finalizada,,,-29.00174022000283,1.0,8.604,0.48,1790363149.542,1790363158.146,,,,,,,,,,,1790363108.0,1790363226.172,,demo_booking,customer_hangup,0.0
1790362725,96,96da7c29-89c3-43a1-b34f-5410312c7d45,2,client_only,long,finalizada,,timeout esperando que el agente empiece a responder,,2.5820391084170127,18.504,3.52,1790363159.147,1790363177.651,,,,,,,,,,,1790363108.0,1790363226.172,,demo_booking,customer_hangup,0.0
1790362725,96,96da7c29-89c3-43a1-b34f-5410312c7d45,3,client_only,medium,finalizada,,,-1.4613003399863373,1.3029324453569684,6.948,2.24,1790363180.233,1790363187.181,,,,,,,,,,,1790363108.0,1790363226.172,,demo_booking,customer_hangup,0.0
1790362725,96,96da7c29-89c3-43a1-b34f-5410312c7d45,4,client_only,long,finalizada,,,5.9187330010172445,2.1791801465355447,18.779,3.06,1790363188.484,1790363207.264,,,,,,,,,,,1790363108.0,1790363226.172,,demo_booking,customer_hangup,0.0
1790362725,96,96da7c29-89c3-43a1-b34f-5410312c7d45,5,client_only,short,finalizada,,timeout esperando que el agente empiece a responder,,1.3374149452505735,15.38,0.38,1790363209.444,1790363224.824,,,,,,,,,,,1790363108.0,1790363226.172,,demo_booking,customer_hangup,0.0
1790362725,96,96da7c29-89c3-43a1-b34f-5410312c7d45,0,server_only,,finalizada,,,,,,,,,0.655,0.63,0.025,0.262,2.05,,0.258,21.95,,1.175,1790363108.0,1790363226.172,2.114,demo_booking,customer_hangup,0.0
1790362725,96,96da7c29-89c3-43a1-b34f-5410312c7d45,1,server_only,,finalizada,,,,,,,,,3.03,1.926,1.105,2.391,5.206,,0.466,4.09,,5.887,1790363108.0,1790363226.172,8.153,demo_booking,customer_hangup,0.0
1790362725,96,96da7c29-89c3-43a1-b34f-5410312c7d45,2,server_only,,finalizada,,,,,,,,,3.018,2.744,0.274,1.095,2.722,,0.684,5.94,,4.798,1790363108.0,1790363226.172,4.601,demo_booking,customer_hangup,0.0
1790362725,96,96da7c29-89c3-43a1-b34f-5410312c7d45,3,server_only,,finalizada,,,,,,,,,2.304,1.147,1.157,,,,,0.0,,,1790363108.0,1790363226.172,,demo_booking,customer_hangup,0.0
1790362725,96,470e23a3-58d3-4770-9c96-d976967d1494,0,client_only,short,finalizada,,,3.880326539016096,1.0,11.112,0.48,1790363115.637,1790363126.749,,,,,,,,,,,1790363108.249,1790363226.508,,demo_booking,customer_hangup,0.0
1790362725,96,470e23a3-58d3-4770-9c96-d976967d1494,1,client_only,short,finalizada,,,9.260279310983606,3.9793411061381962,18.955,0.38,1790363127.75,1790363146.705,,,,,,,,,,,1790363108.249,1790363226.508,,demo_booking,customer_hangup,0.0
1790362725,96,470e23a3-58d3-4770-9c96-d976967d1494,2,client_only,short,finalizada,,timeout esperando que el agente empiece a responder,,4.280634636797223,16.005,1.0,1790363150.685,1790363166.691,,,,,,,,,,,1790363108.249,1790363226.508,,demo_booking,customer_hangup,0.0
1790362725,96,470e23a3-58d3-4770-9c96-d976967d1494,3,client_only,long,finalizada,,,-4.499742584011983,1.0705032171029094,10.209,3.52,1790363170.972,1790363181.182,,,,,,,,,,,1790363108.249,1790363226.508,,demo_booking,customer_hangup,0.0
1790362725,96,470e23a3-58d3-4770-9c96-d976967d1494,4,client_only,short,finalizada,,,14.799916499003302,1.3240856471037787,23.059,0.38,1790363182.253,1790363205.312,,,,,,,,,,,1790363108.249,1790363226.508,,demo_booking,customer_hangup,0.0
1790362725,96,470e23a3-58d3-4770-9c96-d976967d1494,5,client_only,medium,finalizada,,,6.400105809996603,1.5864697614939112,18.28,2.6,1790363206.636,1790363224.916,,,,,,,,,,,1790363108.249,1790363226.508,,demo_booking,customer_hangup,0.0
1790362725,96,470e23a3-58d3-4770-9c96-d976967d1494,0,server_only,,finalizada,,,,,,,,,0.543,0.526,0.018,0.239,1.274,,0.235,5.37,,1.018,1790363108.249,1790363226.508,2.041,demo_booking,customer_hangup,0.0
1790362725,96,470e23a3-58d3-4770-9c96-d976967d1494,1,server_only,,finalizada,,,,,,,,,1.971,1.56,0.411,1.623,2.737,,0.897,5.37,,4.491,1790363108.249,1790363226.508,5.47,demo_booking,customer_hangup,0.0
1790362725,96,470e23a3-58d3-4770-9c96-d976967d1494,2,server_only,,finalizada,,,,,,,,,3.817,3.467,0.35,1.576,2.54,,0.513,5.61,,5.906,1790363108.249,1790363226.508,6.769,demo_booking,customer_hangup,0.0
1790362725,96,470e23a3-58d3-4770-9c96-d976967d1494,3,server_only,,finalizada,,,,,,,,,2.022,1.689,0.333,1.181,2.747,,1.082,2.25,,4.286,1790363108.249,1790363226.508,5.604,demo_booking,customer_hangup,0.0
1790362725,96,470e23a3-58d3-4770-9c96-d976967d1494,4,server_only,,finalizada,,,,,,,,,2.306,1.72,0.587,0.98,4.509,,1.079,5.94,,4.365,1790363108.249,1790363226.508,5.974,demo_booking,customer_hangup,0.0
1790362725,96,b983211a-3e1f-4fec-9468-405931da30af,0,client_only,medium,finalizada,,,4.686532922991319,1.1144424591762858,14.032,2.24,1790363116.583,1790363130.616,,,,,,,,,,,1790363108.568,1790363244.617,,demo_booking,customer_hangup,0.0
1790362725,96,b983211a-3e1f-4fec-9468-405931da30af,1,client_only,short,finalizada,,,9.846558913006447,2.437081314417134,19.858,1.0,1790363131.731,1790363151.589,,,,,,,,,,,1790363108.568,1790363244.617,,demo_booking,customer_hangup,0.0
1790362725,96,b983211a-3e1f-4fec-9468-405931da30af,2,client_only,medium,finalizada,,timeout esperando que el agente empiece a responder,,2.5600225705573187,17.608,2.6,1790363154.027,1790363171.635,,,,,,,,,,,1790363108.568,1790363244.617,,demo_booking,customer_hangup,0.0
1790362725,96,b983211a-3e1f-4fec-9468-405931da30af,3,client_only,short,finalizada,,,9.766388368996559,8.280461225724556,19.592,0.38,1790363174.196,1790363193.788,,,,,,,,,,,1790363108.568,1790363244.617,,demo_booking,customer_hangup,0.0
1790362725,96,b983211a-3e1f-4fec-9468-405931da30af,4,client_only,short,finalizada,,,10.766284028999507,1.0154332244067512,21.274,0.38,1790363202.07,1790363223.343,,,,,,,,,,,1790363108.568,1790363244.617,,demo_booking,customer_hangup,0.0
1790362725,96,b983211a-3e1f-4fec-9468-405931da30af,5,client_only,long,finalizada,,timeout esperando que el agente empiece a responder,,2.1958805541957926,18.054,3.06,1790363224.36,1790363242.414,,,,,,,,,,,1790363108.568,1790363244.617,,demo_booking,customer_hangup,0.0
1790362725,96,b983211a-3e1f-4fec-9468-405931da30af,0,server_only,,finalizada,,,,,,,,,1.484,1.337,0.146,0.507,1.781,,0.383,5.78,,2.373,1790363108.568,1790363244.617,2.699,demo_booking,customer_hangup,0.0
1790362725,96,b983211a-3e1f-4fec-9468-405931da30af,1,server_only,,finalizada,,,,,,,,,3.77,3.503,0.267,0.436,2.343,,0.478,3.29,,4.684,1790363108.568,1790363244.617,6.569,demo_booking,customer_hangup,0.0
1790362725,96,b983211a-3e1f-4fec-9468-405931da30af,2,server_only,,finalizada,,,,,,,,,3.868,3.573,0.295,2.278,4.702,,2.843,4.49,,8.989,1790363108.568,1790363244.617,11.172,demo_booking,customer_hangup,0.0
1790362725,96,b983211a-3e1f-4fec-9468-405931da30af,3,server_only,,finalizada,,,,,,,,,3.965,3.69,0.275,2.127,5.906,,0.835,4.81,,6.926,1790363108.568,1790363244.617,10.891,demo_booking,customer_hangup,0.0
1790362725,96,b983211a-3e1f-4fec-9468-405931da30af,4,server_only,,finalizada,,,,,,,,,3.224,3.008,0.216,1.166,2.273,,0.74,3.26,,5.13,1790363108.568,1790363244.617,5.434,demo_booking,customer_hangup,0.0
1790362725,96,8e815611-bf93-402b-ac32-5ea7e206251a,0,client_only,medium,finalizada,,,6.289256969001144,3.3444007137198923,13.85,2.24,1790363117.281,1790363131.131,,,,,,,,,,,1790363108.819,1790363250.668,,demo_booking,customer_hangup,0.0
1790362725,96,8e815611-bf93-402b-ac32-5ea7e206251a,1,client_only,medium,finalizada,,,7.728948160016444,1.1122026173620305,19.85,2.6,1790363134.476,1790363154.326,,,,,,,,,,,1790363108.819,1790363250.668,,demo_booking,customer_hangup,0.0
1790362725,96,8e815611-bf93-402b-ac32-5ea7e206251a,2,client_only,long,finalizada,,,14.88895767298527,2.265955879657921,34.914,3.52,1790363155.439,1790363190.353,,,,,,,,,,,1790363108.819,1790363250.668,,demo_booking,customer_hangup,0.0
1790362725,96,8e815611-bf93-402b-ac32-5ea7e206251a,3,client_only,medium,finalizada,,timeout esperando que el agente empiece a responder,,4.326206996625141,17.11,2.12,1790363192.62,1790363209.729,,,,,,,,,,,1790363108.819,1790363250.668,,demo_booking,customer_hangup,0.0
1790362725,96,8e815611-bf93-402b-ac32-5ea7e206251a,4,client_only,long,finalizada,,timeout esperando que el agente empiece a responder,,3.0163849878998343,18.508,3.52,1790363214.057,1790363232.565,,,,,,,,,,,1790363108.819,1790363250.668,,demo_booking,customer_hangup,0.0
1790362725,96,8e815611-bf93-402b-ac32-5ea7e206251a,5,client_only,short,finalizada,,,1.2087936839961912,6.253498281912903,8.824,0.48,1790363235.582,1790363244.406,,,,,,,,,,,1790363108.819,1790363250.668,,demo_booking,customer_hangup,0.0
1790362725,96,8e815611-bf93-402b-ac32-5ea7e206251a,0,server_only,,finalizada,,,,,,,,,1.304,1.17,0.134,0.743,2.115,,0.395,3.69,,2.442,1790363108.819,1790363250.668,3.696,demo_booking,customer_hangup,0.0
1790362725,96,8e815611-bf93-402b-ac32-5ea7e206251a,1,server_only,,finalizada,,,,,,,,,1.461,1.397,0.064,1.155,2.465,,0.85,4.98,,3.466,1790363108.819,1790363250.668,3.867,demo_booking,customer_hangup,0.0
1790362725,96,8e815611-bf93-402b-ac32-5ea7e206251a,2,server_only,,finalizada,,,,,,,,,1.597,1.52,0.077,0.577,1.642,,0.623,5.45,,2.797,1790363108.819,1790363250.668,3.916,demo_booking,customer_hangup,0.0
1790362725,96,8e815611-bf93-402b-ac32-5ea7e206251a,3,server_only,,finalizada,,,,,,,,,1.937,1.787,0.15,1.089,3.704,,0.529,5.53,,3.555,1790363108.819,1790363250.668,6.126,demo_booking,customer_hangup,0.0
1790362725,96,8e815611-bf93-402b-ac32-5ea7e206251a,4,server_only,,finalizada,,,,,,,,,1.737,1.605,0.132,0.674,2.398,,0.149,1.89,,2.56,1790363108.819,1790363250.668,4.23,demo_booking,customer_hangup,0.0
1790362725,96,94f67c97-1ccb-4336-9839-ed3fcb962d7a,0,client_only,short,finalizada,,,6.2000149989908095,1.0,14.426,0.48,1790363120.31,1790363134.736,,,,,,,,,,,1790363109.068,1790363231.047,,demo_booking,customer_hangup,0.0
1790362725,96,94f67c97-1ccb-4336-9839-ed3fcb962d7a,1,client_only,short,finalizada,,,12.420411183993565,1.8152280879097884,23.556,0.38,1790363135.737,1790363159.293,,,,,,,,,,,1790363109.068,1790363231.047,,demo_booking,customer_hangup,0.0
1790362725,96,94f67c97-1ccb-4336-9839-ed3fcb962d7a,2,client_only,long,finalizada,,timeout esperando que el agente empiece a responder,,3.368665096401259,18.516,3.52,1790363161.109,1790363179.625,,,,,,,,,,,1790363109.068,1790363231.047,,demo_booking,customer_hangup,0.0
1790362725,96,94f67c97-1ccb-4336-9839-ed3fcb962d7a,3,client_only,long,finalizada,,,-2.679782383987913,4.5368924225347165,13.354,3.06,1790363182.995,1790363196.348,,,,,,,,,,,1790363109.068,1790363231.047,,demo_booking,customer_hangup,0.0
1790362725,96,94f67c97-1ccb-4336-9839-ed3fcb962d7a,4,client_only,short,finalizada,,timeout esperando que el agente empiece a responder,,2.6068185702420874,15.365,0.38,1790363200.886,1790363216.251,,,,,,,,,,,1790363109.068,1790363231.047,,demo_booking,customer_hangup,0.0
1790362725,96,94f67c97-1ccb-4336-9839-ed3fcb962d7a,5,client_only,long,finalizada,,,2.6002220129885245,1.2831505054292336,10.892,3.52,1790363218.858,1790363229.75,,,,,,,,,,,1790363109.068,1790363231.047,,demo_booking,customer_hangup,0.0
1790362725,96,94f67c97-1ccb-4336-9839-ed3fcb962d7a,0,server_only,,finalizada,,,,,,,,,1.017,0.784,0.233,0.415,2.708,,0.495,4.73,,1.927,1790363109.068,1790363231.047,4.061,demo_booking,customer_hangup,0.0
1790362725,96,94f67c97-1ccb-4336-9839-ed3fcb962d7a,1,server_only,,finalizada,,,,,,,,,3.319,3.282,0.037,0.357,1.393,,0.813,5.45,,4.49,1790363109.068,1790363231.047,5.517,demo_booking,customer_hangup,0.0
1790362725,96,94f67c97-1ccb-4336-9839-ed3fcb962d7a,2,server_only,,finalizada,,,,,,,,,0.897,0.813,0.084,0.878,4.908,,0.386,6.5,,2.161,1790363109.068,1790363231.047,3.476,demo_booking,customer_hangup,0.0
1790362725,96,94f67c97-1ccb-4336-9839-ed3fcb962d7a,3,server_only,,finalizada,,,,,,,,,1.925,1.525,0.4,1.408,4.617,,0.36,3.05,,3.693,1790363109.068,1790363231.047,6.762,demo_booking,customer_hangup,0.0
1790362725,96,94f67c97-1ccb-4336-9839-ed3fcb962d7a,4,server_only,,finalizada,,,,,,,,,0.0,0.0,0.0,1.34,3.062,,0.443,3.37,,1.783,1790363109.068,1790363231.047,,demo_booking,customer_hangup,0.0
1790362725,96,a3a0fe7d-1580-40e6-bb40-bdc658ef96ce,0,client_only,long,finalizada,,,6.322236174019054,1.0904828657101182,25.034,3.52,1790363117.467,1790363142.501,,,,,,,,,,,1790363109.319,1790363218.105,,demo_booking,customer_hangup,0.0
1790362725,96,a3a0fe7d-1580-40e6-bb40-bdc658ef96ce,1,client_only,short,finalizada,,timeout esperando que el agente empiece a responder,,1.0,16.01,1.0,1790363143.593,1790363159.603,,,,,,,,,,,1790363109.319,1790363218.105,,demo_booking,customer_hangup,0.0
1790362725,96,a3a0fe7d-1580-40e6-bb40-bdc658ef96ce,2,client_only,medium,finalizada,,,0.06261965501471423,2.4404791346948915,8.664,2.12,1790363160.603,1790363169.267,,,,,,,,,,,1790363109.319,1790363218.105,,demo_booking,customer_hangup,0.0
1790362725,96,a3a0fe7d-1580-40e6-bb40-bdc658ef96ce,3,client_only,long,finalizada,,,10.982746299006976,8.301913978382807,19.713,3.52,1790363171.709,1790363191.421,,,,,,,,,,,1790363109.319,1790363218.105,,demo_booking,customer_hangup,0.0
1790362725,96,a3a0fe7d-1580-40e6-bb40-bdc658ef96ce,4,client_only,long,finalizada,,,-3.277508630999364,1.1051211390313571,5.62,3.06,1790363199.724,1790363205.345,,,,,,,,,,,1790363109.319,1790363218.105,,demo_booking,customer_hangup,0.0
1790362725,96,a3a0fe7d-1580-40e6-bb40-bdc658ef96ce,5,client_only,short,finalizada,,,-1.237172371998895,3.550259647428254,8.092,0.48,1790363206.451,1790363214.543,,,,,,,,,,,1790363109.319,1790363218.105,,demo_booking,customer_hangup,0.0
1790362725,96,a3a0fe7d-1580-40e6-bb40-bdc658ef96ce,0,server_only,,finalizada,,,,,,,,,1.872,1.742,0.129,0.798,2.471,,1.324,7.14,,3.994,1790363109.319,1790363218.105,4.496,demo_booking,customer_hangup,0.0
1790362725,96,a3a0fe7d-1580-40e6-bb40-bdc658ef96ce,1,server_only,,finalizada,,,,,,,,,2.285,2.235,0.05,0.862,2.371,,0.384,1.93,,3.531,1790363109.319,1790363218.105,5.025,demo_booking,customer_hangup,0.0
1790362725,96,a3a0fe7d-1580-40e6-bb40-bdc658ef96ce,2,server_only,,finalizada,,,,,,,,,1.708,1.676,0.032,0.794,2.854,,0.418,2.17,,2.92,1790363109.319,1790363218.105,4.968,demo_booking,customer_hangup,0.0
1790362725,96,a3a0fe7d-1580-40e6-bb40-bdc658ef96ce,3,server_only,,finalizada,,,,,,,,,1.391,1.358,0.033,0.582,4.409,,0.392,8.34,,2.365,1790363109.319,1790363218.105,2.661,demo_booking,customer_hangup,0.0
1790362725,96,cab83f0d-fcb6-4010-9838-3e039189e9aa,0,client_only,short,finalizada,,,6.797718363988679,4.943058882731103,15.261,0.48,1790363118.57,1790363133.831,,,,,,,,,,,1790363109.626,1790363224.016,,demo_booking,customer_hangup,0.0
1790362725,96,cab83f0d-fcb6-4010-9838-3e039189e9aa,1,client_only,short,finalizada,,,9.85721791398828,1.1734966501964574,15.393,1.0,1790363138.774,1790363154.167,,,,,,,,,,,1790363109.626,1790363224.016,,demo_booking,customer_hangup,0.0
1790362725,96,cab83f0d-fcb6-4010-9838-3e039189e9aa,2,client_only,short,finalizada,,timeout esperando que el agente empiece a responder,,3.6144949246941254,15.99,1.0,1790363155.342,1790363171.332,,,,,,,,,,,1790363109.626,1790363224.016,,demo_booking,customer_hangup,0.0
1790362725,96,cab83f0d-fcb6-4010-9838-3e039189e9aa,3,client_only,medium,finalizada,,,8.817662316985661,2.371091422359927,16.282,2.12,1790363174.947,1790363191.229,,,,,,,,,,,1790363109.626,1790363224.016,,demo_booking,customer_hangup,0.0
1790362725,96,cab83f0d-fcb6-4010-9838-3e039189e9aa,4,client_only,long,finalizada,,timeout esperando que el agente empiece a responder,,2.9942908665464203,18.511,3.52,1790363193.6,1790363212.111,,,,,,,,,,,1790363109.626,1790363224.016,,demo_booking,customer_hangup,0.0
1790362725,96,cab83f0d-fcb6-4010-9838-3e039189e9aa,5,client_only,short,finalizada,,,0.8578981510072481,1.4391761761198427,7.464,1.0,1790363215.106,1790363222.57,,,,,,,,,,,1790363109.626,1790363224.016,,demo_booking,customer_hangup,0.0
1790362725,96,cab83f0d-fcb6-4010-9838-3e039189e9aa,0,server_only,,finalizada,,,,,,,,,1.793,1.713,0.08,0.667,2.187,,0.309,5.69,,2.769,1790363109.626,1790363224.016,4.226,demo_booking,customer_hangup,0.0
1790362725,96,cab83f0d-fcb6-4010-9838-3e039189e9aa,1,server_only,,finalizada,,,,,,,,,2.226,1.659,0.567,2.343,3.15,,0.849,2.57,,5.419,1790363109.626,1790363224.016,6.516,demo_booking,customer_hangup,0.0
1790362725,96,cab83f0d-fcb6-4010-9838-3e039189e9aa,2,server_only,,finalizada,,,,,,,,,3.376,2.886,0.491,1.05,4.16,,0.428,2.17,,4.855,1790363109.626,1790363224.016,8.623,demo_booking,customer_hangup,0.0
1790362725,96,cab83f0d-fcb6-4010-9838-3e039189e9aa,3,server_only,,finalizada,,,,,,,,,4.493,3.849,0.644,2.429,4.815,,0.602,2.01,,7.524,1790363109.626,1790363224.016,9.404,demo_booking,customer_hangup,0.0
1790362725,96,c0eeaf86-ca06-401d-bde4-7293f3967c85,0,paired,long,finalizada,,,6.613551063986961,6.041723356500303,21.715,3.52,1790363117.874,1790363139.59,2.282,2.183,0.099,0.457,1.939,,0.399,5.37,,3.138,1790363109.874,1790363256.776,4.675,demo_booking,customer_hangup,0.0
1790362725,96,c0eeaf86-ca06-401d-bde4-7293f3967c85,1,paired,short,finalizada,,,10.493969064002158,1.8008731746219888,19.358,0.32,1790363145.632,1790363164.991,0.0,0.0,0.0,0.906,2.905,,0.526,4.89,,1.431,1790363109.874,1790363256.776,,demo_booking,customer_hangup,0.0
1790362725,96,c0eeaf86-ca06-401d-bde4-7293f3967c85,2,paired,medium,finalizada,,timeout esperando que el agente empiece a responder,,1.0,17.228,2.24,1790363166.792,1790363184.021,0.537,0.32,0.217,0.593,3.415,,0.357,4.57,,1.488,1790363109.874,1790363256.776,4.173,demo_booking,customer_hangup,0.0
1790362725,96,c0eeaf86-ca06-401d-bde4-7293f3967c85,3,paired,short,finalizada,,,13.393847109982744,1.7623397932522948,22.211,0.38,1790363185.021,1790363207.232,0.958,0.59,0.367,0.764,5.731,,0.531,7.22,,2.252,1790363109.874,1790363256.776,3.222,demo_booking,customer_hangup,0.0
1790362725,96,c0eeaf86-ca06-401d-bde4-7293f3967c85,4,paired,short,finalizada,,,10.254002461006166,1.734792258826373,22.275,0.38,1790363208.995,1790363231.27,2.069,1.858,0.211,1.212,2.239,,0.298,8.02,,3.579,1790363109.874,1790363256.776,3.621,demo_booking,customer_hangup,0.0
1790362725,96,c0eeaf86-ca06-401d-bde4-7293f3967c85,5,paired,medium,finalizada,,,7.113095737004187,3.9248882376677963,19.841,2.6,1790363233.006,1790363252.847,1.746,1.691,0.055,1.43,2.934,,0.101,1.9,,3.277,1790363109.874,1790363256.776,3.495,demo_booking,customer_hangup,0.0
1790362725,96,b7850ca3-42c3-4513-9a86-105e4935494d,0,paired,short,finalizada,,,5.6143897809961345,1.9341417773862042,11.133,0.48,1790363118.653,1790363129.787,1.693,1.612,0.081,0.666,1.632,,0.341,2.73,,2.701,1790363110.124,1790363256.934,3.62,demo_booking,customer_hangup,0.0
1790362725,96,b7850ca3-42c3-4513-9a86-105e4935494d,1,paired,long,finalizada,,,11.45365336901159,3.0238036036594416,23.455,3.52,1790363131.722,1790363155.177,3.316,2.834,0.482,1.593,3.176,,1.14,5.37,,6.049,1790363110.124,1790363256.934,7.498,demo_booking,customer_hangup,0.0
1790362725,96,b7850ca3-42c3-4513-9a86-105e4935494d,2,paired,medium,finalizada,,timeout esperando que el agente empiece a responder,,1.4264520181468767,17.119,2.12,1790363158.201,1790363175.32,4.538,3.904,0.634,2.585,6.247,,0.792,6.91,,7.916,1790363110.124,1790363256.934,9.606,demo_booking,customer_hangup,0.0
1790362725,96,b7850ca3-42c3-4513-9a86-105e4935494d,3,paired,short,finalizada,,,12.194089099997655,1.0,26.429,0.32,1790363176.747,1790363203.176,2.487,2.393,0.095,0.767,3.382,,0.65,4.81,,3.905,1790363110.124,1790363256.934,6.456,demo_booking,customer_hangup,0.0
1790362725,96,b7850ca3-42c3-4513-9a86-105e4935494d,4,paired,short,finalizada,,,14.673617772001307,1.3069941045813622,25.642,0.48,1790363204.177,1790363229.819,2.999,2.624,0.375,0.798,2.974,,0.417,5.05,,4.214,1790363110.124,1790363256.934,6.123,demo_booking,customer_hangup,0.0
1790362725,96,b7850ca3-42c3-4513-9a86-105e4935494d,5,paired,medium,finalizada,,,13.414655758999288,3.8745317421313565,21.928,2.12,1790363231.127,1790363253.055,1.725,1.629,0.096,1.397,3.118,,0.197,0.05,,3.319,1790363110.124,1790363256.934,,demo_booking,customer_hangup,0.0
1790362725,96,084f2a31-4a8d-4317-a171-ad6a68b4770f,0,client_only,short,finalizada,,,3.7115090799925383,1.8997960819211448,7.285,0.38,1790363118.346,1790363125.631,,,,,,,,,,,1790363110.374,1790363212.569,,demo_booking,customer_hangup,0.0
1790362725,96,084f2a31-4a8d-4317-a171-ad6a68b4770f,1,client_only,medium,finalizada,,,8.651366959005827,5.150751554486871,22.547,2.12,1790363127.531,1790363150.078,,,,,,,,,,,1790363110.374,1790363212.569,,demo_booking,customer_hangup,0.0
1790362725,96,084f2a31-4a8d-4317-a171-ad6a68b4770f,2,client_only,long,finalizada,,timeout esperando que el agente empiece a responder,,2.3217639544266584,18.531,3.52,1790363155.23,1790363173.761,,,,,,,,,,,1790363110.374,1790363212.569,,demo_booking,customer_hangup,0.0
1790362725,96,084f2a31-4a8d-4317-a171-ad6a68b4770f,3,client_only,short,finalizada,,,4.691380016010953,1.0,11.353,0.38,1790363176.084,1790363187.437,,,,,,,,,,,1790363110.374,1790363212.569,,demo_booking,customer_hangup,0.0
1790362725,96,084f2a31-4a8d-4317-a171-ad6a68b4770f,4,client_only,short,finalizada,,timeout esperando que el agente empiece a responder,,1.459145063890034,15.377,0.38,1790363188.437,1790363203.814,,,,,,,,,,,1790363110.374,1790363212.569,,demo_booking,customer_hangup,0.0
1790362725,96,084f2a31-4a8d-4317-a171-ad6a68b4770f,5,client_only,long,finalizada,,,-2.688583737995941,1.9626630235555913,5.32,3.52,1790363205.274,1790363210.593,,,,,,,,,,,1790363110.374,1790363212.569,,demo_booking,customer_hangup,0.0
1790362725,96,084f2a31-4a8d-4317-a171-ad6a68b4770f,0,server_only,,finalizada,,,,,,,,,1.003,0.654,0.349,0.275,0.976,,0.277,1.93,,1.555,1790363110.374,1790363212.569,1.918,demo_booking,customer_hangup,0.0
1790362725,96,084f2a31-4a8d-4317-a171-ad6a68b4770f,1,server_only,,finalizada,,,,,,,,,3.26,2.921,0.34,0.853,2.144,,0.539,6.02,,4.652,1790363110.374,1790363212.569,4.489,demo_booking,customer_hangup,0.0
1790362725,96,084f2a31-4a8d-4317-a171-ad6a68b4770f,2,server_only,,finalizada,,,,,,,,,2.517,1.762,0.756,2.303,3.669,,0.932,2.65,,5.752,1790363110.374,1790363212.569,6.662,demo_booking,customer_hangup,0.0
1790362725,96,084f2a31-4a8d-4317-a171-ad6a68b4770f,3,server_only,,finalizada,,,,,,,,,2.244,1.936,0.307,1.351,5.339,,1.007,3.13,,4.601,1790363110.374,1790363212.569,8.499,demo_booking,customer_hangup,0.0
1790362725,96,34711583-df93-4b6a-8ff9-cca921947d4c,0,client_only,short,finalizada,,,3.717720874992665,2.979457207677517,9.949,0.32,1790363119.17,1790363129.119,,,,,,,,,,,1790363110.668,1790363196.953,,demo_booking,customer_hangup,0.0
1790362725,96,34711583-df93-4b6a-8ff9-cca921947d4c,1,client_only,short,finalizada,,,7.49765398298041,3.025340969225621,10.99,0.32,1790363132.099,1790363143.089,,,,,,,,,,,1790363110.668,1790363196.953,,demo_booking,customer_hangup,0.0
1790362725,96,34711583-df93-4b6a-8ff9-cca921947d4c,2,client_only,long,finalizada,,timeout esperando que el agente empiece a responder,,1.0,18.062,3.06,1790363146.115,1790363164.177,,,,,,,,,,,1790363110.668,1790363196.953,,demo_booking,customer_hangup,0.0
1790362725,96,34711583-df93-4b6a-8ff9-cca921947d4c,3,client_only,short,finalizada,,,-0.7226503830170259,1.0,7.019,0.38,1790363165.178,1790363172.197,,,,,,,,,,,1790363110.668,1790363196.953,,demo_booking,customer_hangup,0.0
1790362725,96,34711583-df93-4b6a-8ff9-cca921947d4c,4,client_only,short,finalizada,,,13.73738362599397,3.124136542006208,16.167,0.38,1790363173.198,1790363189.365,,,,,,,,,,,1790363110.668,1790363196.953,,demo_booking,customer_hangup,0.0
1790362725,96,34711583-df93-4b6a-8ff9-cca921947d4c,5,client_only,short,finalizada,,,-2.502292490011314,2.9049984488079135,1.55,0.38,1790363192.49,1790363194.04,,,,,,,,,,,1790363110.668,1790363196.953,,demo_booking,customer_hangup,0.0
1790362725,96,34711583-df93-4b6a-8ff9-cca921947d4c,0,server_only,,finalizada,,,,,,,,,1.32,1.271,0.049,0.632,1.75,,0.314,3.86,,2.266,1790363110.668,1790363196.953,2.335,demo_booking,customer_hangup,0.0
1790362725,96,34711583-df93-4b6a-8ff9-cca921947d4c,1,server_only,,finalizada,,,,,,,,,2.523,2.39,0.133,1.681,3.184,,1.441,4.1,,5.645,1790363110.668,1790363196.953,6.225,demo_booking,customer_hangup,0.0
1790362725,96,34711583-df93-4b6a-8ff9-cca921947d4c,2,server_only,,finalizada,,,,,,,,,2.435,1.942,0.493,3.048,4.03,,1.641,3.05,,7.124,1790363110.668,1790363196.953,7.818,demo_booking,customer_hangup,0.0
1790362725,96,34711583-df93-4b6a-8ff9-cca921947d4c,3,server_only,,finalizada,,,,,,,,,2.283,2.144,0.139,1.358,4.111,,0.382,3.45,,4.023,1790363110.668,1790363196.953,6.715,demo_booking,customer_hangup,0.0
1790362725,96,34711583-df93-4b6a-8ff9-cca921947d4c,4,server_only,,finalizada,,,,,,,,,3.451,3.297,0.155,,,,,0.0,,,1790363110.668,1790363196.953,,demo_booking,customer_hangup,0.0
1790362725,96,a5e21bb2-2b88-482f-a19b-bf3d851b3c5f,0,client_only,short,finalizada,,,6.936709537985735,5.403373762792372,11.851,0.48,1790363118.981,1790363130.833,,,,,,,,,,,1790363110.916,1790363237.11,,demo_booking,customer_hangup,0.0
1790362725,96,a5e21bb2-2b88-482f-a19b-bf3d851b3c5f,1,client_only,short,finalizada,,,10.95664526798646,4.389974303758,21.963,1.0,1790363136.237,1790363158.199,,,,,,,,,,,1790363110.916,1790363237.11,,demo_booking,customer_hangup,0.0
1790362725,96,a5e21bb2-2b88-482f-a19b-bf3d851b3c5f,2,client_only,medium,finalizada,,timeout esperando que el agente empiece a responder,,4.263538875598556,17.604,2.6,1790363162.59,1790363180.194,,,,,,,,,,,1790363110.916,1790363237.11,,demo_booking,customer_hangup,0.0
1790362725,96,a5e21bb2-2b88-482f-a19b-bf3d851b3c5f,3,client_only,long,finalizada,,,3.175762942992151,1.1983142336362276,18.538,3.52,1790363184.459,1790363202.997,,,,,,,,,,,1790363110.916,1790363237.11,,demo_booking,customer_hangup,0.0
1790362725,96,a5e21bb2-2b88-482f-a19b-bf3d851b3c5f,4,client_only,medium,finalizada,,timeout esperando que el agente empiece a responder,,3.1046498816006998,17.239,2.24,1790363204.196,1790363221.435,,,,,,,,,,,1790363110.916,1790363237.11,,demo_booking,customer_hangup,0.0
1790362725,96,a5e21bb2-2b88-482f-a19b-bf3d851b3c5f,5,client_only,medium,finalizada,,,3.0559656780096702,1.3242460654454384,11.241,2.24,1790363224.54,1790363235.78,,,,,,,,,,,1790363110.916,1790363237.11,,demo_booking,customer_hangup,0.0
1790362725,96,a5e21bb2-2b88-482f-a19b-bf3d851b3c5f,0,server_only,,finalizada,,,,,,,,,1.261,1.226,0.035,0.608,1.349,,0.346,2.97,,2.215,1790363110.916,1790363237.11,2.947,demo_booking,customer_hangup,0.0
1790362725,96,a5e21bb2-2b88-482f-a19b-bf3d851b3c5f,1,server_only,,finalizada,,,,,,,,,4.073,3.458,0.615,1.268,2.458,,0.333,5.13,,5.674,1790363110.916,1790363237.11,6.453,demo_booking,customer_hangup,0.0
1790362725,96,a5e21bb2-2b88-482f-a19b-bf3d851b3c5f,2,server_only,,finalizada,,,,,,,,,4.531,3.737,0.794,1.0,3.973,,1.124,6.26,,6.655,1790363110.916,1790363237.11,7.108,demo_booking,customer_hangup,0.0
1790362725,96,a5e21bb2-2b88-482f-a19b-bf3d851b3c5f,3,server_only,,finalizada,,,,,,,,,2.06,1.749,0.311,1.386,4.279,,0.414,3.54,,3.86,1790363110.916,1790363237.11,3.871,demo_booking,customer_hangup,0.0
1790362725,96,bd2ad068-7d2c-406b-ae75-178937a3df21,0,client_only,short,finalizada,,,5.560653247026494,1.8121692711173494,11.613,0.38,1790363119.897,1790363131.509,,,,,,,,,,,1790363111.166,1790363223.207,,demo_booking,customer_hangup,0.0
1790362725,96,bd2ad068-7d2c-406b-ae75-178937a3df21,1,client_only,short,finalizada,,,11.500871172000188,2.146660247677763,21.749,0.32,1790363133.323,1790363155.072,,,,,,,,,,,1790363111.166,1790363223.207,,demo_booking,customer_hangup,0.0
1790362725,96,bd2ad068-7d2c-406b-ae75-178937a3df21,2,client_only,short,finalizada,,,10.441140612994786,1.9602974897765377,20.816,1.0,1790363157.219,1790363178.034,,,,,,,,,,,1790363111.166,1790363223.207,,demo_booking,customer_hangup,0.0
1790362725,96,bd2ad068-7d2c-406b-ae75-178937a3df21,3,client_only,long,finalizada,,,10.720875295024598,2.5157111209785015,16.829,3.52,1790363179.995,1790363196.824,,,,,,,,,,,1790363111.166,1790363223.207,,demo_booking,customer_hangup,0.0
1790362725,96,bd2ad068-7d2c-406b-ae75-178937a3df21,4,client_only,medium,finalizada,,,-4.119343180995202,2.9655507629019904,3.482,2.6,1790363199.341,1790363202.823,,,,,,,,,,,1790363111.166,1790363223.207,,demo_booking,customer_hangup,0.0
1790362725,96,bd2ad068-7d2c-406b-ae75-178937a3df21,5,client_only,short,finalizada,,timeout esperando que el agente empiece a responder,,2.092171254762283,15.315,0.32,1790363205.79,1790363221.105,,,,,,,,,,,1790363111.166,1790363223.207,,demo_booking,customer_hangup,0.0
1790362725,96,bd2ad068-7d2c-406b-ae75-178937a3df21,0,server_only,,finalizada,,,,,,,,,0.904,0.755,0.149,0.433,1.951,,0.406,4.73,,1.743,1790363111.166,1790363223.207,3.15,demo_booking,customer_hangup,0.0
1790362725,96,bd2ad068-7d2c-406b-ae75-178937a3df21,1,server_only,,finalizada,,,,,,,,,2.55,2.183,0.367,1.037,4.619,,0.586,6.89,,4.174,1790363111.166,1790363223.207,7.614,demo_booking,customer_hangup,0.0
1790362725,96,bd2ad068-7d2c-406b-ae75-178937a3df21,2,server_only,,finalizada,,,,,,,,,1.945,1.655,0.29,0.683,2.342,,0.251,4.25,,2.879,1790363111.166,1790363223.207,4.538,demo_booking,customer_hangup,0.0
1790362725,96,bd2ad068-7d2c-406b-ae75-178937a3df21,3,server_only,,finalizada,,,,,,,,,2.097,1.877,0.219,2.11,4.046,,0.668,4.41,,4.874,1790363111.166,1790363223.207,6.662,demo_booking,customer_hangup,0.0
1790362725,96,bd2ad068-7d2c-406b-ae75-178937a3df21,4,server_only,,finalizada,,,,,,,,,3.322,3.061,0.261,1.757,5.116,,0.204,1.37,,5.283,1790363111.166,1790363223.207,5.683,demo_booking,customer_hangup,0.0
1790362725,96,fc9cb5bb-b77e-4a3c-9832-0e01599d6005,0,paired,short,finalizada,,,7.532042742997874,1.6364761697998755,15.606,0.48,1790363120.076,1790363135.681,1.34,1.152,0.188,0.777,2.292,,1.221,3.53,,3.338,1790363111.416,1790363257.472,4.892,demo_booking,customer_hangup,0.0
1790362725,96,fc9cb5bb-b77e-4a3c-9832-0e01599d6005,1,paired,short,finalizada,,,13.832868118013721,5.620265301651194,24.686,0.32,1790363137.318,1790363162.004,2.393,1.328,1.065,2.405,4.106,,1.055,6.26,,5.853,1790363111.416,1790363257.472,5.84,demo_booking,customer_hangup,0.0
1790362725,96,fc9cb5bb-b77e-4a3c-9832-0e01599d6005,2,paired,short,finalizada,,timeout esperando que el agente empiece a responder,,1.0,15.387,0.38,1790363167.624,1790363183.011,1.811,0.605,1.206,1.013,3.506,,0.758,4.66,,3.583,1790363111.416,1790363257.472,2.71,demo_booking,customer_hangup,0.0
1790362725,96,fc9cb5bb-b77e-4a3c-9832-0e01599d6005,3,paired,short,finalizada,,,8.87205746799009,6.309655785082102,20.469,0.48,1790363184.012,1790363204.48,1.089,1.051,0.038,0.486,4.959,,0.592,3.61,,2.167,1790363111.416,1790363257.472,6.631,demo_booking,customer_hangup,0.0
1790362725,96,fc9cb5bb-b77e-4a3c-9832-0e01599d6005,4,paired,medium,finalizada,,,10.21113461299683,1.8544271067339755,18.003,2.6,1790363210.791,1790363228.794,1.678,1.493,0.185,0.828,2.662,,0.267,6.19,,2.773,1790363111.416,1790363257.472,2.735,demo_booking,customer_hangup,0.0
1790362725,96,fc9cb5bb-b77e-4a3c-9832-0e01599d6005,5,paired,long,finalizada,,,12.111419012013357,5.549570983790201,21.267,3.52,1790363230.649,1790363251.916,1.658,1.634,0.024,0.695,2.917,,0.133,1.89,,2.487,1790363111.416,1790363257.472,4.759,demo_booking,customer_hangup,0.0
1790362725,96,a1397f6d-a873-4f73-8e1a-ca41b2e00d0e,0,client_only,short,finalizada,,,8.880941329000052,2.1788225052218326,18.961,0.48,1790363122.481,1790363141.441,,,,,,,,,,,1790363111.602,1790363225.822,,demo_booking,customer_hangup,0.0
1790362725,96,a1397f6d-a873-4f73-8e1a-ca41b2e00d0e,1,client_only,medium,finalizada,,timeout esperando que el agente empiece a responder,,2.611229249600078,17.592,2.6,1790363143.621,1790363161.213,,,,,,,,,,,1790363111.602,1790363225.822,,demo_booking,customer_hangup,0.0
1790362725,96,a1397f6d-a873-4f73-8e1a-ca41b2e00d0e,2,client_only,medium,finalizada,,,-0.6789097549917642,2.1500144390114913,10.131,2.12,1790363163.825,1790363173.956,,,,,,,,,,,1790363111.602,1790363225.822,,demo_booking,customer_hangup,0.0
1790362725,96,a1397f6d-a873-4f73-8e1a-ca41b2e00d0e,3,client_only,short,finalizada,,timeout esperando que el agente empiece a responder,,2.5449621646797906,15.32,0.32,1790363176.107,1790363191.427,,,,,,,,,,,1790363111.602,1790363225.822,,demo_booking,customer_hangup,0.0
1790362725,96,a1397f6d-a873-4f73-8e1a-ca41b2e00d0e,4,client_only,short,finalizada,,,3.0808956699911505,4.038421973169998,14.813,0.38,1790363193.973,1790363208.786,,,,,,,,,,,1790363111.602,1790363225.822,,demo_booking,customer_hangup,0.0
1790362725,96,a1397f6d-a873-4f73-8e1a-ca41b2e00d0e,5,client_only,medium,finalizada,,,3.1613283710030373,3.4635024878877254,9.522,2.24,1790363212.825,1790363222.347,,,,,,,,,,,1790363111.602,1790363225.822,,demo_booking,customer_hangup,0.0
1790362725,96,a1397f6d-a873-4f73-8e1a-ca41b2e00d0e,0,server_only,,finalizada,,,,,,,,,3.404,2.906,0.498,0.997,2.506,,0.723,6.01,,5.124,1790363111.602,1790363225.822,6.336,demo_booking,customer_hangup,0.0
1790362725,96,a1397f6d-a873-4f73-8e1a-ca41b2e00d0e,1,server_only,,finalizada,,,,,,,,,3.776,3.493,0.283,1.217,3.731,,3.309,5.54,,8.302,1790363111.602,1790363225.822,8.149,demo_booking,customer_hangup,0.0
1790362725,96,a1397f6d-a873-4f73-8e1a-ca41b2e00d0e,2,server_only,,finalizada,,,,,,,,,2.252,0.551,1.701,3.249,5.715,,0.701,5.13,,6.202,1790363111.602,1790363225.822,7.121,demo_booking,customer_hangup,0.0
1790362725,96,a1397f6d-a873-4f73-8e1a-ca41b2e00d0e,3,server_only,,finalizada,,,,,,,,,1.003,0.0,1.003,2.189,3.887,,0.235,3.21,,3.427,1790363111.602,1790363225.822,3.107,demo_booking,customer_hangup,0.0
1790362725,96,183227b6-9bdd-4ce0-af5c-72c010f8a0fc,0,client_only,long,finalizada,,,7.288426536979387,2.9604365630272627,18.718,3.52,1790363120.373,1790363139.091,,,,,,,,,,,1790363111.848,1790363235.328,,demo_booking,customer_hangup,0.0
1790362725,96,183227b6-9bdd-4ce0-af5c-72c010f8a0fc,1,client_only,short,finalizada,,,9.709619565022876,2.2371284895938026,17.444,0.38,1790363142.052,1790363159.496,,,,,,,,,,,1790363111.848,1790363235.328,,demo_booking,customer_hangup,0.0
1790362725,96,183227b6-9bdd-4ce0-af5c-72c010f8a0fc,2,client_only,short,finalizada,,timeout esperando que el agente empiece a responder,,2.4629119240846493,16.008,1.0,1790363161.734,1790363177.742,,,,,,,,,,,1790363111.848,1790363235.328,,demo_booking,customer_hangup,0.0
1790362725,96,183227b6-9bdd-4ce0-af5c-72c010f8a0fc,3,client_only,short,finalizada,,,1.108515582018299,1.798044997009445,9.12,0.38,1790363180.206,1790363189.326,,,,,,,,,,,1790363111.848,1790363235.328,,demo_booking,customer_hangup,0.0
1790362725,96,183227b6-9bdd-4ce0-af5c-72c010f8a0fc,4,client_only,long,finalizada,,,14.789654327003518,2.003068732014078,24.317,3.06,1790363191.125,1790363215.443,,,,,,,,,,,1790363111.848,1790363235.328,,demo_booking,customer_hangup,0.0
1790362725,96,183227b6-9bdd-4ce0-af5c-72c010f8a0fc,5,client_only,long,finalizada,,,8.448787011002423,1.0,16.855,3.52,1790363217.446,1790363234.301,,,,,,,,,,,1790363111.848,1790363235.328,,demo_booking,customer_hangup,0.0
1790362725,96,183227b6-9bdd-4ce0-af5c-72c010f8a0fc,0,server_only,,finalizada,,,,,,,,,2.345,1.957,0.388,1.489,2.362,,0.722,5.45,,4.556,1790363111.848,1790363235.328,5.36,demo_booking,customer_hangup,0.0
1790362725,96,183227b6-9bdd-4ce0-af5c-72c010f8a0fc,1,server_only,,finalizada,,,,,,,,,2.897,1.234,1.664,3.414,4.147,,0.373,3.21,,6.684,1790363111.848,1790363235.328,5.963,demo_booking,customer_hangup,0.0
1790362725,96,183227b6-9bdd-4ce0-af5c-72c010f8a0fc,2,server_only,,finalizada,,,,,,,,,2.834,1.694,1.14,3.123,5.017,,0.254,3.13,,6.211,1790363111.848,1790363235.328,7.645,demo_booking,customer_hangup,0.0
1790362725,96,183227b6-9bdd-4ce0-af5c-72c010f8a0fc,3,server_only,,finalizada,,,,,,,,,4.042,2.781,1.262,2.768,4.941,,0.672,2.97,,7.482,1790363111.848,1790363235.328,8.487,demo_booking,customer_hangup,0.0
1790362725,96,183227b6-9bdd-4ce0-af5c-72c010f8a0fc,4,server_only,,finalizada,,,,,,,,,3.275,3.058,0.217,2.188,7.23,,0.154,2.97,,5.617,1790363111.848,1790363235.328,10.461,demo_booking,customer_hangup,0.0
1790362725,96,e9bea71a-e00a-41c1-8f33-c3598221109f,0,client_only,medium,finalizada,,,6.53092226802255,2.119366008746215,16.173,2.6,1790363120.86,1790363137.034,,,,,,,,,,,1790363112.098,1790363209.209,,demo_booking,customer_hangup,0.0
1790362725,96,e9bea71a-e00a-41c1-8f33-c3598221109f,1,client_only,short,finalizada,,,10.350911391986301,4.052479961126355,15.027,0.32,1790363139.154,1790363154.182,,,,,,,,,,,1790363112.098,1790363209.209,,demo_booking,customer_hangup,0.0
1790362725,96,e9bea71a-e00a-41c1-8f33-c3598221109f,2,client_only,short,finalizada,,,-4.249224756989861,3.3989583459989614,8.659,0.48,1790363158.235,1790363166.894,,,,,,,,,,,1790363112.098,1790363209.209,,demo_booking,customer_hangup,0.0
1790362725,96,e9bea71a-e00a-41c1-8f33-c3598221109f,3,client_only,short,finalizada,,,8.410794915020233,2.6351866883605806,14.053,1.0,1790363170.293,1790363184.346,,,,,,,,,,,1790363112.098,1790363209.209,,demo_booking,customer_hangup,0.0
1790362725,96,e9bea71a-e00a-41c1-8f33-c3598221109f,4,client_only,short,finalizada,,,-3.048757602024125,4.656158022417876,5.637,1.0,1790363186.982,1790363192.619,,,,,,,,,,,1790363112.098,1790363209.209,,demo_booking,customer_hangup,0.0
1790362725,96,e9bea71a-e00a-41c1-8f33-c3598221109f,5,client_only,long,finalizada,,,-0.42927229800261557,1.3331087652757003,10.586,3.06,1790363197.276,1790363207.862,,,,,,,,,,,1790363112.098,1790363209.209,,demo_booking,customer_hangup,0.0
1790362725,96,e9bea71a-e00a-41c1-8f33-c3598221109f,0,server_only,,finalizada,,,,,,,,,1.507,1.356,0.151,0.952,1.869,,0.555,3.61,,3.014,1790363112.098,1790363209.209,3.91,demo_booking,customer_hangup,0.0
1790362725,96,e9bea71a-e00a-41c1-8f33-c3598221109f,1,server_only,,finalizada,,,,,,,,,1.319,1.216,0.104,0.586,2.473,,0.848,7.45,,2.754,1790363112.098,1790363209.209,4.864,demo_booking,customer_hangup,0.0
1790362725,96,e9bea71a-e00a-41c1-8f33-c3598221109f,2,server_only,,finalizada,,,,,,,,,2.733,2.379,0.354,2.207,4.031,,0.27,4.5,,5.21,1790363112.098,1790363209.209,5.186,demo_booking,customer_hangup,0.0
1790362725,96,e9bea71a-e00a-41c1-8f33-c3598221109f,3,server_only,,finalizada,,,,,,,,,2.701,2.644,0.057,1.737,4.116,,0.274,3.7,,4.712,1790363112.098,1790363209.209,5.64,demo_booking,customer_hangup,0.0
1790362725,96,85c3f76b-addf-40a7-bcce-0f4d0af197b0,0,client_only,short,finalizada,,,6.2812340010132175,4.078185289965647,10.765,0.38,1790363121.161,1790363131.926,,,,,,,,,,,1790363112.348,1790363221.628,,demo_booking,customer_hangup,0.0
1790362725,96,85c3f76b-addf-40a7-bcce-0f4d0af197b0,1,client_only,long,finalizada,,,11.660871161002433,2.9513360825623596,22.772,3.06,1790363136.005,1790363158.777,,,,,,,,,,,1790363112.348,1790363221.628,,demo_booking,customer_hangup,0.0
1790362725,96,85c3f76b-addf-40a7-bcce-0f4d0af197b0,2,client_only,short,finalizada,,timeout esperando que el agente empiece a responder,,2.662755027768976,15.478,0.48,1790363161.729,1790363177.207,,,,,,,,,,,1790363112.348,1790363221.628,,demo_booking,customer_hangup,0.0
1790362725,96,85c3f76b-addf-40a7-bcce-0f4d0af197b0,3,client_only,short,finalizada,,,5.501371274003759,2.174858970247026,13.144,0.48,1790363179.871,1790363193.014,,,,,,,,,,,1790363112.348,1790363221.628,,demo_booking,customer_hangup,0.0
1790362725,96,85c3f76b-addf-40a7-bcce-0f4d0af197b0,4,client_only,medium,finalizada,,timeout esperando que el agente empiece a responder,,2.7683962649425893,17.124,2.12,1790363195.19,1790363212.314,,,,,,,,,,,1790363112.348,1790363221.628,,demo_booking,customer_hangup,0.0
1790362725,96,85c3f76b-addf-40a7-bcce-0f4d0af197b0,5,client_only,medium,finalizada,,,-0.8788547620060854,1.2904554938763348,5.246,2.12,1790363215.082,1790363220.329,,,,,,,,,,,1790363112.348,1790363221.628,,demo_booking,customer_hangup,0.0
1790362725,96,85c3f76b-addf-40a7-bcce-0f4d0af197b0,0,server_only,,finalizada,,,,,,,,,2.1,2.062,0.038,0.328,1.382,,0.559,2.57,,2.987,1790363112.348,1790363221.628,4.097,demo_booking,customer_hangup,0.0
1790362725,96,85c3f76b-addf-40a7-bcce-0f4d0af197b0,1,server_only,,finalizada,,,,,,,,,4.16,3.649,0.511,1.421,3.143,,0.25,4.33,,5.831,1790363112.348,1790363221.628,7.488,demo_booking,customer_hangup,0.0
1790362725,96,85c3f76b-addf-40a7-bcce-0f4d0af197b0,2,server_only,,finalizada,,,,,,,,,2.131,1.515,0.616,1.432,5.373,,0.807,4.89,,4.37,1790363112.348,1790363221.628,7.754,demo_booking,customer_hangup,0.0
1790362725,96,85c3f76b-addf-40a7-bcce-0f4d0af197b0,3,server_only,,finalizada,,,,,,,,,4.815,3.933,0.882,2.932,7.266,,0.472,4.49,,8.219,1790363112.348,1790363221.628,12.93,demo_booking,customer_hangup,0.0
1790362725,96,5ebcfab7-9a87-40a1-84e0-96dc8c67739e,0,client_only,medium,finalizada,,,6.439878731005592,2.3717288560831995,16.716,2.24,1790363121.731,1790363138.447,,,,,,,,,,,1790363112.74,1790363239.122,,demo_booking,customer_hangup,0.0
1790362725,96,5ebcfab7-9a87-40a1-84e0-96dc8c67739e,1,client_only,short,finalizada,,,13.199966985994251,1.8688802022761362,24.791,0.38,1790363140.819,1790363165.61,,,,,,,,,,,1790363112.74,1790363239.122,,demo_booking,customer_hangup,0.0
1790362725,96,5ebcfab7-9a87-40a1-84e0-96dc8c67739e,2,client_only,long,finalizada,,timeout esperando que el agente empiece a responder,,1.9438850870854703,18.065,3.06,1790363167.48,1790363185.545,,,,,,,,,,,1790363112.74,1790363239.122,,demo_booking,customer_hangup,0.0
1790362725,96,5ebcfab7-9a87-40a1-84e0-96dc8c67739e,3,client_only,long,finalizada,,,8.240413955994882,1.5143031567906273,17.468,3.52,1790363187.489,1790363204.957,,,,,,,,,,,1790363112.74,1790363239.122,,demo_booking,customer_hangup,0.0
1790362725,96,5ebcfab7-9a87-40a1-84e0-96dc8c67739e,4,client_only,short,finalizada,,timeout esperando que el agente empiece a responder,,2.096679586815254,15.482,0.48,1790363206.472,1790363221.954,,,,,,,,,,,1790363112.74,1790363239.122,,demo_booking,customer_hangup,0.0
1790362725,96,5ebcfab7-9a87-40a1-84e0-96dc8c67739e,5,client_only,long,finalizada,,,3.6387695540033747,1.4763178919441369,13.587,3.52,1790363224.052,1790363237.639,,,,,,,,,,,1790363112.74,1790363239.122,,demo_booking,customer_hangup,0.0
1790362725,96,5ebcfab7-9a87-40a1-84e0-96dc8c67739e,0,server_only,,finalizada,,,,,,,,,1.927,1.829,0.099,0.689,1.772,,0.506,3.05,,3.122,1790363112.74,1790363239.122,4.183,demo_booking,customer_hangup,0.0
1790362725,96,5ebcfab7-9a87-40a1-84e0-96dc8c67739e,1,server_only,,finalizada,,,,,,,,,1.009,0.628,0.381,0.925,2.466,,0.667,5.7,,2.6,1790363112.74,1790363239.122,3.183,demo_booking,customer_hangup,0.0
1790362725,96,5ebcfab7-9a87-40a1-84e0-96dc8c67739e,2,server_only,,finalizada,,,,,,,,,0.482,0.0,0.482,1.054,3.233,,0.676,2.81,,2.212,1790363112.74,1790363239.122,4.084,demo_booking,customer_hangup,0.0
1790362725,96,5ebcfab7-9a87-40a1-84e0-96dc8c67739e,3,server_only,,finalizada,,,,,,,,,1.823,1.48,0.343,2.224,9.244,,0.331,12.17,,4.378,1790363112.74,1790363239.122,7.372,demo_booking,customer_hangup,0.0
1790362725,96,5ebcfab7-9a87-40a1-84e0-96dc8c67739e,4,server_only,,finalizada,,,,,,,,,1.711,1.7,0.012,,,,,0.0,,,1790363112.74,1790363239.122,,demo_booking,customer_hangup,0.0
1790362725,96,9ee2f846-7108-4727-b55e-ecc294c8010c,0,client_only,medium,finalizada,,,5.961319132999051,2.18930162195327,21.803,2.6,1790363121.689,1790363143.492,,,,,,,,,,,1790363112.985,1790363223.56,,demo_booking,customer_hangup,0.0
1790362725,96,9ee2f846-7108-4727-b55e-ecc294c8010c,1,client_only,medium,finalizada,,timeout esperando que el agente empiece a responder,,3.548617213140079,17.237,2.24,1790363145.683,1790363162.921,,,,,,,,,,,1790363112.985,1790363223.56,,demo_booking,customer_hangup,0.0
1790362725,96,9ee2f846-7108-4727-b55e-ecc294c8010c,2,client_only,long,finalizada,,,-4.178647180000553,1.792101897123253,4.488,3.52,1790363166.47,1790363170.958,,,,,,,,,,,1790363112.985,1790363223.56,,demo_booking,customer_hangup,0.0
1790362725,96,9ee2f846-7108-4727-b55e-ecc294c8010c,3,client_only,medium,finalizada,,timeout esperando que el agente empiece a responder,,1.4549107895206281,17.248,2.24,1790363172.751,1790363189.999,,,,,,,,,,,1790363112.985,1790363223.56,,demo_booking,customer_hangup,0.0
1790362725,96,9ee2f846-7108-4727-b55e-ecc294c8010c,4,client_only,long,finalizada,,timeout esperando que el agente empiece a responder,,5.899222363890055,18.524,3.52,1790363191.454,1790363209.978,,,,,,,,,,,1790363112.985,1790363223.56,,demo_booking,customer_hangup,0.0
1790362725,96,9ee2f846-7108-4727-b55e-ecc294c8010c,5,client_only,medium,finalizada,,,0.6410301309952047,2.0751563761444722,5.594,2.24,1790363215.878,1790363221.473,,,,,,,,,,,1790363112.985,1790363223.56,,demo_booking,customer_hangup,0.0
1790362725,96,9ee2f846-7108-4727-b55e-ecc294c8010c,0,server_only,,finalizada,,,,,,,,,2.678,2.546,0.132,0.708,1.835,,0.469,6.5,,3.855,1790363112.985,1790363223.56,3.829,demo_booking,customer_hangup,0.0
1790362725,96,9ee2f846-7108-4727-b55e-ecc294c8010c,1,server_only,,finalizada,,,,,,,,,2.1,1.533,0.567,3.956,5.454,,1.452,2.17,,7.507,1790363112.985,1790363223.56,8.914,demo_booking,customer_hangup,0.0
1790362725,96,9ee2f846-7108-4727-b55e-ecc294c8010c,2,server_only,,finalizada,,,,,,,,,2.774,2.327,0.446,1.225,5.635,,0.718,7.39,,4.717,1790363112.985,1790363223.56,16.193,demo_booking,customer_hangup,0.0
1790362725,96,9ee2f846-7108-4727-b55e-ecc294c8010c,3,server_only,,finalizada,,,,,,,,,3.946,3.892,0.054,,,,-1.0,0.0,,,1790363112.985,1790363223.56,,demo_booking,customer_hangup,0.0
1790362725,96,ea80a40c-ef79-4274-a417-e1136f567ffe,0,client_only,short,finalizada,,timeout esperando que el agente empiece a responder,,3.987338131326553,15.476,0.48,1790363122.392,1790363137.868,,,,,,,,,,,1790363113.234,1790363216.011,,demo_booking,customer_hangup,0.0
1790362725,96,ea80a40c-ef79-4274-a417-e1136f567ffe,1,client_only,short,finalizada,,,8.659095367998816,1.489768597595329,12.817,0.32,1790363141.857,1790363154.673,,,,,,,,,,,1790363113.234,1790363216.011,,demo_booking,customer_hangup,0.0
1790362725,96,ea80a40c-ef79-4274-a417-e1136f567ffe,2,client_only,medium,finalizada,,,-4.041053330991417,6.2825254858202095,6.073,2.6,1790363156.163,1790363162.236,,,,,,,,,,,1790363113.234,1790363216.011,,demo_booking,customer_hangup,0.0
1790362725,96,ea80a40c-ef79-4274-a417-e1136f567ffe,3,client_only,medium,finalizada,,,6.478526702005183,1.5847375584463261,12.12,2.24,1790363168.519,1790363180.64,,,,,,,,,,,1790363113.234,1790363216.011,,demo_booking,customer_hangup,0.0
1790362725,96,ea80a40c-ef79-4274-a417-e1136f567ffe,4,client_only,medium,finalizada,,,-3.70087250098004,1.947319091038601,13.857,2.24,1790363182.225,1790363196.081,,,,,,,,,,,1790363113.234,1790363216.011,,demo_booking,customer_hangup,0.0
1790362725,96,ea80a40c-ef79-4274-a417-e1136f567ffe,5,client_only,short,finalizada,,,12.498812204983551,2.8219901608234346,15.048,0.48,1790363198.03,1790363213.078,,,,,,,,,,,1790363113.234,1790363216.011,,demo_booking,customer_hangup,0.0
1790362725,96,ea80a40c-ef79-4274-a417-e1136f567ffe,0,server_only,,finalizada,,,,,,,,,2.075,1.775,0.3,2.663,4.175,,0.591,5.23,,5.329,1790363113.234,1790363216.011,6.567,demo_booking,customer_hangup,0.0
1790362725,96,ea80a40c-ef79-4274-a417-e1136f567ffe,1,server_only,,finalizada,,,,,,,,,1.989,1.872,0.117,1.378,3.021,,0.945,6.42,,4.312,1790363113.234,1790363216.011,5.892,demo_booking,customer_hangup,0.0
1790362725,96,ea80a40c-ef79-4274-a417-e1136f567ffe,2,server_only,,finalizada,,,,,,,,,0.668,0.525,0.143,1.873,4.708,,0.558,4.81,,3.099,1790363113.234,1790363216.011,5.936,demo_booking,customer_hangup,0.0
1790362725,96,16d8d92e-5d0e-430f-b204-a762380c420c,0,client_only,short,finalizada,,timeout esperando que el agente empiece a responder,,2.065768076052603,15.316,0.32,1790363121.849,1790363137.165,,,,,,,,,,,1790363113.484,1790363223.666,,demo_booking,customer_hangup,0.0
1790362725,96,16d8d92e-5d0e-430f-b204-a762380c420c,1,client_only,long,finalizada,,,11.742166122014169,1.2918776502533609,18.089,3.06,1790363139.231,1790363157.32,,,,,,,,,,,1790363113.484,1790363223.666,,demo_booking,customer_hangup,0.0
1790362725,96,16d8d92e-5d0e-430f-b204-a762380c420c,2,client_only,medium,finalizada,,,-3.298089230986079,1.8348067515689854,3.957,2.24,1790363158.612,1790363162.569,,,,,,,,,,,1790363113.484,1790363223.666,,demo_booking,customer_hangup,0.0
1790362725,96,16d8d92e-5d0e-430f-b204-a762380c420c,3,client_only,medium,finalizada,,timeout esperando que el agente empiece a responder,,1.0,17.243,2.24,1790363164.405,1790363181.648,,,,,,,,,,,1790363113.484,1790363223.666,,demo_booking,customer_hangup,0.0
1790362725,96,16d8d92e-5d0e-430f-b204-a762380c420c,4,client_only,short,finalizada,,,11.322347609006101,1.8879760286870833,17.784,0.32,1790363182.65,1790363200.434,,,,,,,,,,,1790363113.484,1790363223.666,,demo_booking,customer_hangup,0.0
1790362725,96,16d8d92e-5d0e-430f-b204-a762380c420c,5,client_only,short,finalizada,,,1.5218280180124566,2.7799863627181662,18.556,0.32,1790363202.323,1790363220.88,,,,,,,,,,,1790363113.484,1790363223.666,,demo_booking,customer_hangup,0.0
1790362725,96,16d8d92e-5d0e-430f-b204-a762380c420c,0,server_only,,finalizada,,,,,,,,,2.485,2.234,0.251,1.363,2.249,,0.484,4.57,,4.332,1790363113.484,1790363223.666,5.153,demo_booking,customer_hangup,0.0
1790362725,96,16d8d92e-5d0e-430f-b204-a762380c420c,1,server_only,,finalizada,,,,,,,,,2.892,2.431,0.461,1.902,6.09,,0.615,6.97,,5.41,1790363113.484,1790363223.666,18.373,demo_booking,customer_hangup,0.0
1790362725,96,16d8d92e-5d0e-430f-b204-a762380c420c,2,server_only,,finalizada,,,,,,,,,8.113,7.878,0.235,2.185,7.361,,0.77,7.78,,11.067,1790363113.484,1790363223.666,11.663,demo_booking,customer_hangup,0.0
1790362725,96,9412df24-a993-4c46-b487-25d40e6b0821,0,client_only,short,finalizada,,,6.894015204015886,8.30946290275848,17.364,0.48,1790363122.391,1790363139.755,,,,,,,,,,,1790363113.724,1790363209.607,,demo_booking,customer_hangup,0.0
1790362725,96,9412df24-a993-4c46-b487-25d40e6b0821,1,client_only,short,finalizada,,timeout esperando que el agente empiece a responder,,1.635859850309107,15.321,0.32,1790363148.065,1790363163.385,,,,,,,,,,,1790363113.724,1790363209.607,,demo_booking,customer_hangup,0.0
1790362725,96,9412df24-a993-4c46-b487-25d40e6b0821,2,client_only,short,finalizada,,,3.1738106640113983,2.143836997013085,8.458,1.0,1790363165.022,1790363173.48,,,,,,,,,,,1790363113.724,1790363209.607,,demo_booking,customer_hangup,0.0
1790362725,96,9412df24-a993-4c46-b487-25d40e6b0821,3,client_only,long,finalizada,,,0.03366069699404761,4.03200099039533,8.335,3.06,1790363175.624,1790363183.959,,,,,,,,,,,1790363113.724,1790363209.607,,demo_booking,customer_hangup,0.0
1790362725,96,9412df24-a993-4c46-b487-25d40e6b0821,4,client_only,short,finalizada,,,11.133991312992293,1.9780769364746928,15.879,1.0,1790363187.992,1790363203.871,,,,,,,,,,,1790363113.724,1790363209.607,,demo_booking,customer_hangup,0.0
1790362725,96,9412df24-a993-4c46-b487-25d40e6b0821,5,client_only,short,finalizada,,,-2.9266450709837954,1.0,2.751,1.0,1790363205.85,1790363208.601,,,,,,,,,,,1790363113.724,1790363209.607,,demo_booking,customer_hangup,0.0
1790362725,96,9412df24-a993-4c46-b487-25d40e6b0821,0,server_only,,finalizada,,,,,,,,,1.376,1.078,0.299,0.776,2.483,,0.398,5.29,,2.551,1790363113.724,1790363209.607,4.134,demo_booking,customer_hangup,0.0
1790362725,96,9412df24-a993-4c46-b487-25d40e6b0821,1,server_only,,finalizada,,,,,,,,,2.924,2.596,0.329,1.32,3.162,,1.732,4.75,,5.976,1790363113.724,1790363209.607,6.846,demo_booking,customer_hangup,0.0
1790362725,96,9412df24-a993-4c46-b487-25d40e6b0821,2,server_only,,finalizada,,,,,,,,,2.875,2.699,0.176,2.319,5.127,,0.896,4.02,,6.09,1790363113.724,1790363209.607,6.809,demo_booking,customer_hangup,0.0
1790362725,96,eeaaef3c-8f61-4196-b956-2117196c6786,0,client_only,medium,finalizada,,,7.004990248999093,4.3949530763160105,12.754,2.6,1790363123.139,1790363135.893,,,,,,,,,,,1790363113.968,1790363214.282,,demo_booking,customer_hangup,0.0
1790362725,96,eeaaef3c-8f61-4196-b956-2117196c6786,1,client_only,medium,finalizada,,,-4.713876638998045,3.8761368371899034,21.359,2.24,1790363140.289,1790363161.648,,,,,,,,,,,1790363113.968,1790363214.282,,demo_booking,customer_hangup,0.0
1790362725,96,eeaaef3c-8f61-4196-b956-2117196c6786,2,client_only,short,finalizada,,,1.245052056008717,2.6217955117921923,7.369,0.32,1790363165.525,1790363172.894,,,,,,,,,,,1790363113.968,1790363214.282,,demo_booking,customer_hangup,0.0
1790362725,96,eeaaef3c-8f61-4196-b956-2117196c6786,3,client_only,long,finalizada,,timeout esperando que el agente empiece a responder,,4.371017108578136,18.516,3.52,1790363175.516,1790363194.032,,,,,,,,,,,1790363113.968,1790363214.282,,demo_booking,customer_hangup,0.0
1790362725,96,eeaaef3c-8f61-4196-b956-2117196c6786,4,client_only,long,finalizada,,,0.0058007519983220845,1.9724051690791273,8.923,3.52,1790363198.404,1790363207.328,,,,,,,,,,,1790363113.968,1790363214.282,,demo_booking,customer_hangup,0.0
1790362725,96,eeaaef3c-8f61-4196-b956-2117196c6786,5,client_only,short,finalizada,,,-1.214161237992812,2.2210009151975525,2.755,0.32,1790363209.301,1790363212.056,,,,,,,,,,,1790363113.968,1790363214.282,,demo_booking,customer_hangup,0.0
1790362725,96,eeaaef3c-8f61-4196-b956-2117196c6786,0,server_only,,finalizada,,,,,,,,,3.203,2.539,0.664,1.673,4.114,,1.06,21.08,,5.936,1790363113.968,1790363214.282,5.509,demo_booking,customer_hangup,0.0
1790362725,96,eeaaef3c-8f61-4196-b956-2117196c6786,1,server_only,,finalizada,,,,,,,,,0.769,0.763,0.006,1.585,3.0,,0.589,3.29,,2.942,1790363113.968,1790363214.282,4.54,demo_booking,customer_hangup,0.0
1790362725,96,eeaaef3c-8f61-4196-b956-2117196c6786,2,server_only,,finalizada,,,,,,,,,2.829,2.788,0.041,1.162,4.074,,1.662,5.47,,5.653,1790363113.968,1790363214.282,7.32,demo_booking,customer_hangup,0.0
1790362725,96,0b0a843f-7a16-4af3-ba2e-bfaa4c53cc26,0,client_only,medium,finalizada,,,7.3310860189958476,3.2255853360382494,14.641,2.12,1790363122.794,1790363137.434,,,,,,,,,,,1790363114.217,1790363240.926,,demo_booking,customer_hangup,0.0
1790362725,96,0b0a843f-7a16-4af3-ba2e-bfaa4c53cc26,1,client_only,medium,finalizada,,,7.931692719022976,1.0,16.341,2.12,1790363140.66,1790363157.001,,,,,,,,,,,1790363114.217,1790363240.926,,demo_booking,customer_hangup,0.0
1790362725,96,0b0a843f-7a16-4af3-ba2e-bfaa4c53cc26,2,client_only,short,finalizada,,timeout esperando que el agente empiece a responder,,1.5429293645377036,16.004,1.0,1790363158.002,1790363174.007,,,,,,,,,,,1790363114.217,1790363240.926,,demo_booking,customer_hangup,0.0
1790362725,96,0b0a843f-7a16-4af3-ba2e-bfaa4c53cc26,3,client_only,short,finalizada,,,9.630499123974005,3.933164566101898,19.45,0.38,1790363175.55,1790363195.001,,,,,,,,,,,1790363114.217,1790363240.926,,demo_booking,customer_hangup,0.0
1790362725,96,0b0a843f-7a16-4af3-ba2e-bfaa4c53cc26,4,client_only,medium,finalizada,,,8.01089821200003,2.1529941108469077,18.744,2.12,1790363198.935,1790363217.678,,,,,,,,,,,1790363114.217,1790363240.926,,demo_booking,customer_hangup,0.0
1790362725,96,0b0a843f-7a16-4af3-ba2e-bfaa4c53cc26,5,client_only,short,finalizada,,timeout esperando que el agente empiece a responder,,5.602730490346303,15.484,0.48,1790363219.832,1790363235.316,,,,,,,,,,,1790363114.217,1790363240.926,,demo_booking,customer_hangup,0.0
1790362725,96,0b0a843f-7a16-4af3-ba2e-bfaa4c53cc26,0,server_only,,finalizada,,,,,,,,,1.651,1.503,0.147,0.677,1.846,,1.003,2.57,,3.33,1790363114.217,1790363240.926,4.697,demo_booking,customer_hangup,0.0
1790362725,96,0b0a843f-7a16-4af3-ba2e-bfaa4c53cc26,1,server_only,,finalizada,,,,,,,,,2.578,2.442,0.136,0.547,1.878,,0.326,2.49,,3.452,1790363114.217,1790363240.926,4.777,demo_booking,customer_hangup,0.0
1790362725,96,0b0a843f-7a16-4af3-ba2e-bfaa4c53cc26,2,server_only,,finalizada,,,,,,,,,2.893,1.072,1.821,2.025,6.106,,0.556,5.13,,5.473,1790363114.217,1790363240.926,9.019,demo_booking,customer_hangup,0.0
1790362725,96,0b0a843f-7a16-4af3-ba2e-bfaa4c53cc26,3,server_only,,finalizada,,,,,,,,,2.318,2.002,0.316,2.269,5.121,,0.447,5.85,,5.034,1790363114.217,1790363240.926,7.77,demo_booking,customer_hangup,0.0
1790362725,96,0b0a843f-7a16-4af3-ba2e-bfaa4c53cc26,4,server_only,,finalizada,,,,,,,,,1.644,1.611,0.033,0.942,3.262,,0.409,5.45,,2.996,1790363114.217,1790363240.926,5.328,demo_booking,customer_hangup,0.0
1790362725,96,939c8a05-b7d3-4be4-84ba-c62a4e1b2254,0,client_only,long,finalizada,,,6.080807795020519,1.0,23.662,3.52,1790363123.164,1790363146.827,,,,,,,,,,,1790363114.467,1790363242.266,,demo_booking,customer_hangup,0.0
1790362725,96,939c8a05-b7d3-4be4-84ba-c62a4e1b2254,1,client_only,long,finalizada,,timeout esperando que el agente empiece a responder,,1.7883401104854084,18.529,3.52,1790363147.827,1790363166.356,,,,,,,,,,,1790363114.467,1790363242.266,,demo_booking,customer_hangup,0.0
1790362725,96,939c8a05-b7d3-4be4-84ba-c62a4e1b2254,2,client_only,short,finalizada,,,2.500493250990985,3.0060596117385745,16.253,0.32,1790363168.145,1790363184.397,,,,,,,,,,,1790363114.467,1790363242.266,,demo_booking,customer_hangup,0.0
1790362725,96,939c8a05-b7d3-4be4-84ba-c62a4e1b2254,3,client_only,medium,finalizada,,,14.079801214014878,1.4346030718094442,23.996,2.12,1790363187.404,1790363211.4,,,,,,,,,,,1790363114.467,1790363242.266,,demo_booking,customer_hangup,0.0
1790362725,96,939c8a05-b7d3-4be4-84ba-c62a4e1b2254,4,client_only,medium,finalizada,,timeout esperando que el agente empiece a responder,,1.0339724427234918,17.242,2.24,1790363212.835,1790363230.077,,,,,,,,,,,1790363114.467,1790363242.266,,demo_booking,customer_hangup,0.0
1790362725,96,939c8a05-b7d3-4be4-84ba-c62a4e1b2254,5,client_only,medium,finalizada,,,-0.5599076839862391,3.1052659598698433,8.043,2.12,1790363231.112,1790363239.155,,,,,,,,,,,1790363114.467,1790363242.266,,demo_booking,customer_hangup,0.0
1790362725,96,939c8a05-b7d3-4be4-84ba-c62a4e1b2254,0,server_only,,finalizada,,,,,,,,,2.199,2.123,0.076,1.005,2.38,,0.995,6.42,,4.199,1790363114.467,1790363242.266,4.524,demo_booking,customer_hangup,0.0
1790362725,96,939c8a05-b7d3-4be4-84ba-c62a4e1b2254,1,server_only,,finalizada,,,,,,,,,3.26,3.129,0.131,1.276,2.643,,0.572,7.3,,5.108,1790363114.467,1790363242.266,6.161,demo_booking,customer_hangup,0.0
1790362725,96,939c8a05-b7d3-4be4-84ba-c62a4e1b2254,2,server_only,,finalizada,,,,,,,,,3.36,3.088,0.272,1.424,3.803,,0.34,4.49,,5.124,1790363114.467,1790363242.266,7.326,demo_booking,customer_hangup,0.0
1790362725,96,939c8a05-b7d3-4be4-84ba-c62a4e1b2254,3,server_only,,finalizada,,,,,,,,,3.347,2.821,0.526,1.747,5.069,,0.521,4.41,,5.615,1790363114.467,1790363242.266,8.708,demo_booking,customer_hangup,0.0
1790362725,96,ad060cce-7a5b-4cfc-bfa0-189b87071862,0,client_only,long,finalizada,,,13.722705847991165,3.290037869654558,24.282,3.52,1790363126.831,1790363151.112,,,,,,,,,,,1790363114.731,1790363232.765,,demo_booking,customer_hangup,0.0
1790362725,96,ad060cce-7a5b-4cfc-bfa0-189b87071862,1,client_only,short,finalizada,,timeout esperando que el agente empiece a responder,,3.037821295381117,15.992,1.0,1790363154.403,1790363170.396,,,,,,,,,,,1790363114.731,1790363232.765,,demo_booking,customer_hangup,0.0
1790362725,96,ad060cce-7a5b-4cfc-bfa0-189b87071862,2,client_only,short,finalizada,,,-0.4573275170114357,2.0991352056923294,8.39,0.32,1790363173.435,1790363181.824,,,,,,,,,,,1790363114.731,1790363232.765,,demo_booking,customer_hangup,0.0
1790362725,96,ad060cce-7a5b-4cfc-bfa0-189b87071862,3,client_only,short,finalizada,,timeout esperando que el agente empiece a responder,,2.1843302267077878,15.991,1.0,1790363183.924,1790363199.916,,,,,,,,,,,1790363114.731,1790363232.765,,demo_booking,customer_hangup,0.0
1790362725,96,ad060cce-7a5b-4cfc-bfa0-189b87071862,4,client_only,short,finalizada,,,0.6422472060075961,1.1494987252748758,13.566,1.0,1790363202.1,1790363215.667,,,,,,,,,,,1790363114.731,1790363232.765,,demo_booking,customer_hangup,0.0
1790362725,96,ad060cce-7a5b-4cfc-bfa0-189b87071862,5,client_only,long,finalizada,,,7.062109738995787,2.738687780064798,13.203,3.06,1790363216.817,1790363230.02,,,,,,,,,,,1790363114.731,1790363232.765,,demo_booking,customer_hangup,0.0
1790362725,96,ad060cce-7a5b-4cfc-bfa0-189b87071862,0,server_only,,finalizada,,,,,,,,,4.153,3.991,0.161,0.908,3.19,,1.304,4.01,,6.365,1790363114.731,1790363232.765,9.336,demo_booking,customer_hangup,0.0
1790362725,96,ad060cce-7a5b-4cfc-bfa0-189b87071862,1,server_only,,finalizada,,,,,,,,,2.66,2.193,0.467,2.319,3.101,,0.867,4.97,,5.846,1790363114.731,1790363232.765,7.654,demo_booking,customer_hangup,0.0
1790362725,96,ad060cce-7a5b-4cfc-bfa0-189b87071862,2,server_only,,finalizada,,,,,,,,,3.76,2.28,1.48,1.857,5.987,,0.292,7.3,,5.91,1790363114.731,1790363232.765,6.744,demo_booking,customer_hangup,0.0
1790362725,96,ad060cce-7a5b-4cfc-bfa0-189b87071862,3,server_only,,finalizada,,,,,,,,,2.13,1.397,0.734,2.408,7.29,,0.55,5.53,,5.088,1790363114.731,1790363232.765,9.378,demo_booking,customer_hangup,0.0
1790362725,96,5516c02c-21a7-4d4d-a669-b5e054cbae9a,0,client_only,short,finalizada,,,8.678871070005698,2.3046394244876365,21.065,1.0,1790363123.944,1790363145.009,,,,,,,,,,,1790363114.975,1790363235.698,,demo_booking,customer_hangup,0.0
1790362725,96,5516c02c-21a7-4d4d-a669-b5e054cbae9a,1,client_only,short,finalizada,,timeout esperando que el agente empiece a responder,,4.178078655776557,16.001,1.0,1790363147.314,1790363163.315,,,,,,,,,,,1790363114.975,1790363235.698,,demo_booking,customer_hangup,0.0
1790362725,96,5516c02c-21a7-4d4d-a669-b5e054cbae9a,2,client_only,long,finalizada,,timeout esperando que el agente empiece a responder,,3.475943363139195,18.522,3.52,1790363167.494,1790363186.016,,,,,,,,,,,1790363114.975,1790363235.698,,demo_booking,customer_hangup,0.0
1790362725,96,5516c02c-21a7-4d4d-a669-b5e054cbae9a,3,client_only,medium,finalizada,,,7.639782310987357,2.0396776328932527,14.003,2.6,1790363189.493,1790363203.495,,,,,,,,,,,1790363114.975,1790363235.698,,demo_booking,customer_hangup,0.0
1790362725,96,5516c02c-21a7-4d4d-a669-b5e054cbae9a,4,client_only,medium,finalizada,,timeout esperando que el agente empiece a responder,,3.9818491941350036,17.129,2.12,1790363205.535,1790363222.664,,,,,,,,,,,1790363114.975,1790363235.698,,demo_booking,customer_hangup,0.0
1790362725,96,5516c02c-21a7-4d4d-a669-b5e054cbae9a,5,client_only,long,finalizada,,,-1.7004255170177203,1.548613342669873,7.497,3.06,1790363226.647,1790363234.144,,,,,,,,,,,1790363114.975,1790363235.698,,demo_booking,customer_hangup,0.0
1790362725,96,5516c02c-21a7-4d4d-a669-b5e054cbae9a,0,server_only,,finalizada,,,,,,,,,2.216,1.797,0.419,1.569,2.526,,0.522,4.73,,4.308,1790363114.975,1790363235.698,4.987,demo_booking,customer_hangup,0.0
1790362725,96,5516c02c-21a7-4d4d-a669-b5e054cbae9a,1,server_only,,finalizada,,,,,,,,,3.933,2.714,1.219,2.396,4.125,,0.427,2.65,,6.756,1790363114.975,1790363235.698,7.685,demo_booking,customer_hangup,0.0
1790362725,96,5516c02c-21a7-4d4d-a669-b5e054cbae9a,2,server_only,,finalizada,,,,,,,,,3.287,2.934,0.353,1.828,2.972,,0.484,2.57,,5.599,1790363114.975,1790363235.698,6.651,demo_booking,customer_hangup,0.0
1790362725,96,5516c02c-21a7-4d4d-a669-b5e054cbae9a,3,server_only,,finalizada,,,,,,,,,4.562,3.813,0.749,1.495,6.138,,0.504,5.21,,6.561,1790363114.975,1790363235.698,10.842,demo_booking,customer_hangup,0.0
1790362725,96,5516c02c-21a7-4d4d-a669-b5e054cbae9a,4,server_only,,finalizada,,,,,,,,,2.246,2.231,0.015,,,,,0.0,,,1790363114.975,1790363235.698,,demo_booking,customer_hangup,0.0
1790362725,96,0e44d3fc-4056-4b95-ad75-54390c7b29d5,0,client_only,medium,finalizada,,,10.14465846301755,1.5906490199388494,23.609,2.6,1790363124.378,1790363147.987,,,,,,,,,,,1790363115.225,1790363235.266,,demo_booking,customer_hangup,0.0
1790362725,96,0e44d3fc-4056-4b95-ad75-54390c7b29d5,1,client_only,medium,finalizada,,timeout esperando que el agente empiece a responder,,2.834091073720115,17.585,2.6,1790363149.578,1790363167.163,,,,,,,,,,,1790363115.225,1790363235.266,,demo_booking,customer_hangup,0.0
1790362725,96,0e44d3fc-4056-4b95-ad75-54390c7b29d5,2,client_only,long,finalizada,,timeout esperando que el agente empiece a responder,,4.760712539161089,18.506,3.52,1790363169.998,1790363188.504,,,,,,,,,,,1790363115.225,1790363235.266,,demo_booking,customer_hangup,0.0
1790362725,96,0e44d3fc-4056-4b95-ad75-54390c7b29d5,3,client_only,long,finalizada,,,-0.8351304109964985,1.6846018913967167,9.058,3.52,1790363193.266,1790363202.324,,,,,,,,,,,1790363115.225,1790363235.266,,demo_booking,customer_hangup,0.0
1790362725,96,0e44d3fc-4056-4b95-ad75-54390c7b29d5,4,client_only,short,finalizada,,timeout esperando que el agente empiece a responder,,3.294555299318235,15.47,0.48,1790363204.01,1790363219.48,,,,,,,,,,,1790363115.225,1790363235.266,,demo_booking,customer_hangup,0.0
1790362725,96,0e44d3fc-4056-4b95-ad75-54390c7b29d5,5,client_only,medium,finalizada,,,1.1846521270053927,2.7615298939855406,9.708,2.12,1790363222.776,1790363232.483,,,,,,,,,,,1790363115.225,1790363235.266,,demo_booking,customer_hangup,0.0
1790362725,96,0e44d3fc-4056-4b95-ad75-54390c7b29d5,0,server_only,,finalizada,,,,,,,,,2.69,2.021,0.669,2.312,3.221,,0.507,5.45,,5.509,1790363115.225,1790363235.266,6.626,demo_booking,customer_hangup,0.0
1790362725,96,0e44d3fc-4056-4b95-ad75-54390c7b29d5,1,server_only,,finalizada,,,,,,,,,6.903,6.894,0.009,1.73,4.063,,0.939,5.29,,9.573,1790363115.225,1790363235.266,12.786,demo_booking,customer_hangup,0.0
1790362725,96,0e44d3fc-4056-4b95-ad75-54390c7b29d5,2,server_only,,finalizada,,,,,,,,,7.189,6.41,0.778,2.439,4.586,,1.575,3.61,,11.203,1790363115.225,1790363235.266,13.343,demo_booking,customer_hangup,0.0
1790362725,96,6a0a72f1-6f52-4522-99eb-5810a599ad7c,0,client_only,short,finalizada,,timeout esperando que el agente empiece a responder,,1.6740059938269778,15.375,0.38,1790363124.57,1790363139.944,,,,,,,,,,,1790363115.474,1790363212.027,,demo_booking,customer_hangup,0.0
1790362725,96,6a0a72f1-6f52-4522-99eb-5810a599ad7c,1,client_only,short,finalizada,,,8.673143205989618,1.0,13.265,0.38,1790363141.619,1790363154.884,,,,,,,,,,,1790363115.474,1790363212.027,,demo_booking,customer_hangup,0.0
1790362725,96,6a0a72f1-6f52-4522-99eb-5810a599ad7c,2,client_only,short,finalizada,,timeout esperando que el agente empiece a responder,,2.839333351601183,15.478,0.48,1790363155.885,1790363171.363,,,,,,,,,,,1790363115.474,1790363212.027,,demo_booking,customer_hangup,0.0
1790362725,96,6a0a72f1-6f52-4522-99eb-5810a599ad7c,3,client_only,short,finalizada,,,-0.6866255439817905,1.5813462629131116,6.472,0.48,1790363174.204,1790363180.676,,,,,,,,,,,1790363115.474,1790363212.027,,demo_booking,customer_hangup,0.0
1790362725,96,6a0a72f1-6f52-4522-99eb-5810a599ad7c,4,client_only,short,finalizada,,timeout esperando que el agente empiece a responder,,1.2018546223868891,15.999,1.0,1790363182.257,1790363198.256,,,,,,,,,,,1790363115.474,1790363212.027,,demo_booking,customer_hangup,0.0
1790362725,96,6a0a72f1-6f52-4522-99eb-5810a599ad7c,5,client_only,long,finalizada,,,-3.8261405670200475,2.867183026347194,9.696,3.52,1790363199.459,1790363209.154,,,,,,,,,,,1790363115.474,1790363212.027,,demo_booking,customer_hangup,0.0
1790362725,96,6a0a72f1-6f52-4522-99eb-5810a599ad7c,0,server_only,,finalizada,,,,,,,,,2.994,2.957,0.037,2.2,2.97,,0.501,2.25,,5.694,1790363115.474,1790363212.027,6.441,demo_booking,customer_hangup,0.0
1790362725,96,6a0a72f1-6f52-4522-99eb-5810a599ad7c,1,server_only,,finalizada,,,,,,,,,0.0,0.0,0.0,1.066,2.85,,0.343,2.81,,1.409,1790363115.474,1790363212.027,,demo_booking,customer_hangup,0.0
1790362725,96,6a0a72f1-6f52-4522-99eb-5810a599ad7c,2,server_only,,finalizada,,,,,,,,,3.763,3.121,0.641,2.196,3.397,,0.522,3.13,,6.481,1790363115.474,1790363212.027,7.12,demo_booking,customer_hangup,0.0
1790362725,96,5b13858c-552d-4f83-acae-3d3061814035,0,paired,medium,finalizada,,,8.203663853986654,2.4197137453047137,25.402,2.24,1790363126.615,1790363152.017,2.771,1.847,0.923,2.118,3.857,,1.064,6.1,,5.952,1790363115.045,1790363250.535,5.807,demo_booking,customer_hangup,0.0
1790362725,96,5b13858c-552d-4f83-acae-3d3061814035,1,paired,short,finalizada,,timeout esperando que el agente empiece a responder,,1.0,15.324,0.32,1790363154.438,1790363169.763,2.633,2.198,0.435,2.618,4.839,,2.082,5.54,,7.333,1790363115.045,1790363250.535,7.992,demo_booking,customer_hangup,0.0
1790362725,96,5b13858c-552d-4f83-acae-3d3061814035,2,paired,short,finalizada,,,8.282317475997843,3.494616266919345,18.839,1.0,1790363170.764,1790363189.603,1.35,1.122,0.228,0.729,3.516,,0.377,3.61,,2.456,1790363115.045,1790363250.535,5.159,demo_booking,customer_hangup,0.0
1790362725,96,5b13858c-552d-4f83-acae-3d3061814035,3,paired,short,finalizada,,,10.863263503997587,2.399757500345701,18.747,0.32,1790363193.098,1790363211.845,0.0,0.0,0.0,0.684,5.982,,0.698,4.82,,1.382,1790363115.045,1790363250.535,,demo_booking,customer_hangup,0.0
1790362725,96,5b13858c-552d-4f83-acae-3d3061814035,4,paired,long,finalizada,,,8.16455933600082,2.8372450371631195,18.159,3.52,1790363214.245,1790363232.404,2.512,2.276,0.236,1.049,2.152,,0.364,7.86,,3.926,1790363115.045,1790363250.535,4.185,demo_booking,customer_hangup,0.0
1790362725,96,5b13858c-552d-4f83-acae-3d3061814035,5,paired,medium,finalizada,,,5.123889337002765,1.4275333454563575,13.854,2.12,1790363235.242,1790363249.095,1.322,1.303,0.019,,,,,0.0,,,1790363115.045,1790363250.535,,demo_booking,customer_hangup,0.0
1790362725,96,355a630e-a235-41e4-9db6-637f9fd490ac,0,client_only,short,finalizada,,timeout esperando que el agente empiece a responder,,6.270766089483095,15.476,0.48,1790363124.38,1790363139.855,,,,,,,,,,,1790363115.287,1790363237.221,,demo_booking,customer_hangup,0.0
1790362725,96,355a630e-a235-41e4-9db6-637f9fd490ac,1,client_only,short,finalizada,,,9.540403225983027,4.939663898376194,14.521,0.38,1790363146.127,1790363160.649,,,,,,,,,,,1790363115.287,1790363237.221,,demo_booking,customer_hangup,0.0
1790362725,96,355a630e-a235-41e4-9db6-637f9fd490ac,2,client_only,medium,finalizada,,timeout esperando que el agente empiece a responder,,5.705317182601315,17.249,2.24,1790363165.589,1790363182.839,,,,,,,,,,,1790363115.287,1790363237.221,,demo_booking,customer_hangup,0.0
1790362725,96,355a630e-a235-41e4-9db6-637f9fd490ac,3,client_only,short,finalizada,,,4.500242440990405,1.0,14.783,0.32,1790363188.545,1790363203.328,,,,,,,,,,,1790363115.287,1790363237.221,,demo_booking,customer_hangup,0.0
1790362725,96,355a630e-a235-41e4-9db6-637f9fd490ac,4,client_only,long,finalizada,,timeout esperando que el agente empiece a responder,,1.6926426605074227,18.07,3.06,1790363204.329,1790363222.399,,,,,,,,,,,1790363115.287,1790363237.221,,demo_booking,customer_hangup,0.0
1790362725,96,355a630e-a235-41e4-9db6-637f9fd490ac,5,client_only,short,finalizada,,,1.2797127880039625,1.8074382126417075,11.315,0.32,1790363224.093,1790363235.408,,,,,,,,,,,1790363115.287,1790363237.221,,demo_booking,customer_hangup,0.0
1790362725,96,355a630e-a235-41e4-9db6-637f9fd490ac,0,server_only,,finalizada,,,,,,,,,2.422,1.934,0.488,2.255,2.367,,0.886,2.25,,5.562,1790363115.287,1790363237.221,5.652,demo_booking,customer_hangup,0.0
1790362725,96,355a630e-a235-41e4-9db6-637f9fd490ac,1,server_only,,finalizada,,,,,,,,,4.8,4.401,0.398,2.431,6.755,,1.083,5.29,,8.314,1790363115.287,1790363237.221,12.602,demo_booking,customer_hangup,0.0
1790362725,96,355a630e-a235-41e4-9db6-637f9fd490ac,2,server_only,,finalizada,,,,,,,,,2.246,2.066,0.18,2.061,6.718,,0.495,4.89,,4.801,1790363115.287,1790363237.221,9.498,demo_booking,customer_hangup,0.0
1790362725,96,83378ebe-9516-477a-857a-326cde337a8e,0,client_only,short,finalizada,,,8.212353083014023,3.2344758143899695,17.688,0.48,1790363124.866,1790363142.554,,,,,,,,,,,1790363115.536,1790363249.339,,demo_booking,customer_hangup,0.0
1790362725,96,83378ebe-9516-477a-857a-326cde337a8e,1,client_only,long,finalizada,,timeout esperando que el agente empiece a responder,,2.009199013314137,18.059,3.06,1790363145.789,1790363163.848,,,,,,,,,,,1790363115.536,1790363249.339,,demo_booking,customer_hangup,0.0
1790362725,96,83378ebe-9516-477a-857a-326cde337a8e,2,client_only,short,finalizada,,,1.0929903270152863,1.7708796372863087,10.728,0.48,1790363165.858,1790363176.586,,,,,,,,,,,1790363115.536,1790363249.339,,demo_booking,customer_hangup,0.0
1790362725,96,83378ebe-9516-477a-857a-326cde337a8e,3,client_only,short,finalizada,,,12.153383690019837,2.2984704485299186,24.909,1.0,1790363178.358,1790363203.267,,,,,,,,,,,1790363115.536,1790363249.339,,demo_booking,customer_hangup,0.0
1790362725,96,83378ebe-9516-477a-857a-326cde337a8e,4,client_only,long,finalizada,,,9.873033580981428,2.1485351299578497,22.103,3.52,1790363205.567,1790363227.67,,,,,,,,,,,1790363115.536,1790363249.339,,demo_booking,customer_hangup,0.0
1790362725,96,83378ebe-9516-477a-857a-326cde337a8e,5,client_only,short,finalizada,,timeout esperando que el agente empiece a responder,,3.5142374978904223,16.0,1.0,1790363229.819,1790363245.819,,,,,,,,,,,1790363115.536,1790363249.339,,demo_booking,customer_hangup,0.0
1790362725,96,83378ebe-9516-477a-857a-326cde337a8e,0,server_only,,finalizada,,,,,,,,,1.495,1.418,0.077,1.077,2.421,,0.646,5.13,,3.217,1790363115.536,1790363249.339,5.164,demo_booking,customer_hangup,0.0
1790362725,96,83378ebe-9516-477a-857a-326cde337a8e,1,server_only,,finalizada,,,,,,,,,3.56,3.429,0.131,1.487,3.381,,0.606,4.81,,5.652,1790363115.536,1790363249.339,7.622,demo_booking,customer_hangup,0.0
1790362725,96,83378ebe-9516-477a-857a-326cde337a8e,2,server_only,,finalizada,,,,,,,,,2.395,2.236,0.159,1.768,3.436,,0.77,5.13,,4.933,1790363115.536,1790363249.339,6.83,demo_booking,customer_hangup,0.0
1790362725,96,83378ebe-9516-477a-857a-326cde337a8e,3,server_only,,finalizada,,,,,,,,,3.053,2.831,0.222,1.096,4.417,,0.279,5.05,,4.428,1790363115.536,1790363249.339,7.812,demo_booking,customer_hangup,0.0
1790362725,96,83378ebe-9516-477a-857a-326cde337a8e,4,server_only,,finalizada,,,,,,,,,3.206,2.824,0.382,0.829,2.696,,0.248,6.41,,4.283,1790363115.536,1790363249.339,5.925,demo_booking,customer_hangup,0.0
1790362725,96,62af020a-16e2-427b-8835-38fdf4f16fc7,0,client_only,long,finalizada,,,7.153682090982329,7.128496715844826,24.947,3.52,1790363125.666,1790363150.613,,,,,,,,,,,1790363115.787,1790363240.842,,demo_booking,customer_hangup,0.0
1790362725,96,62af020a-16e2-427b-8835-38fdf4f16fc7,1,client_only,short,finalizada,,timeout esperando que el agente empiece a responder,,1.0,15.319,0.32,1790363157.742,1790363173.061,,,,,,,,,,,1790363115.787,1790363240.842,,demo_booking,customer_hangup,0.0
1790362725,96,62af020a-16e2-427b-8835-38fdf4f16fc7,2,client_only,long,finalizada,,,-0.7066665070015006,5.789346418990123,17.499,3.06,1790363174.062,1790363191.562,,,,,,,,,,,1790363115.787,1790363240.842,,demo_booking,customer_hangup,0.0
1790362725,96,62af020a-16e2-427b-8835-38fdf4f16fc7,3,client_only,short,finalizada,,,11.493799449002836,3.0169673243941095,16.696,0.48,1790363197.351,1790363214.047,,,,,,,,,,,1790363115.787,1790363240.842,,demo_booking,customer_hangup,0.0
1790362725,96,62af020a-16e2-427b-8835-38fdf4f16fc7,4,client_only,medium,finalizada,,,-4.926540619984735,1.110390265188001,2.516,2.12,1790363217.065,1790363219.58,,,,,,,,,,,1790363115.787,1790363240.842,,demo_booking,customer_hangup,0.0
1790362725,96,62af020a-16e2-427b-8835-38fdf4f16fc7,5,client_only,medium,finalizada,,timeout esperando que el agente empiece a responder,,2.9094672372503374,17.236,2.24,1790363220.691,1790363237.928,,,,,,,,,,,1790363115.787,1790363240.842,,demo_booking,customer_hangup,0.0
1790362725,96,62af020a-16e2-427b-8835-38fdf4f16fc7,0,server_only,,finalizada,,,,,,,,,2.425,2.231,0.193,1.319,3.354,,0.436,7.62,,4.18,1790363115.787,1790363240.842,4.542,demo_booking,customer_hangup,0.0
1790362725,96,62af020a-16e2-427b-8835-38fdf4f16fc7,1,server_only,,finalizada,,,,,,,,,3.541,2.945,0.596,2.101,3.765,,1.44,9.86,,7.082,1790363115.787,1790363240.842,6.738,demo_booking,customer_hangup,0.0
1790362725,96,62af020a-16e2-427b-8835-38fdf4f16fc7,2,server_only,,finalizada,,,,,,,,,4.348,3.632,0.717,2.022,4.428,,0.354,5.37,,6.725,1790363115.787,1790363240.842,9.204,demo_booking,customer_hangup,0.0
1790362725,96,62af020a-16e2-427b-8835-38fdf4f16fc7,3,server_only,,finalizada,,,,,,,,,4.189,3.931,0.258,1.32,3.925,,0.792,4.57,,6.301,1790363115.787,1790363240.842,8.784,demo_booking,customer_hangup,0.0
1790362725,96,a07fd779-2009-4a6f-80c5-a2fc1dea50ef,0,client_only,medium,finalizada,,,9.700630534993252,1.6819275088481764,20.245,2.6,1790363125.048,1790363145.294,,,,,,,,,,,1790363116.472,1790363251.035,,demo_booking,customer_hangup,0.0
1790362725,96,a07fd779-2009-4a6f-80c5-a2fc1dea50ef,1,client_only,short,finalizada,,,14.319595912005752,1.3606671997665944,32.603,0.32,1790363146.977,1790363179.58,,,,,,,,,,,1790363116.472,1790363251.035,,demo_booking,customer_hangup,0.0
1790362725,96,a07fd779-2009-4a6f-80c5-a2fc1dea50ef,2,client_only,short,finalizada,,timeout esperando que el agente empiece a responder,,1.5703175203048492,15.313,0.32,1790363180.941,1790363196.255,,,,,,,,,,,1790363116.472,1790363251.035,,demo_booking,customer_hangup,0.0
1790362725,96,a07fd779-2009-4a6f-80c5-a2fc1dea50ef,3,client_only,short,finalizada,,timeout esperando que el agente empiece a responder,,1.433730397699803,15.99,1.0,1790363197.826,1790363213.816,,,,,,,,,,,1790363116.472,1790363251.035,,demo_booking,customer_hangup,0.0
1790362725,96,a07fd779-2009-4a6f-80c5-a2fc1dea50ef,4,client_only,short,finalizada,,,2.240321486024186,1.103411703568713,12.373,0.48,1790363215.25,1790363227.623,,,,,,,,,,,1790363116.472,1790363251.035,,demo_booking,customer_hangup,0.0
1790362725,96,a07fd779-2009-4a6f-80c5-a2fc1dea50ef,5,client_only,short,finalizada,,,10.959951872006059,3.5119723816502026,18.781,0.38,1790363228.727,1790363247.508,,,,,,,,,,,1790363116.472,1790363251.035,,demo_booking,customer_hangup,0.0
1790362725,96,a07fd779-2009-4a6f-80c5-a2fc1dea50ef,0,server_only,,finalizada,,,,,,,,,2.688,2.221,0.467,1.552,2.946,,0.821,6.26,,5.061,1790363116.472,1790363251.035,6.148,demo_booking,customer_hangup,0.0
1790362725,96,a07fd779-2009-4a6f-80c5-a2fc1dea50ef,1,server_only,,finalizada,,,,,,,,,3.671,3.63,0.041,1.032,3.862,,0.301,9.86,,5.004,1790363116.472,1790363251.035,5.269,demo_booking,customer_hangup,0.0
1790362725,96,a07fd779-2009-4a6f-80c5-a2fc1dea50ef,2,server_only,,finalizada,,,,,,,,,3.243,2.92,0.323,2.021,4.569,,0.941,3.94,,6.205,1790363116.472,1790363251.035,6.153,demo_booking,customer_hangup,0.0
1790362725,96,a07fd779-2009-4a6f-80c5-a2fc1dea50ef,3,server_only,,finalizada,,,,,,,,,2.091,1.899,0.192,0.783,2.854,,0.67,8.34,,3.544,1790363116.472,1790363251.035,3.785,demo_booking,customer_hangup,0.0
1790362725,96,a07fd779-2009-4a6f-80c5-a2fc1dea50ef,4,server_only,,finalizada,,,,,,,,,1.617,1.615,0.002,0.65,2.28,,0.173,4.38,,2.44,1790363116.472,1790363251.035,2.656,demo_booking,customer_hangup,0.0
1790362725,96,c60ec430-56b0-4898-bcc2-567c850ee62b,0,client_only,short,finalizada,,timeout esperando que el agente empiece a responder,,3.0262179623071943,15.372,0.38,1790363125.538,1790363140.91,,,,,,,,,,,1790363116.712,1790363247.317,,demo_booking,customer_hangup,0.0
1790362725,96,c60ec430-56b0-4898-bcc2-567c850ee62b,1,client_only,medium,finalizada,,,11.491305111994734,3.0610481003231107,29.053,2.24,1790363143.938,1790363172.99,,,,,,,,,,,1790363116.712,1790363247.317,,demo_booking,customer_hangup,0.0
1790362725,96,c60ec430-56b0-4898-bcc2-567c850ee62b,2,client_only,medium,finalizada,,timeout esperando que el agente empiece a responder,,1.6683116464821084,17.23,2.24,1790363176.052,1790363193.282,,,,,,,,,,,1790363116.712,1790363247.317,,demo_booking,customer_hangup,0.0
1790362725,96,c60ec430-56b0-4898-bcc2-567c850ee62b,3,client_only,short,finalizada,,timeout esperando que el agente empiece a responder,,2.535747719852699,15.997,1.0,1790363194.952,1790363210.949,,,,,,,,,,,1790363116.712,1790363247.317,,demo_booking,customer_hangup,0.0
1790362725,96,c60ec430-56b0-4898-bcc2-567c850ee62b,4,client_only,short,finalizada,,,-2.3088831869827118,1.0,13.293,1.0,1790363213.485,1790363226.778,,,,,,,,,,,1790363116.712,1790363247.317,,demo_booking,customer_hangup,0.0
1790362725,96,c60ec430-56b0-4898-bcc2-567c850ee62b,5,client_only,long,finalizada,,,8.810853481001686,2.3204829458545873,17.212,3.06,1790363227.779,1790363244.991,,,,,,,,,,,1790363116.712,1790363247.317,,demo_booking,customer_hangup,0.0
1790362725,96,c60ec430-56b0-4898-bcc2-567c850ee62b,0,server_only,,finalizada,,,,,,,,,1.814,1.517,0.297,1.232,3.046,,0.826,8.98,,3.872,1790363116.712,1790363247.317,5.096,demo_booking,customer_hangup,0.0
1790362725,96,c60ec430-56b0-4898-bcc2-567c850ee62b,1,server_only,,finalizada,,,,,,,,,1.985,1.459,0.526,2.546,6.066,,0.609,6.9,,5.14,1790363116.712,1790363247.317,5.88,demo_booking,customer_hangup,0.0
1790362725,96,c60ec430-56b0-4898-bcc2-567c850ee62b,2,server_only,,finalizada,,,,,,,,,1.452,1.308,0.144,1.323,2.807,,0.438,4.09,,3.214,1790363116.712,1790363247.317,4.634,demo_booking,customer_hangup,0.0
1790362725,96,c60ec430-56b0-4898-bcc2-567c850ee62b,3,server_only,,finalizada,,,,,,,,,0.632,0.574,0.059,,,,,0.0,,,1790363116.712,1790363247.317,,demo_booking,customer_hangup,0.0
1790362725,96,22b005e9-ca01-4cb0-8d04-8821fe7b439f,0,client_only,short,finalizada,,,8.939820119005162,2.0337632041635967,18.055,1.0,1790363126.57,1790363144.625,,,,,,,,,,,1790363116.963,1790363212.303,,demo_booking,customer_hangup,0.0
1790362725,96,22b005e9-ca01-4cb0-8d04-8821fe7b439f,1,client_only,long,finalizada,,timeout esperando que el agente empiece a responder,,1.892209287760276,18.068,3.06,1790363146.659,1790363164.727,,,,,,,,,,,1790363116.963,1790363212.303,,demo_booking,customer_hangup,0.0
1790362725,96,22b005e9-ca01-4cb0-8d04-8821fe7b439f,2,client_only,short,finalizada,,,2.380089554004371,1.3538662070734966,7.278,0.38,1790363166.62,1790363173.899,,,,,,,,,,,1790363116.963,1790363212.303,,demo_booking,customer_hangup,0.0
1790362725,96,22b005e9-ca01-4cb0-8d04-8821fe7b439f,3,client_only,short,finalizada,,,-1.1999049840087537,1.7582650144457372,7.054,0.48,1790363175.253,1790363182.307,,,,,,,,,,,1790363116.963,1790363212.303,,demo_booking,customer_hangup,0.0
1790362725,96,22b005e9-ca01-4cb0-8d04-8821fe7b439f,4,client_only,medium,finalizada,,timeout esperando que el agente empiece a responder,,2.862801602365097,17.113,2.12,1790363184.066,1790363201.179,,,,,,,,,,,1790363116.963,1790363212.303,,demo_booking,customer_hangup,0.0
1790362725,96,22b005e9-ca01-4cb0-8d04-8821fe7b439f,5,client_only,medium,finalizada,,,-0.421441272017546,2.274952085511966,5.978,2.24,1790363204.043,1790363210.02,,,,,,,,,,,1790363116.963,1790363212.303,,demo_booking,customer_hangup,0.0
1790362725,96,22b005e9-ca01-4cb0-8d04-8821fe7b439f,0,server_only,,finalizada,,,,,,,,,2.515,2.104,0.411,2.314,2.703,,0.454,4.41,,5.283,1790363116.963,1790363212.303,5.771,demo_booking,customer_hangup,0.0
1790362725,96,22b005e9-ca01-4cb0-8d04-8821fe7b439f,1,server_only,,finalizada,,,,,,,,,2.351,2.201,0.15,2.08,3.692,,0.643,4.73,,5.074,1790363116.963,1790363212.303,6.616,demo_booking,customer_hangup,0.0
1790362725,96,22b005e9-ca01-4cb0-8d04-8821fe7b439f,2,server_only,,finalizada,,,,,,,,,1.83,1.437,0.393,1.701,4.364,,0.401,4.17,,3.932,1790363116.963,1790363212.303,6.264,demo_booking,customer_hangup,0.0
1790362725,96,d93c801c-4b59-451c-9060-d9d592086e35,0,client_only,long,finalizada,,,9.91932845901465,2.3795606269970966,26.839,3.52,1790363126.38,1790363153.219,,,,,,,,,,,1790363117.213,1790363247.632,,demo_booking,customer_hangup,0.0
1790362725,96,d93c801c-4b59-451c-9060-d9d592086e35,1,client_only,long,finalizada,,timeout esperando que el agente empiece a responder,,1.6342754961116108,18.052,3.06,1790363155.599,1790363173.652,,,,,,,,,,,1790363117.213,1790363247.632,,demo_booking,customer_hangup,0.0
1790362725,96,d93c801c-4b59-451c-9060-d9d592086e35,2,client_only,medium,finalizada,,,5.958810488984454,2.87720846664836,16.683,2.12,1790363175.287,1790363191.97,,,,,,,,,,,1790363117.213,1790363247.632,,demo_booking,customer_hangup,0.0
1790362725,96,d93c801c-4b59-451c-9060-d9d592086e35,3,client_only,short,finalizada,,timeout esperando que el agente empiece a responder,,1.7739068028246394,15.481,0.48,1790363194.848,1790363210.329,,,,,,,,,,,1790363117.213,1790363247.632,,demo_booking,customer_hangup,0.0
1790362725,96,d93c801c-4b59-451c-9060-d9d592086e35,4,client_only,short,finalizada,,,-1.2216580210078973,2.5801049726146563,12.677,1.0,1790363212.104,1790363224.781,,,,,,,,,,,1790363117.213,1790363247.632,,demo_booking,customer_hangup,0.0
1790362725,96,d93c801c-4b59-451c-9060-d9d592086e35,5,client_only,long,finalizada,,,5.1587183259835,3.58401674165352,16.68,3.52,1790363227.362,1790363244.042,,,,,,,,,,,1790363117.213,1790363247.632,,demo_booking,customer_hangup,0.0
1790362725,96,d93c801c-4b59-451c-9060-d9d592086e35,0,server_only,,finalizada,,,,,,,,,2.987,2.519,0.468,2.043,3.767,,0.947,7.7,,5.978,1790363117.213,1790363247.632,6.784,demo_booking,customer_hangup,0.0
1790362725,96,d93c801c-4b59-451c-9060-d9d592086e35,1,server_only,,finalizada,,,,,,,,,3.172,2.425,0.747,3.047,6.083,,0.55,5.77,,6.77,1790363117.213,1790363247.632,9.72,demo_booking,customer_hangup,0.0
1790362725,96,d93c801c-4b59-451c-9060-d9d592086e35,2,server_only,,finalizada,,,,,,,,,1.242,1.092,0.149,0.894,5.136,,0.987,6.49,,3.122,1790363117.213,1790363247.632,7.875,demo_booking,customer_hangup,0.0
1790362725,96,d93c801c-4b59-451c-9060-d9d592086e35,3,server_only,,finalizada,,,,,,,,,1.458,1.417,0.04,0.861,3.389,,0.157,6.17,,2.476,1790363117.213,1790363247.632,4.974,demo_booking,customer_hangup,0.0
1790362725,96,d93c801c-4b59-451c-9060-d9d592086e35,4,server_only,,finalizada,,,,,,,,,1.827,1.74,0.086,,,,,0.0,,,1790363117.213,1790363247.632,,demo_booking,customer_hangup,0.0
1790362725,96,d7e44590-c806-4bd7-9c37-9a9f7e418dd2,0,paired,long,finalizada,,,7.785663736023707,3.04837407905622,32.782,3.52,1790363126.211,1790363158.993,2.748,2.508,0.24,1.115,2.888,,0.636,10.67,,4.498,1790363117.056,1790363258.97,4.558,demo_booking,customer_hangup,0.0
1790362725,96,d7e44590-c806-4bd7-9c37-9a9f7e418dd2,1,paired,short,finalizada,,timeout esperando que el agente empiece a responder,,3.7231693930749423,15.999,1.0,1790363162.042,1790363178.04,3.519,3.194,0.325,0.862,3.246,,0.953,3.77,,5.334,1790363117.056,1790363258.97,7.515,demo_booking,customer_hangup,0.0
1790362725,96,d7e44590-c806-4bd7-9c37-9a9f7e418dd2,2,paired,short,finalizada,,,9.746117705013603,7.671972581369093,17.871,1.0,1790363181.764,1790363199.635,1.141,0.992,0.15,1.631,3.979,,0.482,5.29,,3.255,1790363117.056,1790363258.97,5.825,demo_booking,customer_hangup,0.0
1790362725,96,d7e44590-c806-4bd7-9c37-9a9f7e418dd2,3,paired,short,finalizada,,,8.045958543982124,1.7435294985122065,17.517,0.48,1790363207.308,1790363224.824,0.0,0.0,0.0,0.447,1.297,,0.255,5.05,,0.702,1790363117.056,1790363258.97,,demo_booking,customer_hangup,0.0
1790362725,96,d7e44590-c806-4bd7-9c37-9a9f7e418dd2,4,paired,short,finalizada,,,14.185663768992526,1.4329873002052578,21.494,0.48,1790363226.568,1790363248.063,1.614,1.552,0.062,0.632,2.028,,0.195,5.53,,2.441,1790363117.056,1790363258.97,3.822,demo_booking,customer_hangup,0.0
1790362725,96,d7e44590-c806-4bd7-9c37-9a9f7e418dd2,5,paired,short,finalizada,,,1.4453028819989413,3.8160294437146756,5.653,0.48,1790363249.496,1790363255.149,0.797,0.785,0.012,0.836,2.642,,0.135,3.97,,1.768,1790363117.056,1790363258.97,3.604,demo_booking,customer_hangup,0.0
1790362725,96,c0426aae-bee0-47f2-9ed0-3b2bafc47f85,0,client_only,short,finalizada,,,6.316677261987934,1.0,16.903,0.32,1790363126.65,1790363143.552,,,,,,,,,,,1790363117.297,1790363246.899,,demo_booking,customer_hangup,0.0
1790362725,96,c0426aae-bee0-47f2-9ed0-3b2bafc47f85,1,client_only,long,finalizada,,timeout esperando que el agente empiece a responder,,2.480151231713115,18.529,3.52,1790363144.553,1790363163.081,,,,,,,,,,,1790363117.297,1790363246.899,,demo_booking,customer_hangup,0.0
1790362725,96,c0426aae-bee0-47f2-9ed0-3b2bafc47f85,2,client_only,long,finalizada,,,1.535291021980811,10.0,18.122,3.06,1790363165.562,1790363183.684,,,,,,,,,,,1790363117.297,1790363246.899,,demo_booking,customer_hangup,0.0
1790362725,96,c0426aae-bee0-47f2-9ed0-3b2bafc47f85,3,client_only,medium,finalizada,,,11.516576549009187,4.153462408658209,22.518,2.6,1790363193.686,1790363216.204,,,,,,,,,,,1790363117.297,1790363246.899,,demo_booking,customer_hangup,0.0
1790362725,96,c0426aae-bee0-47f2-9ed0-3b2bafc47f85,4,client_only,short,finalizada,,timeout esperando que el agente empiece a responder,,1.1331165992751926,15.475,0.48,1790363220.358,1790363235.833,,,,,,,,,,,1790363117.297,1790363246.899,,demo_booking,customer_hangup,0.0
1790362725,96,c0426aae-bee0-47f2-9ed0-3b2bafc47f85,5,client_only,long,finalizada,,,-3.203812049003318,1.7391370100058476,8.187,3.52,1790363236.967,1790363245.154,,,,,,,,,,,1790363117.297,1790363246.899,,demo_booking,customer_hangup,0.0
1790362725,96,c0426aae-bee0-47f2-9ed0-3b2bafc47f85,0,server_only,,finalizada,,,,,,,,,2.471,2.188,0.283,1.175,2.222,,1.431,3.86,,5.077,1790363117.297,1790363246.899,5.486,demo_booking,customer_hangup,0.0
1790362725,96,c0426aae-bee0-47f2-9ed0-3b2bafc47f85,1,server_only,,finalizada,,,,,,,,,5.238,4.9,0.338,0.719,2.166,,1.706,6.75,,7.663,1790363117.297,1790363246.899,8.095,demo_booking,customer_hangup,0.0
1790362725,96,c0426aae-bee0-47f2-9ed0-3b2bafc47f85,2,server_only,,finalizada,,,,,,,,,2.763,2.575,0.188,2.397,4.29,,0.317,4.49,,5.477,1790363117.297,1790363246.899,7.305,demo_booking,customer_hangup,0.0
1790362725,96,c0426aae-bee0-47f2-9ed0-3b2bafc47f85,3,server_only,,finalizada,,,,,,,,,2.517,2.396,0.121,1.175,3.782,,0.54,6.02,,4.232,1790363117.297,1790363246.899,5.722,demo_booking,customer_hangup,0.0
1790362725,96,aa22201e-4996-42ef-80a0-8748edd73240,0,paired,long,finalizada,,,12.495867362013087,2.36617499273714,31.456,3.52,1790363127.001,1790363158.456,5.209,4.609,0.6,2.174,4.929,,0.428,8.59,,7.81,1790363117.546,1790363258.032,7.347,demo_booking,customer_hangup,0.0
1790362725,96,aa22201e-4996-42ef-80a0-8748edd73240,1,paired,medium,finalizada,,timeout esperando que el agente empiece a responder,,4.146228735581988,17.136,2.12,1790363160.823,1790363177.959,2.25,1.705,0.546,1.737,4.01,,0.223,4.89,,4.21,1790363117.546,1790363258.032,6.19,demo_booking,customer_hangup,0.0
1790362725,96,aa22201e-4996-42ef-80a0-8748edd73240,2,paired,short,finalizada,,,14.37647307899897,2.321263855507642,23.172,0.32,1790363182.106,1790363205.278,1.164,0.227,0.937,1.514,5.72,,0.655,7.69,,3.333,1790363117.546,1790363258.032,7.267,demo_booking,customer_hangup,0.0
1790362725,96,aa22201e-4996-42ef-80a0-8748edd73240,3,paired,short,finalizada,,timeout esperando que el agente empiece a responder,,2.535496253581269,15.31,0.32,1790363207.599,1790363222.91,2.253,1.998,0.255,0.976,2.252,,0.377,4.42,,3.606,1790363117.546,1790363258.032,3.559,demo_booking,customer_hangup,0.0
1790362725,96,aa22201e-4996-42ef-80a0-8748edd73240,4,paired,short,finalizada,,,1.7562362059834413,2.931665555434679,13.159,1.0,1790363225.446,1790363238.605,1.157,1.052,0.105,0.696,1.607,,0.175,4.58,,2.028,1790363117.546,1790363258.032,2.143,demo_booking,customer_hangup,0.0
1790362725,96,aa22201e-4996-42ef-80a0-8748edd73240,5,paired,short,finalizada,,,3.076154693000717,7.454887079580043,9.035,0.32,1790363241.537,1790363250.572,0.0,0.0,0.0,0.801,2.128,,0.116,5.3,,0.917,1790363117.546,1790363258.032,,demo_booking,customer_hangup,0.0
1790362725,96,1f470f3f-2f23-40f2-bec8-51a40e80e105,0,client_only,short,finalizada,,timeout esperando que el agente empiece a responder,,4.006048291493372,15.48,0.48,1790363127.659,1790363143.14,,,,,,,,,,,1790363117.796,1790363246.545,,demo_booking,customer_hangup,0.0
1790362725,96,1f470f3f-2f23-40f2-bec8-51a40e80e105,1,client_only,medium,finalizada,,,10.37815128598595,1.0,20.855,2.12,1790363147.147,1790363168.002,,,,,,,,,,,1790363117.796,1790363246.545,,demo_booking,customer_hangup,0.0
1790362725,96,1f470f3f-2f23-40f2-bec8-51a40e80e105,2,client_only,short,finalizada,,timeout esperando que el agente empiece a responder,,1.7448330056026922,16.016,1.0,1790363169.002,1790363185.019,,,,,,,,,,,1790363117.796,1790363246.545,,demo_booking,customer_hangup,0.0
1790362725,96,1f470f3f-2f23-40f2-bec8-51a40e80e105,3,client_only,medium,finalizada,,,3.637464336992707,2.11255160970064,15.879,2.12,1790363186.765,1790363202.644,,,,,,,,,,,1790363117.796,1790363246.545,,demo_booking,customer_hangup,0.0
1790362725,96,1f470f3f-2f23-40f2-bec8-51a40e80e105,4,client_only,medium,finalizada,,timeout esperando que el agente empiece a responder,,8.532908732708954,17.12,2.12,1790363204.758,1790363221.878,,,,,,,,,,,1790363117.796,1790363246.545,,demo_booking,customer_hangup,0.0
1790362725,96,1f470f3f-2f23-40f2-bec8-51a40e80e105,5,client_only,long,finalizada,,,4.197458695009118,3.882254439754593,12.243,3.52,1790363230.412,1790363242.655,,,,,,,,,,,1790363117.796,1790363246.545,,demo_booking,customer_hangup,0.0
1790362725,96,1f470f3f-2f23-40f2-bec8-51a40e80e105,0,server_only,,finalizada,,,,,,,,,3.15,2.92,0.23,1.368,2.811,,0.27,3.53,,4.788,1790363117.796,1790363246.545,6.651,demo_booking,customer_hangup,0.0
1790362725,96,1f470f3f-2f23-40f2-bec8-51a40e80e105,1,server_only,,finalizada,,,,,,,,,1.484,1.418,0.066,1.482,3.339,,2.282,4.89,,5.247,1790363117.796,1790363246.545,7.091,demo_booking,customer_hangup,0.0
1790362725,96,1f470f3f-2f23-40f2-bec8-51a40e80e105,2,server_only,,finalizada,,,,,,,,,2.957,2.774,0.183,1.559,4.558,,0.315,3.53,,4.831,1790363117.796,1790363246.545,7.797,demo_booking,customer_hangup,0.0
1790362725,96,1f470f3f-2f23-40f2-bec8-51a40e80e105,3,server_only,,finalizada,,,,,,,,,3.305,2.983,0.322,0.755,2.846,,0.234,3.37,,4.295,1790363117.796,1790363246.545,6.259,demo_booking,customer_hangup,0.0
1790362725,96,ad034bfe-b93a-4a02-b298-92aa8d3c67ed,0,client_only,short,finalizada,,timeout esperando que el agente empiece a responder,,5.255609945449743,15.311,0.32,1790363128.395,1790363143.707,,,,,,,,,,,1790363118.713,1790363238.438,,demo_booking,customer_hangup,0.0
1790362725,96,ad034bfe-b93a-4a02-b298-92aa8d3c67ed,1,client_only,medium,finalizada,,,14.784706710022874,3.6164164088172743,26.589,2.6,1790363148.963,1790363175.552,,,,,,,,,,,1790363118.713,1790363238.438,,demo_booking,customer_hangup,0.0
1790362725,96,ad034bfe-b93a-4a02-b298-92aa8d3c67ed,2,client_only,medium,finalizada,,timeout esperando que el agente empiece a responder,,1.842607454986891,17.127,2.12,1790363179.169,1790363196.296,,,,,,,,,,,1790363118.713,1790363238.438,,demo_booking,customer_hangup,0.0
1790362725,96,ad034bfe-b93a-4a02-b298-92aa8d3c67ed,3,client_only,long,finalizada,,,1.9442227969993837,2.667088023016184,10.26,3.06,1790363198.139,1790363208.399,,,,,,,,,,,1790363118.713,1790363238.438,,demo_booking,customer_hangup,0.0
1790362725,96,ad034bfe-b93a-4a02-b298-92aa8d3c67ed,4,client_only,long,finalizada,,,10.524033649009652,2.5726367224500577,17.842,3.52,1790363211.067,1790363228.909,,,,,,,,,,,1790363118.713,1790363238.438,,demo_booking,customer_hangup,0.0
1790362725,96,ad034bfe-b93a-4a02-b298-92aa8d3c67ed,5,client_only,short,finalizada,,,-2.5357320080220234,2.2324445739382357,4.714,0.48,1790363231.482,1790363236.196,,,,,,,,,,,1790363118.713,1790363238.438,,demo_booking,customer_hangup,0.0
1790362725,96,ad034bfe-b93a-4a02-b298-92aa8d3c67ed,0,server_only,,finalizada,,,,,,,,,4.145,3.866,0.278,0.793,3.829,,0.479,5.13,,5.417,1790363118.713,1790363238.438,8.211,demo_booking,customer_hangup,0.0
1790362725,96,ad034bfe-b93a-4a02-b298-92aa8d3c67ed,1,server_only,,finalizada,,,,,,,,,0.545,0.0,0.545,3.263,5.344,,0.414,3.13,,4.223,1790363118.713,1790363238.438,4.596,demo_booking,customer_hangup,0.0
1790362725,96,ad034bfe-b93a-4a02-b298-92aa8d3c67ed,2,server_only,,finalizada,,,,,,,,,0.691,0.0,0.691,1.197,6.574,,0.518,5.62,,2.405,1790363118.713,1790363238.438,1.314,demo_booking,customer_hangup,0.0
1790362725,96,ad034bfe-b93a-4a02-b298-92aa8d3c67ed,3,server_only,,finalizada,,,,,,,,,0.882,0.588,0.294,,,,,0.0,,,1790363118.713,1790363238.438,,demo_booking,customer_hangup,0.0
1790362725,96,1468781a-a649-4d44-af42-deb52a50d532,0,client_only,long,finalizada,,,10.727715332002845,3.242518075321296,26.279,3.52,1790363129.682,1790363155.961,,,,,,,,,,,1790363118.952,1790363246.694,,demo_booking,customer_hangup,0.0
1790362725,96,1468781a-a649-4d44-af42-deb52a50d532,1,client_only,long,finalizada,,timeout esperando que el agente empiece a responder,,1.0520913303806458,18.537,3.52,1790363159.204,1790363177.741,,,,,,,,,,,1790363118.952,1790363246.694,,demo_booking,customer_hangup,0.0
1790362725,96,1468781a-a649-4d44-af42-deb52a50d532,2,client_only,medium,finalizada,,,10.20799615100259,1.2206052057628707,23.776,2.24,1790363178.794,1790363202.569,,,,,,,,,,,1790363118.952,1790363246.694,,demo_booking,customer_hangup,0.0
1790362725,96,1468781a-a649-4d44-af42-deb52a50d532,3,client_only,short,finalizada,,timeout esperando que el agente empiece a responder,,4.52341867571938,15.313,0.32,1790363203.79,1790363219.103,,,,,,,,,,,1790363118.952,1790363246.694,,demo_booking,customer_hangup,0.0
1790362725,96,1468781a-a649-4d44-af42-deb52a50d532,4,client_only,long,finalizada,,,-5.812231664021965,2.078188770688255,4.662,3.06,1790363223.628,1790363228.289,,,,,,,,,,,1790363118.952,1790363246.694,,demo_booking,customer_hangup,0.0
1790362725,96,1468781a-a649-4d44-af42-deb52a50d532,5,client_only,medium,finalizada,,,6.948382888978813,1.944284834186744,14.361,2.12,1790363230.369,1790363244.73,,,,,,,,,,,1790363118.952,1790363246.694,,demo_booking,customer_hangup,0.0
1790362725,96,1468781a-a649-4d44-af42-deb52a50d532,0,server_only,,finalizada,,,,,,,,,3.258,2.905,0.353,1.441,2.409,,0.473,6.97,,5.173,1790363118.952,1790363246.694,6.21,demo_booking,customer_hangup,0.0
1790362725,96,1468781a-a649-4d44-af42-deb52a50d532,1,server_only,,finalizada,,,,,,,,,4.496,4.21,0.286,1.515,5.018,,0.247,5.37,,6.258,1790363118.952,1790363246.694,9.704,demo_booking,customer_hangup,0.0
1790362725,96,1468781a-a649-4d44-af42-deb52a50d532,2,server_only,,finalizada,,,,,,,,,3.746,3.672,0.074,1.401,4.178,,0.701,5.05,,5.848,1790363118.952,1790363246.694,8.581,demo_booking,customer_hangup,0.0
1790362725,96,1468781a-a649-4d44-af42-deb52a50d532,3,server_only,,finalizada,,,,,,,,,3.054,2.965,0.089,0.715,1.971,,0.439,3.77,,4.208,1790363118.952,1790363246.694,5.396,demo_booking,customer_hangup,0.0
1790362725,96,4c5887ee-3af4-432b-b9b3-1de4975ba542,0,client_only,short,finalizada,,,10.456712469982449,10.0,15.74,0.38,1790363129.423,1790363145.164,,,,,,,,,,,1790363119.202,1790363235.382,,demo_booking,customer_hangup,0.0
1790362725,96,4c5887ee-3af4-432b-b9b3-1de4975ba542,1,client_only,long,finalizada,,timeout esperando que el agente empiece a responder,,1.8879535862536503,18.062,3.06,1790363155.164,1790363173.227,,,,,,,,,,,1790363119.202,1790363235.382,,demo_booking,customer_hangup,0.0
1790362725,96,4c5887ee-3af4-432b-b9b3-1de4975ba542,2,client_only,short,finalizada,,,0.7175034880056046,6.165438500709731,12.016,0.38,1790363175.115,1790363187.131,,,,,,,,,,,1790363119.202,1790363235.382,,demo_booking,customer_hangup,0.0
1790362725,96,4c5887ee-3af4-432b-b9b3-1de4975ba542,3,client_only,short,finalizada,,,6.136577197990846,2.6129885931883257,13.594,0.38,1790363193.297,1790363206.891,,,,,,,,,,,1790363119.202,1790363235.382,,demo_booking,customer_hangup,0.0
1790362725,96,4c5887ee-3af4-432b-b9b3-1de4975ba542,4,client_only,medium,finalizada,,timeout esperando que el agente empiece a responder,,1.0,17.132,2.12,1790363209.505,1790363226.637,,,,,,,,,,,1790363119.202,1790363235.382,,demo_booking,customer_hangup,0.0
1790362725,96,4c5887ee-3af4-432b-b9b3-1de4975ba542,5,client_only,short,finalizada,,,-1.9034418489900418,1.1968261172204537,6.539,1.0,1790363227.638,1790363234.177,,,,,,,,,,,1790363119.202,1790363235.382,,demo_booking,customer_hangup,0.0
1790362725,96,4c5887ee-3af4-432b-b9b3-1de4975ba542,0,server_only,,finalizada,,,,,,,,,4.051,2.715,1.335,3.175,4.45,,1.198,3.78,,8.424,1790363119.202,1790363235.382,7.633,demo_booking,customer_hangup,0.0
1790362725,96,4c5887ee-3af4-432b-b9b3-1de4975ba542,1,server_only,,finalizada,,,,,,,,,4.491,4.178,0.313,2.155,3.831,,0.867,6.18,,7.514,1790363119.202,1790363235.382,8.091,demo_booking,customer_hangup,0.0
1790362725,96,4c5887ee-3af4-432b-b9b3-1de4975ba542,2,server_only,,finalizada,,,,,,,,,4.596,4.269,0.327,0.868,2.345,,1.09,3.77,,6.555,1790363119.202,1790363235.382,8.138,demo_booking,customer_hangup,0.0
1790362725,96,4c5887ee-3af4-432b-b9b3-1de4975ba542,3,server_only,,finalizada,,,,,,,,,2.784,2.541,0.243,1.551,5.414,,0.337,3.61,,4.672,1790363119.202,1790363235.382,8.474,demo_booking,customer_hangup,0.0
1790362725,96,18cdd644-0b68-4b58-992a-e22789cc60d4,0,client_only,short,finalizada,,timeout esperando que el agente empiece a responder,,2.0644134506445035,15.482,0.48,1790363129.928,1790363145.41,,,,,,,,,,,1790363119.452,1790363237.586,,demo_booking,customer_hangup,0.0
1790362725,96,18cdd644-0b68-4b58-992a-e22789cc60d4,1,client_only,medium,finalizada,,,11.122214269998949,3.8492231215370736,24.528,2.12,1790363147.475,1790363172.004,,,,,,,,,,,1790363119.452,1790363237.586,,demo_booking,customer_hangup,0.0
1790362725,96,18cdd644-0b68-4b58-992a-e22789cc60d4,2,client_only,short,finalizada,,timeout esperando que el agente empiece a responder,,1.0,15.33,0.32,1790363175.854,1790363191.183,,,,,,,,,,,1790363119.452,1790363237.586,,demo_booking,customer_hangup,0.0
1790362725,96,18cdd644-0b68-4b58-992a-e22789cc60d4,3,client_only,short,finalizada,,,5.8821894339926075,4.423064615843206,13.573,0.38,1790363192.184,1790363205.757,,,,,,,,,,,1790363119.452,1790363237.586,,demo_booking,customer_hangup,0.0
1790362725,96,18cdd644-0b68-4b58-992a-e22789cc60d4,4,client_only,medium,finalizada,,,-5.458163898001658,1.9762616034161267,6.186,2.24,1790363210.181,1790363216.367,,,,,,,,,,,1790363119.452,1790363237.586,,demo_booking,customer_hangup,0.0
1790362725,96,18cdd644-0b68-4b58-992a-e22789cc60d4,5,client_only,short,finalizada,,timeout esperando que el agente empiece a responder,,3.9132710785658262,15.323,0.32,1790363218.344,1790363233.667,,,,,,,,,,,1790363119.452,1790363237.586,,demo_booking,customer_hangup,0.0
1790362725,96,18cdd644-0b68-4b58-992a-e22789cc60d4,0,server_only,,finalizada,,,,,,,,,4.562,4.399,0.163,2.147,3.473,,0.602,6.17,,7.311,1790363119.452,1790363237.586,8.658,demo_booking,customer_hangup,0.0
1790362725,96,18cdd644-0b68-4b58-992a-e22789cc60d4,1,server_only,,finalizada,,,,,,,,,1.968,1.696,0.272,1.729,5.044,,3.253,8.58,,6.951,1790363119.452,1790363237.586,8.873,demo_booking,customer_hangup,0.0
1790362725,96,18cdd644-0b68-4b58-992a-e22789cc60d4,2,server_only,,finalizada,,,,,,,,,1.423,1.306,0.117,1.458,1.458,,,0.0,,,1790363119.452,1790363237.586,,demo_booking,customer_hangup,0.0
1790362725,96,ebe471a0-ea12-4701-b88a-4ce2cc4a8eae,0,client_only,short,finalizada,,timeout esperando que el agente empiece a responder,,3.2432573040953017,15.374,0.38,1790363129.647,1790363145.021,,,,,,,,,,,1790363119.016,1790363236.806,,demo_booking,customer_hangup,0.0
1790362725,96,ebe471a0-ea12-4701-b88a-4ce2cc4a8eae,1,client_only,short,finalizada,,,7.981188589998055,1.0,20.663,0.48,1790363148.264,1790363168.927,,,,,,,,,,,1790363119.016,1790363236.806,,demo_booking,customer_hangup,0.0
1790362725,96,ebe471a0-ea12-4701-b88a-4ce2cc4a8eae,2,client_only,long,finalizada,,timeout esperando que el agente empiece a responder,,1.530216685144345,18.061,3.06,1790363169.928,1790363187.989,,,,,,,,,,,1790363119.016,1790363236.806,,demo_booking,customer_hangup,0.0
1790362725,96,ebe471a0-ea12-4701-b88a-4ce2cc4a8eae,3,client_only,short,finalizada,,,0.9615173759812023,2.0361639541187726,7.032,1.0,1790363189.52,1790363196.552,,,,,,,,,,,1790363119.016,1790363236.806,,demo_booking,customer_hangup,0.0
1790362725,96,ebe471a0-ea12-4701-b88a-4ce2cc4a8eae,4,client_only,short,finalizada,,timeout esperando que el agente empiece a responder,,3.3392915429848347,15.323,0.32,1790363198.589,1790363213.912,,,,,,,,,,,1790363119.016,1790363236.806,,demo_booking,customer_hangup,0.0
1790362725,96,ebe471a0-ea12-4701-b88a-4ce2cc4a8eae,5,client_only,short,finalizada,,,4.021559880988207,3.562302460217044,15.984,0.32,1790363217.252,1790363233.236,,,,,,,,,,,1790363119.016,1790363236.806,,demo_booking,customer_hangup,0.0
1790362725,96,ebe471a0-ea12-4701-b88a-4ce2cc4a8eae,0,server_only,,finalizada,,,,,,,,,2.806,1.973,0.833,1.857,2.457,,0.681,6.41,,5.344,1790363119.016,1790363236.806,5.258,demo_booking,customer_hangup,0.0
1790362725,96,ebe471a0-ea12-4701-b88a-4ce2cc4a8eae,1,server_only,,finalizada,,,,,,,,,1.711,1.301,0.41,3.42,5.684,,0.479,2.89,,5.61,1790363119.016,1790363236.806,7.572,demo_booking,customer_hangup,0.0
1790362725,96,ebe471a0-ea12-4701-b88a-4ce2cc4a8eae,2,server_only,,finalizada,,,,,,,,,1.643,0.844,0.799,2.094,4.804,,0.825,6.49,,4.562,1790363119.016,1790363236.806,7.306,demo_booking,customer_hangup,0.0
1790362725,96,ebe471a0-ea12-4701-b88a-4ce2cc4a8eae,3,server_only,,finalizada,,,,,,,,,0.759,0.1,0.659,0.782,2.974,,0.184,1.89,,1.726,1790363119.016,1790363236.806,4.018,demo_booking,customer_hangup,0.0
1790362725,96,4a0bce8c-e3b8-4960-bf3d-66d2074a4542,0,client_only,long,finalizada,,,7.479152828018414,4.79188970599078,22.388,3.52,1790363129.689,1790363152.076,,,,,,,,,,,1790363119.254,1790363229.935,,demo_booking,customer_hangup,0.0
1790362725,96,4a0bce8c-e3b8-4960-bf3d-66d2074a4542,1,client_only,short,finalizada,,timeout esperando que el agente empiece a responder,,1.4583266447035856,15.467,0.48,1790363156.869,1790363172.336,,,,,,,,,,,1790363119.254,1790363229.935,,demo_booking,customer_hangup,0.0
1790362725,96,4a0bce8c-e3b8-4960-bf3d-66d2074a4542,2,client_only,long,finalizada,,,0.4587926009844523,1.2160675528828768,12.124,3.06,1790363173.795,1790363185.919,,,,,,,,,,,1790363119.254,1790363229.935,,demo_booking,customer_hangup,0.0
1790362725,96,4a0bce8c-e3b8-4960-bf3d-66d2074a4542,3,client_only,short,finalizada,,timeout esperando que el agente empiece a responder,,1.8549824829016788,15.383,0.38,1790363187.136,1790363202.519,,,,,,,,,,,1790363119.254,1790363229.935,,demo_booking,customer_hangup,0.0
1790362725,96,4a0bce8c-e3b8-4960-bf3d-66d2074a4542,4,client_only,short,finalizada,,,1.4587228629970923,1.2875906636426322,5.496,0.32,1790363204.374,1790363209.87,,,,,,,,,,,1790363119.254,1790363229.935,,demo_booking,customer_hangup,0.0
1790362725,96,4a0bce8c-e3b8-4960-bf3d-66d2074a4542,5,client_only,short,finalizada,,,11.918963080999674,1.8032869898379438,16.967,1.0,1790363211.158,1790363228.125,,,,,,,,,,,1790363119.254,1790363229.935,,demo_booking,customer_hangup,0.0
1790362725,96,4a0bce8c-e3b8-4960-bf3d-66d2074a4542,0,server_only,,finalizada,,,,,,,,,3.827,3.483,0.344,0.613,3.083,,0.322,6.34,,4.761,1790363119.254,1790363229.935,5.732,demo_booking,customer_hangup,0.0
1790362725,96,4a0bce8c-e3b8-4960-bf3d-66d2074a4542,1,server_only,,finalizada,,,,,,,,,3.504,2.858,0.647,2.854,4.301,,0.715,4.57,,7.073,1790363119.254,1790363229.935,8.036,demo_booking,customer_hangup,0.0
1790362725,96,4a0bce8c-e3b8-4960-bf3d-66d2074a4542,2,server_only,,finalizada,,,,,,,,,2.934,1.972,0.961,1.463,5.846,,0.154,2.01,,4.55,1790363119.254,1790363229.935,8.473,demo_booking,customer_hangup,0.0
1790362725,96,4a0bce8c-e3b8-4960-bf3d-66d2074a4542,3,server_only,,finalizada,,,,,,,,,4.383,3.8,0.583,2.109,5.022,,0.301,2.65,,6.794,1790363119.254,1790363229.935,9.168,demo_booking,customer_hangup,0.0
1790362725,96,ba8f83f0-88f3-4633-bb13-2a879136935a,0,client_only,long,finalizada,,,13.591512743005296,2.8924502336697286,23.966,3.06,1790363131.087,1790363155.053,,,,,,,,,,,1790363119.504,1790363242.714,,demo_booking,customer_hangup,0.0
1790362725,96,ba8f83f0-88f3-4633-bb13-2a879136935a,1,client_only,medium,finalizada,,timeout esperando que el agente empiece a responder,,1.197395982324139,17.235,2.24,1790363157.946,1790363175.181,,,,,,,,,,,1790363119.504,1790363242.714,,demo_booking,customer_hangup,0.0
1790362725,96,ba8f83f0-88f3-4633-bb13-2a879136935a,2,client_only,long,finalizada,,,1.1506552369974088,1.4472003585656983,12.065,3.52,1790363176.379,1790363188.445,,,,,,,,,,,1790363119.504,1790363242.714,,demo_booking,customer_hangup,0.0
1790362725,96,ba8f83f0-88f3-4633-bb13-2a879136935a,3,client_only,short,finalizada,,timeout esperando que el agente empiece a responder,,3.6487254695696087,15.488,0.48,1790363189.892,1790363205.38,,,,,,,,,,,1790363119.504,1790363242.714,,demo_booking,customer_hangup,0.0
1790362725,96,ba8f83f0-88f3-4633-bb13-2a879136935a,4,client_only,short,finalizada,,,5.789821176993428,3.9138077095059756,12.306,0.38,1790363209.03,1790363221.336,,,,,,,,,,,1790363119.504,1790363242.714,,demo_booking,customer_hangup,0.0
1790362725,96,ba8f83f0-88f3-4633-bb13-2a879136935a,5,client_only,short,finalizada,,,7.311175926006399,4.138278990275949,13.311,0.48,1790363225.251,1790363238.562,,,,,,,,,,,1790363119.504,1790363242.714,,demo_booking,customer_hangup,0.0
1790362725,96,ba8f83f0-88f3-4633-bb13-2a879136935a,0,server_only,,finalizada,,,,,,,,,3.378,2.285,1.093,3.554,3.844,,0.758,5.45,,7.691,1790363119.504,1790363242.714,7.42,demo_booking,customer_hangup,0.0
1790362725,96,ba8f83f0-88f3-4633-bb13-2a879136935a,1,server_only,,finalizada,,,,,,,,,1.972,1.938,0.034,2.308,4.571,,0.221,2.65,,4.5,1790363119.504,1790363242.714,6.747,demo_booking,customer_hangup,0.0
1790362725,96,ba8f83f0-88f3-4633-bb13-2a879136935a,2,server_only,,finalizada,,,,,,,,,5.611,4.978,0.633,2.149,3.736,,0.388,2.65,,8.148,1790363119.504,1790363242.714,9.146,demo_booking,customer_hangup,0.0
1790362725,96,ba8f83f0-88f3-4633-bb13-2a879136935a,3,server_only,,finalizada,,,,,,,,,2.193,2.142,0.051,1.522,4.656,,0.336,3.05,,4.05,1790363119.504,1790363242.714,7.359,demo_booking,customer_hangup,0.0
1790362725,96,9593d029-24e5-4132-9b49-08e81d6576db,0,client_only,short,finalizada,,timeout esperando que el agente empiece a responder,,1.0,15.375,0.38,1790363132.934,1790363148.308,,,,,,,,,,,1790363119.754,1790363254.625,,demo_booking,customer_hangup,0.0
1790362725,96,9593d029-24e5-4132-9b49-08e81d6576db,1,client_only,long,finalizada,,,12.854193800012581,2.270098390151941,28.758,3.06,1790363149.309,1790363178.067,,,,,,,,,,,1790363119.754,1790363254.625,,demo_booking,customer_hangup,0.0
1790362725,96,9593d029-24e5-4132-9b49-08e81d6576db,2,client_only,short,finalizada,,timeout esperando que el agente empiece a responder,,2.7365619455719328,15.322,0.32,1790363180.338,1790363195.66,,,,,,,,,,,1790363119.754,1790363254.625,,demo_booking,customer_hangup,0.0
1790362725,96,9593d029-24e5-4132-9b49-08e81d6576db,3,client_only,short,finalizada,,,12.454613792011514,2.779997462827814,23.539,0.48,1790363198.397,1790363221.936,,,,,,,,,,,1790363119.754,1790363254.625,,demo_booking,customer_hangup,0.0
1790362725,96,9593d029-24e5-4132-9b49-08e81d6576db,4,client_only,short,finalizada,,,10.014074946986511,2.008512249628257,16.055,1.0,1790363224.717,1790363240.772,,,,,,,,,,,1790363119.754,1790363254.625,,demo_booking,customer_hangup,0.0
1790362725,96,9593d029-24e5-4132-9b49-08e81d6576db,5,client_only,short,finalizada,,,7.993885357980616,1.511526472915565,10.328,0.32,1790363242.781,1790363253.109,,,,,,,,,,,1790363119.754,1790363254.625,,demo_booking,customer_hangup,0.0
1790362725,96,9593d029-24e5-4132-9b49-08e81d6576db,0,server_only,,finalizada,,,,,,,,,2.592,2.203,0.389,2.527,5.942,,0.535,4.66,,5.654,1790363119.754,1790363254.625,5.667,demo_booking,customer_hangup,0.0
1790362725,96,9593d029-24e5-4132-9b49-08e81d6576db,1,server_only,,finalizada,,,,,,,,,3.228,2.533,0.695,2.595,5.13,,1.093,4.58,,6.916,1790363119.754,1790363254.625,7.187,demo_booking,customer_hangup,0.0
1790362725,96,9593d029-24e5-4132-9b49-08e81d6576db,2,server_only,,finalizada,,,,,,,,,3.171,3.094,0.077,0.923,2.45,,0.205,3.29,,4.299,1790363119.754,1790363254.625,5.764,demo_booking,customer_hangup,0.0
1790362725,96,9593d029-24e5-4132-9b49-08e81d6576db,3,server_only,,finalizada,,,,,,,,,1.964,1.893,0.071,0.575,1.433,,0.185,3.21,,2.723,1790363119.754,1790363254.625,3.53,demo_booking,customer_hangup,0.0
1790362725,96,9593d029-24e5-4132-9b49-08e81d6576db,4,server_only,,finalizada,,,,,,,,,1.996,1.992,0.004,,,,,0.0,,,1790363119.754,1790363254.625,,demo_booking,customer_hangup,0.0
1790362725,96,351eb1ea-99b5-4182-a73c-6cbd8eb0822e,0,client_only,medium,finalizada,,,-2.0014125560119282,2.5677317942832705,3.623,2.24,1790363127.56,1790363131.184,,,,,,,,,,,1790363120.41,1790363197.555,,demo_booking,customer_hangup,0.0
1790362725,96,351eb1ea-99b5-4182-a73c-6cbd8eb0822e,1,client_only,short,finalizada,,,0.9184338479826692,1.8789261068850398,3.954,0.32,1790363133.753,1790363137.706,,,,,,,,,,,1790363120.41,1790363197.555,,demo_booking,customer_hangup,0.0
1790362725,96,351eb1ea-99b5-4182-a73c-6cbd8eb0822e,2,client_only,short,finalizada,,,9.03800747700734,1.4660890153187494,15.723,0.32,1790363139.586,1790363155.309,,,,,,,,,,,1790363120.41,1790363197.555,,demo_booking,customer_hangup,0.0
1790362725,96,351eb1ea-99b5-4182-a73c-6cbd8eb0822e,3,client_only,medium,finalizada,,,0.05813815799774602,1.9351216428519338,7.966,2.6,1790363156.776,1790363164.743,,,,,,,,,,,1790363120.41,1790363197.555,,demo_booking,customer_hangup,0.0
1790362725,96,351eb1ea-99b5-4182-a73c-6cbd8eb0822e,4,client_only,short,finalizada,,timeout esperando que el agente empiece a responder,,1.0,15.376,0.38,1790363166.679,1790363182.055,,,,,,,,,,,1790363120.41,1790363197.555,,demo_booking,customer_hangup,0.0
1790362725,96,351eb1ea-99b5-4182-a73c-6cbd8eb0822e,5,client_only,short,finalizada,,,6.618585581018124,1.244996497332989,13.248,0.32,1790363183.056,1790363196.304,,,,,,,,,,,1790363120.41,1790363197.555,,demo_booking,customer_hangup,0.0
1790362725,96,351eb1ea-99b5-4182-a73c-6cbd8eb0822e,0,server_only,,finalizada,,,,,,,,,3.724,3.336,0.388,0.931,2.201,,0.561,1.89,,5.217,1790363120.41,1790363197.555,,demo_booking,customer_hangup,0.0
1790362725,96,351eb1ea-99b5-4182-a73c-6cbd8eb0822e,1,server_only,,finalizada,,,,,,,,,2.631,2.542,0.089,3.214,4.434,,1.46,4.33,,7.305,1790363120.41,1790363197.555,8.849,demo_booking,customer_hangup,0.0
1790362725,96,351eb1ea-99b5-4182-a73c-6cbd8eb0822e,2,server_only,,finalizada,,,,,,,,,2.929,2.924,0.006,1.05,1.541,,0.582,3.85,,4.562,1790363120.41,1790363197.555,5.169,demo_booking,customer_hangup,0.0
1790362725,96,351eb1ea-99b5-4182-a73c-6cbd8eb0822e,3,server_only,,finalizada,,,,,,,,,1.451,1.363,0.087,1.628,5.34,,0.953,0.05,,4.031,1790363120.41,1790363197.555,8.019,demo_booking,customer_hangup,0.0
1790362725,96,351eb1ea-99b5-4182-a73c-6cbd8eb0822e,4,server_only,,finalizada,,,,,,,,,0.817,0.807,0.01,1.176,4.037,,0.449,5.95,,2.442,1790363120.41,1790363197.555,3.508,demo_booking,customer_hangup,0.0
1790362725,96,fdbabcdf-403a-4de4-b690-b7f760287157,0,client_only,short,finalizada,,,8.329726391006261,1.1012549642534826,17.878,0.32,1790363132.349,1790363150.227,,,,,,,,,,,1790363120.646,1790363234.298,,demo_booking,customer_hangup,0.0
1790362725,96,fdbabcdf-403a-4de4-b690-b7f760287157,1,client_only,long,finalizada,,timeout esperando que el agente empiece a responder,,1.6611011252562506,18.043,3.06,1790363151.329,1790363169.372,,,,,,,,,,,1790363120.646,1790363234.298,,demo_booking,customer_hangup,0.0
1790362725,96,fdbabcdf-403a-4de4-b690-b7f760287157,2,client_only,short,finalizada,,,2.3281293800100684,1.5097666756322905,11.165,0.38,1790363171.033,1790363182.199,,,,,,,,,,,1790363120.646,1790363234.298,,demo_booking,customer_hangup,0.0
1790362725,96,fdbabcdf-403a-4de4-b690-b7f760287157,3,client_only,long,finalizada,,timeout esperando que el agente empiece a responder,,1.7902162171503648,18.507,3.52,1790363183.709,1790363202.216,,,,,,,,,,,1790363120.646,1790363234.298,,demo_booking,customer_hangup,0.0
1790362725,96,fdbabcdf-403a-4de4-b690-b7f760287157,4,client_only,short,finalizada,,,-1.7914390829973854,1.539806597606996,6.735,0.38,1790363204.007,1790363210.742,,,,,,,,,,,1790363120.646,1790363234.298,,demo_booking,customer_hangup,0.0
1790362725,96,fdbabcdf-403a-4de4-b690-b7f760287157,5,client_only,long,finalizada,,,10.849170600005891,1.3024167517144816,20.706,3.06,1790363212.283,1790363232.989,,,,,,,,,,,1790363120.646,1790363234.298,,demo_booking,customer_hangup,0.0
1790362725,96,fdbabcdf-403a-4de4-b690-b7f760287157,0,server_only,,finalizada,,,,,,,,,3.809,3.472,0.337,0.843,2.029,,0.38,5.14,,5.032,1790363120.646,1790363234.298,5.055,demo_booking,customer_hangup,0.0
1790362725,96,fdbabcdf-403a-4de4-b690-b7f760287157,1,server_only,,finalizada,,,,,,,,,2.765,1.709,1.056,2.631,4.488,,0.809,4.01,,6.205,1790363120.646,1790363234.298,7.97,demo_booking,customer_hangup,0.0
1790362725,96,fdbabcdf-403a-4de4-b690-b7f760287157,2,server_only,,finalizada,,,,,,,,,2.208,1.971,0.237,1.489,5.081,,0.255,2.33,,3.952,1790363120.646,1790363234.298,7.41,demo_booking,customer_hangup,0.0
1790362725,96,fdbabcdf-403a-4de4-b690-b7f760287157,3,server_only,,finalizada,,,,,,,,,2.775,2.597,0.179,0.801,4.493,,0.217,4.33,,3.794,1790363120.646,1790363234.298,7.351,demo_booking,customer_hangup,0.0
1790362725,96,f600f791-636a-4f59-b97b-33d275fcc8d4,0,client_only,long,finalizada,,,11.198432342003798,5.071708616888567,21.897,3.06,1790363131.51,1790363153.408,,,,,,,,,,,1790363120.896,1790363249.298,,demo_booking,customer_hangup,0.0
1790362725,96,f600f791-636a-4f59-b97b-33d275fcc8d4,1,client_only,medium,finalizada,,timeout esperando que el agente empiece a responder,,7.454721027589861,17.122,2.12,1790363158.48,1790363175.602,,,,,,,,,,,1790363120.896,1790363249.298,,demo_booking,customer_hangup,0.0
1790362725,96,f600f791-636a-4f59-b97b-33d275fcc8d4,2,client_only,medium,finalizada,,,2.2985963280079886,3.4296482760086513,6.669,2.12,1790363183.057,1790363189.727,,,,,,,,,,,1790363120.896,1790363249.298,,demo_booking,customer_hangup,0.0
1790362725,96,f600f791-636a-4f59-b97b-33d275fcc8d4,3,client_only,short,finalizada,,,-2.3216142739984207,4.516002116033279,3.373,0.48,1790363193.157,1790363196.53,,,,,,,,,,,1790363120.896,1790363249.298,,demo_booking,customer_hangup,0.0
1790362725,96,f600f791-636a-4f59-b97b-33d275fcc8d4,4,client_only,short,finalizada,,,13.998892522999085,6.533108205978202,23.683,0.32,1790363201.048,1790363224.731,,,,,,,,,,,1790363120.896,1790363249.298,,demo_booking,customer_hangup,0.0
1790362725,96,f600f791-636a-4f59-b97b-33d275fcc8d4,5,client_only,long,finalizada,,,3.859050923027098,2.0637471609201072,15.939,3.52,1790363231.264,1790363247.204,,,,,,,,,,,1790363120.896,1790363249.298,,demo_booking,customer_hangup,0.0
1790362725,96,f600f791-636a-4f59-b97b-33d275fcc8d4,0,server_only,,finalizada,,,,,,,,,3.727,2.822,0.905,1.567,4.152,,0.356,5.93,,5.65,1790363120.896,1790363249.298,7.454,demo_booking,customer_hangup,0.0
1790362725,96,f600f791-636a-4f59-b97b-33d275fcc8d4,1,server_only,,finalizada,,,,,,,,,3.826,2.988,0.838,3.467,6.353,,0.496,4.57,,7.789,1790363120.896,1790363249.298,11.17,demo_booking,customer_hangup,0.0
1790362725,96,f600f791-636a-4f59-b97b-33d275fcc8d4,2,server_only,,finalizada,,,,,,,,,2.465,2.389,0.075,0.636,4.575,,0.343,4.49,,3.444,1790363120.896,1790363249.298,7.402,demo_booking,customer_hangup,0.0
1790362725,96,f600f791-636a-4f59-b97b-33d275fcc8d4,3,server_only,,finalizada,,,,,,,,,2.523,2.268,0.255,1.855,5.119,,0.749,4.97,,5.127,1790363120.896,1790363249.298,8.208,demo_booking,customer_hangup,0.0
1790362725,96,f600f791-636a-4f59-b97b-33d275fcc8d4,4,server_only,,finalizada,,,,,,,,,2.33,2.177,0.152,1.166,3.343,,0.386,6.66,,3.882,1790363120.896,1790363249.298,5.538,demo_booking,customer_hangup,0.0
1790362725,96,d8837c7d-169b-4282-9b88-a14bdf17dc34,0,client_only,short,finalizada,,timeout esperando que el agente empiece a responder,,2.478337397563612,15.321,0.32,1790363133.4,1790363148.721,,,,,,,,,,,1790363121.146,1790363264.989,,demo_booking,customer_hangup,0.0
1790362725,96,d8837c7d-169b-4282-9b88-a14bdf17dc34,1,client_only,short,finalizada,,timeout esperando que el agente termine de hablar,10.080075617996044,1.6995616370470543,35.546,0.48,1790363151.199,1790363186.745,,,,,,,,,,,1790363121.146,1790363264.989,,demo_booking,customer_hangup,0.0
1790362725,96,d8837c7d-169b-4282-9b88-a14bdf17dc34,2,client_only,short,finalizada,,timeout esperando que el agente empiece a responder,,1.8052654416919571,15.334,0.32,1790363188.446,1790363203.78,,,,,,,,,,,1790363121.146,1790363264.989,,demo_booking,customer_hangup,0.0
1790362725,96,d8837c7d-169b-4282-9b88-a14bdf17dc34,3,client_only,short,finalizada,,,14.479653072019573,3.7995058460451765,23.324,0.48,1790363205.586,1790363228.91,,,,,,,,,,,1790363121.146,1790363264.989,,demo_booking,customer_hangup,0.0
1790362725,96,d8837c7d-169b-4282-9b88-a14bdf17dc34,4,client_only,long,finalizada,,,3.4584695769881364,2.5393918800843505,18.474,3.06,1790363232.71,1790363251.184,,,,,,,,,,,1790363121.146,1790363264.989,,demo_booking,customer_hangup,0.0
1790362725,96,d8837c7d-169b-4282-9b88-a14bdf17dc34,5,client_only,short,finalizada,,,4.219105920026777,1.7567544608372605,9.502,0.48,1790363253.724,1790363263.226,,,,,,,,,,,1790363121.146,1790363264.989,,demo_booking,customer_hangup,0.0
1790362725,96,d8837c7d-169b-4282-9b88-a14bdf17dc34,0,server_only,,finalizada,,,,,,,,,3.96,3.027,0.933,2.667,3.609,,0.57,10.35,,7.196,1790363121.146,1790363264.989,7.12,demo_booking,customer_hangup,0.0
1790362725,96,d8837c7d-169b-4282-9b88-a14bdf17dc34,1,server_only,,finalizada,,,,,,,,,0.839,0.0,0.839,2.396,5.175,,0.451,3.45,,3.686,1790363121.146,1790363264.989,6.024,demo_booking,customer_hangup,0.0
1790362725,96,d8837c7d-169b-4282-9b88-a14bdf17dc34,2,server_only,,finalizada,,,,,,,,,1.016,0.0,1.016,1.014,3.792,,1.224,10.75,,3.255,1790363121.146,1790363264.989,2.787,demo_booking,customer_hangup,0.0
1790362725,96,d8837c7d-169b-4282-9b88-a14bdf17dc34,3,server_only,,finalizada,,,,,,,,,1.422,1.361,0.06,,,,0.076,0.05,,,1790363121.146,1790363264.989,,demo_booking,customer_hangup,0.0
1790362725,96,d8837c7d-169b-4282-9b88-a14bdf17dc34,4,server_only,,finalizada,,,,,,,,,0.529,0.528,0.001,0.331,1.797,,0.22,3.61,,1.08,1790363121.146,1790363264.989,2.554,demo_booking,customer_hangup,0.0
1790362725,96,7fc690f8-f1ec-438d-9e16-c867d6caf5a1,0,client_only,short,finalizada,,,9.065375325997593,5.084715157149724,12.732,0.32,1790363132.748,1790363145.481,,,,,,,,,,,1790363120.998,1790363240.628,,demo_booking,customer_hangup,0.0
1790362725,96,7fc690f8-f1ec-438d-9e16-c867d6caf5a1,1,client_only,long,finalizada,,timeout esperando que el agente empiece a responder,,1.215860783584211,18.048,3.06,1790363150.567,1790363168.615,,,,,,,,,,,1790363120.998,1790363240.628,,demo_booking,customer_hangup,0.0
1790362725,96,7fc690f8-f1ec-438d-9e16-c867d6caf5a1,2,client_only,short,finalizada,,,2.606328885012772,1.3711582223705991,8.699,0.32,1790363169.831,1790363178.53,,,,,,,,,,,1790363120.998,1790363240.628,,demo_booking,customer_hangup,0.0
1790362725,96,7fc690f8-f1ec-438d-9e16-c867d6caf5a1,3,client_only,medium,finalizada,,,-0.413768833008362,2.8633707524842418,16.594,2.6,1790363179.902,1790363196.496,,,,,,,,,,,1790363120.998,1790363240.628,,demo_booking,customer_hangup,0.0
1790362725,96,7fc690f8-f1ec-438d-9e16-c867d6caf5a1,4,client_only,medium,finalizada,,,9.366103849984938,6.090520545591642,19.094,2.24,1790363199.36,1790363218.454,,,,,,,,,,,1790363120.998,1790363240.628,,demo_booking,customer_hangup,0.0
1790362725,96,7fc690f8-f1ec-438d-9e16-c867d6caf5a1,5,client_only,short,finalizada,,,6.386235195008339,4.659633523786742,11.413,0.48,1790363224.546,1790363235.958,,,,,,,,,,,1790363120.998,1790363240.628,,demo_booking,customer_hangup,0.0
1790362725,96,7fc690f8-f1ec-438d-9e16-c867d6caf5a1,0,server_only,,finalizada,,,,,,,,,4.69,4.03,0.66,1.671,3.536,,0.484,3.94,,6.845,1790363120.998,1790363240.628,6.844,demo_booking,customer_hangup,0.0
1790362725,96,7fc690f8-f1ec-438d-9e16-c867d6caf5a1,1,server_only,,finalizada,,,,,,,,,2.028,1.942,0.086,0.93,2.765,,0.649,10.18,,3.607,1790363120.998,1790363240.628,4.857,demo_booking,customer_hangup,0.0
1790362725,96,7fc690f8-f1ec-438d-9e16-c867d6caf5a1,2,server_only,,finalizada,,,,,,,,,3.444,2.848,0.596,2.258,6.804,,0.248,6.73,,5.95,1790363120.998,1790363240.628,10.059,demo_booking,customer_hangup,0.0
1790362725,96,7fc690f8-f1ec-438d-9e16-c867d6caf5a1,3,server_only,,finalizada,,,,,,,,,4.086,4.077,0.01,1.102,5.883,,0.373,3.53,,5.562,1790363120.998,1790363240.628,11.559,demo_booking,customer_hangup,0.0
1790362725,96,45e8c4a7-ca51-4ef6-8308-c9ed463d9c69,0,client_only,long,finalizada,,,9.556561937992228,2.0372276221847825,22.881,3.06,1790363134.059,1790363156.94,,,,,,,,,,,1790363121.234,1790363242.341,,demo_booking,customer_hangup,0.0
1790362725,96,45e8c4a7-ca51-4ef6-8308-c9ed463d9c69,1,client_only,medium,finalizada,,timeout esperando que el agente empiece a responder,,2.760326936607715,17.593,2.6,1790363158.978,1790363176.571,,,,,,,,,,,1790363121.234,1790363242.341,,demo_booking,customer_hangup,0.0
1790362725,96,45e8c4a7-ca51-4ef6-8308-c9ed463d9c69,2,client_only,short,finalizada,,,-1.7034282549866475,3.85197180073143,11.618,0.32,1790363179.332,1790363190.95,,,,,,,,,,,1790363121.234,1790363242.341,,demo_booking,customer_hangup,0.0
1790362725,96,45e8c4a7-ca51-4ef6-8308-c9ed463d9c69,3,client_only,medium,finalizada,,timeout esperando que el agente empiece a responder,,10.0,17.238,2.24,1790363194.803,1790363212.041,,,,,,,,,,,1790363121.234,1790363242.341,,demo_booking,customer_hangup,0.0
1790362725,96,45e8c4a7-ca51-4ef6-8308-c9ed463d9c69,4,client_only,long,finalizada,,,-13.3036943069892,1.2043016910670234,4.177,3.52,1790363222.042,1790363226.219,,,,,,,,,,,1790363121.234,1790363242.341,,demo_booking,customer_hangup,0.0
1790362725,96,45e8c4a7-ca51-4ef6-8308-c9ed463d9c69,5,client_only,short,finalizada,,,4.7367791539873,1.2608287619814762,13.65,0.38,1790363227.425,1790363241.074,,,,,,,,,,,1790363121.234,1790363242.341,,demo_booking,customer_hangup,0.0
1790362725,96,45e8c4a7-ca51-4ef6-8308-c9ed463d9c69,0,server_only,,finalizada,,,,,,,,,1.784,1.507,0.277,1.775,3.806,,0.977,5.13,,4.536,1790363121.234,1790363242.341,6.324,demo_booking,customer_hangup,0.0
1790362725,96,45e8c4a7-ca51-4ef6-8308-c9ed463d9c69,1,server_only,,finalizada,,,,,,,,,2.277,1.82,0.457,1.17,4.799,,0.333,6.5,,3.78,1790363121.234,1790363242.341,4.617,demo_booking,customer_hangup,0.0
1790362725,96,45e8c4a7-ca51-4ef6-8308-c9ed463d9c69,2,server_only,,finalizada,,,,,,,,,1.165,0.903,0.262,0.78,5.33,,1.275,8.09,,3.22,1790363121.234,1790363242.341,8.467,demo_booking,customer_hangup,0.0
1790362725,96,45e8c4a7-ca51-4ef6-8308-c9ed463d9c69,3,server_only,,finalizada,,,,,,,,,0.664,0.0,0.664,2.45,5.938,,0.713,6.98,,3.827,1790363121.234,1790363242.341,3.941,demo_booking,customer_hangup,0.0
1790362725,96,e1346bd6-32cb-4b4c-aea1-e512a9dace97,0,paired,long,finalizada,,,8.544165516999783,1.6567977757402188,20.958,3.06,1790363136.441,1790363157.398,2.438,2.398,0.04,0.879,3.164,,0.57,5.45,,3.887,1790363121.483,1790363275.993,6.192,demo_booking,customer_hangup,0.0
1790362725,96,e1346bd6-32cb-4b4c-aea1-e512a9dace97,1,paired,medium,finalizada,,,13.265084987011505,2.664034391590614,30.1,2.24,1790363159.056,1790363189.156,1.846,1.73,0.116,1.264,2.423,,1.284,8.17,,4.393,1790363121.483,1790363275.993,6.147,demo_booking,customer_hangup,0.0
1790362725,96,e1346bd6-32cb-4b4c-aea1-e512a9dace97,2,paired,medium,finalizada,,timeout esperando que el agente empiece a responder,,3.3684386707698235,17.585,2.6,1790363191.821,1790363209.406,2.794,2.595,0.198,1.867,5.519,,0.337,4.17,,4.998,1790363121.483,1790363275.993,8.567,demo_booking,customer_hangup,0.0
1790362725,96,e1346bd6-32cb-4b4c-aea1-e512a9dace97,3,paired,long,finalizada,,,11.565068019990576,1.328660491090653,21.144,3.06,1790363212.776,1790363233.92,0.725,0.507,0.218,0.587,1.427,,0.349,5.21,,1.661,1790363121.483,1790363275.993,2.368,demo_booking,customer_hangup,0.0
1790362725,96,e1346bd6-32cb-4b4c-aea1-e512a9dace97,4,paired,long,finalizada,,,4.74434661999112,10.0,14.82,3.52,1790363235.249,1790363250.069,1.205,1.066,0.139,0.593,1.503,,0.194,4.89,,1.991,1790363121.483,1790363275.993,2.798,demo_booking,customer_hangup,0.0
1790362725,96,e1346bd6-32cb-4b4c-aea1-e512a9dace97,5,paired,long,finalizada,,,2.2844530809961725,5.757548722683372,10.159,3.52,1790363260.07,1790363270.229,0.402,0.389,0.013,0.254,0.805,,0.067,3.21,,0.723,1790363121.483,1790363275.993,1.263,demo_booking,customer_hangup,0.0
1790362725,96,7abdf802-aa24-4b64-a27c-4aabc4734d88,0,client_only,short,finalizada,,timeout esperando que el agente empiece a responder,,1.2686139022916763,15.988,1.0,1790363133.159,1790363149.147,,,,,,,,,,,1790363121.733,1790363231.877,,demo_booking,customer_hangup,0.0
1790362725,96,7abdf802-aa24-4b64-a27c-4aabc4734d88,1,client_only,short,finalizada,,,10.26637788899825,1.0,13.588,0.32,1790363150.416,1790363164.005,,,,,,,,,,,1790363121.733,1790363231.877,,demo_booking,customer_hangup,0.0
1790362725,96,7abdf802-aa24-4b64-a27c-4aabc4734d88,2,client_only,long,finalizada,,,-4.333214023994515,6.510197314468104,5.344,3.52,1790363165.006,1790363170.349,,,,,,,,,,,1790363121.733,1790363231.877,,demo_booking,customer_hangup,0.0
1790362725,96,7abdf802-aa24-4b64-a27c-4aabc4734d88,3,client_only,short,finalizada,,,13.20550022702082,2.1448360520886274,17.983,0.48,1790363176.86,1790363194.843,,,,,,,,,,,1790363121.733,1790363231.877,,demo_booking,customer_hangup,0.0
1790362725,96,7abdf802-aa24-4b64-a27c-4aabc4734d88,4,client_only,short,finalizada,,,6.2863563660066575,1.6508863016051478,12.694,1.0,1790363196.989,1790363209.682,,,,,,,,,,,1790363121.733,1790363231.877,,demo_booking,customer_hangup,0.0
1790362725,96,7abdf802-aa24-4b64-a27c-4aabc4734d88,5,client_only,long,finalizada,,timeout esperando que el agente empiece a responder,,2.4806970756081914,18.057,3.06,1790363211.334,1790363229.391,,,,,,,,,,,1790363121.733,1790363231.877,,demo_booking,customer_hangup,0.0
1790362725,96,7abdf802-aa24-4b64-a27c-4aabc4734d88,0,server_only,,finalizada,,,,,,,,,3.416,2.82,0.596,1.84,3.375,,1.587,4.66,,6.842,1790363121.733,1790363231.877,7.82,demo_booking,customer_hangup,0.0
1790362725,96,7abdf802-aa24-4b64-a27c-4aabc4734d88,1,server_only,,finalizada,,,,,,,,,2.051,1.979,0.072,1.907,4.434,,0.386,2.57,,4.344,1790363121.733,1790363231.877,6.827,demo_booking,customer_hangup,0.0
1790362725,96,7abdf802-aa24-4b64-a27c-4aabc4734d88,2,server_only,,finalizada,,,,,,,,,2.319,2.232,0.086,3.313,5.802,,0.692,2.49,,6.323,1790363121.733,1790363231.877,9.183,demo_booking,customer_hangup,0.0
1790362725,96,7abdf802-aa24-4b64-a27c-4aabc4734d88,3,server_only,,finalizada,,,,,,,,,1.74,0.89,0.849,3.278,7.306,,0.217,1.89,,5.235,1790363121.733,1790363231.877,8.766,demo_booking,customer_hangup,0.0
1790362725,96,9aac7ac5-f01a-40e6-999a-80a040574c3a,0,client_only,short,finalizada,,timeout esperando que el agente empiece a responder,,2.108745689637707,15.321,0.32,1790363137.49,1790363152.811,,,,,,,,,,,1790363122.736,1790363234.472,,demo_booking,customer_hangup,0.0
1790362725,96,9aac7ac5-f01a-40e6-999a-80a040574c3a,1,client_only,medium,finalizada,,,12.557333596982062,1.4749944015324523,24.126,2.12,1790363154.92,1790363179.046,,,,,,,,,,,1790363122.736,1790363234.472,,demo_booking,customer_hangup,0.0
1790362725,96,9aac7ac5-f01a-40e6-999a-80a040574c3a,2,client_only,short,finalizada,,timeout esperando que el agente empiece a responder,,2.6756982878225974,15.31,0.32,1790363180.523,1790363195.833,,,,,,,,,,,1790363122.736,1790363234.472,,demo_booking,customer_hangup,0.0
1790362725,96,9aac7ac5-f01a-40e6-999a-80a040574c3a,3,client_only,medium,finalizada,,,0.09789145601098426,1.218479663051824,12.532,2.6,1790363198.509,1790363211.042,,,,,,,,,,,1790363122.736,1790363234.472,,demo_booking,customer_hangup,0.0
1790362725,96,9aac7ac5-f01a-40e6-999a-80a040574c3a,4,client_only,short,finalizada,,timeout esperando que el agente empiece a responder,,2.170471517536328,15.479,0.48,1790363212.261,1790363227.74,,,,,,,,,,,1790363122.736,1790363234.472,,demo_booking,customer_hangup,0.0
1790362725,96,9aac7ac5-f01a-40e6-999a-80a040574c3a,5,client_only,medium,finalizada,,,-2.002662293991307,1.6764284810939025,2.876,2.24,1790363229.912,1790363232.788,,,,,,,,,,,1790363122.736,1790363234.472,,demo_booking,customer_hangup,0.0
1790362725,96,9aac7ac5-f01a-40e6-999a-80a040574c3a,0,server_only,,finalizada,,,,,,,,,2.228,1.83,0.398,1.354,2.612,,0.64,4.81,,4.222,1790363122.736,1790363234.472,5.778,demo_booking,customer_hangup,0.0
1790362725,96,9aac7ac5-f01a-40e6-999a-80a040574c3a,1,server_only,,finalizada,,,,,,,,,0.0,0.0,0.0,1.489,3.828,,0.39,5.06,,1.879,1790363122.736,1790363234.472,,demo_booking,customer_hangup,0.0
1790362725,96,9aac7ac5-f01a-40e6-999a-80a040574c3a,2,server_only,,finalizada,,,,,,,,,2.116,1.603,0.513,2.782,7.037,,0.41,2.49,,5.308,1790363122.736,1790363234.472,9.727,demo_booking,customer_hangup,0.0
1790362725,96,9aac7ac5-f01a-40e6-999a-80a040574c3a,3,server_only,,finalizada,,,,,,,,,2.516,2.514,0.002,,,,,0.0,,,1790363122.736,1790363234.472,,demo_booking,customer_hangup,0.0
1790362725,96,6b763a42-f1b5-48ce-bd58-7ea96d2e0f4d,0,client_only,medium,finalizada,,,9.114425098989159,1.2027518315614527,16.42,2.24,1790363136.452,1790363152.872,,,,,,,,,,,1790363122.972,1790363230.285,,demo_booking,customer_hangup,0.0
1790362725,96,6b763a42-f1b5-48ce-bd58-7ea96d2e0f4d,1,client_only,short,finalizada,,,-2.164948079007445,1.0226305852871274,6.608,1.0,1790363154.075,1790363160.683,,,,,,,,,,,1790363122.972,1790363230.285,,demo_booking,customer_hangup,0.0
1790362725,96,6b763a42-f1b5-48ce-bd58-7ea96d2e0f4d,2,client_only,short,finalizada,,timeout esperando que el agente empiece a responder,,1.4232262716623398,15.318,0.32,1790363161.706,1790363177.024,,,,,,,,,,,1790363122.972,1790363230.285,,demo_booking,customer_hangup,0.0
1790362725,96,6b763a42-f1b5-48ce-bd58-7ea96d2e0f4d,3,client_only,medium,finalizada,,,-2.5654905019910075,4.553555056591766,4.43,2.24,1790363178.448,1790363182.878,,,,,,,,,,,1790363122.972,1790363230.285,,demo_booking,customer_hangup,0.0
1790362725,96,6b763a42-f1b5-48ce-bd58-7ea96d2e0f4d,4,client_only,long,finalizada,,,1.394475979002891,5.5871953920249275,14.888,3.06,1790363187.432,1790363202.321,,,,,,,,,,,1790363122.972,1790363230.285,,demo_booking,customer_hangup,0.0
1790362725,96,6b763a42-f1b5-48ce-bd58-7ea96d2e0f4d,5,client_only,long,finalizada,,,6.214289739989908,3.0259963768193376,19.339,3.52,1790363207.909,1790363227.248,,,,,,,,,,,1790363122.972,1790363230.285,,demo_booking,customer_hangup,0.0
1790362725,96,6b763a42-f1b5-48ce-bd58-7ea96d2e0f4d,0,server_only,,finalizada,,,,,,,,,2.215,2.087,0.128,1.358,3.31,,0.403,5.69,,3.977,1790363122.972,1790363230.285,5.931,demo_booking,customer_hangup,0.0
1790362725,96,6b763a42-f1b5-48ce-bd58-7ea96d2e0f4d,1,server_only,,finalizada,,,,,,,,,3.396,3.079,0.316,1.58,3.311,,0.698,4.33,,5.674,1790363122.972,1790363230.285,7.318,demo_booking,customer_hangup,0.0
1790362725,96,6b763a42-f1b5-48ce-bd58-7ea96d2e0f4d,2,server_only,,finalizada,,,,,,,,,3.6,3.575,0.025,1.162,3.507,,1.462,5.93,,6.224,1790363122.972,1790363230.285,9.117,demo_booking,customer_hangup,0.0
1790362725,96,6b763a42-f1b5-48ce-bd58-7ea96d2e0f4d,3,server_only,,finalizada,,,,,,,,,2.994,2.686,0.309,1.502,4.294,,0.241,5.45,,4.737,1790363122.972,1790363230.285,7.275,demo_booking,customer_hangup,0.0
1790362725,96,6b763a42-f1b5-48ce-bd58-7ea96d2e0f4d,4,server_only,,finalizada,,,,,,,,,1.896,1.88,0.016,,,,,0.0,,,1790363122.972,1790363230.285,,demo_booking,customer_hangup,0.0
1790362725,96,ed8292fe-bd89-4797-b31b-dcaefb9d5361,0,client_only,short,finalizada,,timeout esperando que el agente empiece a responder,,1.8585743586959056,15.471,0.48,1790363136.987,1790363152.458,,,,,,,,,,,1790363123.221,1790363224.313,,demo_booking,customer_hangup,0.0
1790362725,96,ed8292fe-bd89-4797-b31b-dcaefb9d5361,1,client_only,short,finalizada,,,13.650113782990957,3.4634692365759316,16.275,0.38,1790363154.317,1790363170.593,,,,,,,,,,,1790363123.221,1790363224.313,,demo_booking,customer_hangup,0.0
1790362725,96,ed8292fe-bd89-4797-b31b-dcaefb9d5361,2,client_only,medium,finalizada,,,-5.2704499709943775,3.19364098044637,3.53,2.12,1790363174.057,1790363177.587,,,,,,,,,,,1790363123.221,1790363224.313,,demo_booking,customer_hangup,0.0
1790362725,96,ed8292fe-bd89-4797-b31b-dcaefb9d5361,3,client_only,short,finalizada,,timeout esperando que el agente empiece a responder,,7.816408750048058,15.999,1.0,1790363180.781,1790363196.78,,,,,,,,,,,1790363123.221,1790363224.313,,demo_booking,customer_hangup,0.0
1790362725,96,ed8292fe-bd89-4797-b31b-dcaefb9d5361,4,client_only,short,finalizada,,,2.109591795015149,1.3751046043172335,6.878,0.48,1790363204.597,1790363211.475,,,,,,,,,,,1790363123.221,1790363224.313,,demo_booking,customer_hangup,0.0
1790362725,96,ed8292fe-bd89-4797-b31b-dcaefb9d5361,5,client_only,short,finalizada,,,3.0694163590087555,2.3573233078235374,9.097,0.38,1790363212.851,1790363221.948,,,,,,,,,,,1790363123.221,1790363224.313,,demo_booking,customer_hangup,0.0
1790362725,96,ed8292fe-bd89-4797-b31b-dcaefb9d5361,0,server_only,,finalizada,,,,,,,,,1.987,1.466,0.521,2.439,5.106,,0.759,4.89,,5.185,1790363123.221,1790363224.313,7.392,demo_booking,customer_hangup,0.0
1790362725,96,ed8292fe-bd89-4797-b31b-dcaefb9d5361,1,server_only,,finalizada,,,,,,,,,3.041,2.702,0.339,1.49,3.978,,0.367,6.17,,4.897,1790363123.221,1790363224.313,7.256,demo_booking,customer_hangup,0.0
1790362725,96,ed8292fe-bd89-4797-b31b-dcaefb9d5361,2,server_only,,finalizada,,,,,,,,,5.407,5.377,0.03,1.237,3.869,,0.303,3.29,,6.948,1790363123.221,1790363224.313,10.255,demo_booking,customer_hangup,0.0
1790362725,96,4e5416c0-2a69-4437-85a6-5b5216ef2b08,0,client_only,short,finalizada,,timeout esperando que el agente empiece a responder,,2.3434118259956342,16.002,1.0,1790363137.386,1790363153.388,,,,,,,,,,,1790363123.471,1790363250.349,,demo_booking,customer_hangup,0.0
1790362725,96,4e5416c0-2a69-4437-85a6-5b5216ef2b08,1,client_only,short,finalizada,,,8.44020476998412,2.6320453300862976,20.157,1.0,1790363155.732,1790363175.889,,,,,,,,,,,1790363123.471,1790363250.349,,demo_booking,customer_hangup,0.0
1790362725,96,4e5416c0-2a69-4437-85a6-5b5216ef2b08,2,client_only,short,finalizada,,timeout esperando que el agente empiece a responder,,4.91072540201221,15.99,1.0,1790363178.522,1790363194.512,,,,,,,,,,,1790363123.471,1790363250.349,,demo_booking,customer_hangup,0.0
1790362725,96,4e5416c0-2a69-4437-85a6-5b5216ef2b08,3,client_only,short,finalizada,,,2.3998015379766002,1.6285993815349062,12.756,0.48,1790363199.423,1790363212.179,,,,,,,,,,,1790363123.471,1790363250.349,,demo_booking,customer_hangup,0.0
1790362725,96,4e5416c0-2a69-4437-85a6-5b5216ef2b08,4,client_only,short,finalizada,,,14.399973698018584,1.0,21.443,1.0,1790363213.808,1790363235.251,,,,,,,,,,,1790363123.471,1790363250.349,,demo_booking,customer_hangup,0.0
1790362725,96,4e5416c0-2a69-4437-85a6-5b5216ef2b08,5,client_only,short,finalizada,,,6.680362879997119,2.4840147494582245,11.599,0.48,1790363236.252,1790363247.85,,,,,,,,,,,1790363123.471,1790363250.349,,demo_booking,customer_hangup,0.0
1790362725,96,4e5416c0-2a69-4437-85a6-5b5216ef2b08,0,server_only,,finalizada,,,,,,,,,1.86,1.078,0.782,2.086,3.323,,0.223,5.21,,4.169,1790363123.471,1790363250.349,4.812,demo_booking,customer_hangup,0.0
1790362725,96,4e5416c0-2a69-4437-85a6-5b5216ef2b08,1,server_only,,finalizada,,,,,,,,,2.319,2.134,0.185,2.196,4.647,,0.297,3.05,,4.812,1790363123.471,1790363250.349,7.184,demo_booking,customer_hangup,0.0
1790362725,96,4e5416c0-2a69-4437-85a6-5b5216ef2b08,2,server_only,,finalizada,,,,,,,,,1.004,0.98,0.024,1.751,5.715,,0.31,2.81,,3.065,1790363123.471,1790363250.349,7.223,demo_booking,customer_hangup,0.0
1790362725,96,4e5416c0-2a69-4437-85a6-5b5216ef2b08,3,server_only,,finalizada,,,,,,,,,1.553,1.114,0.439,1.436,2.138,,0.428,2.89,,3.417,1790363123.471,1790363250.349,3.761,demo_booking,customer_hangup,0.0
1790362725,96,ca8b5e87-9f66-406a-9d5b-2c19ed301910,0,paired,long,finalizada,,,9.280487402022118,3.8659510996164337,33.545,3.52,1790363136.299,1790363169.844,2.527,2.146,0.381,2.479,4.068,,1.515,8.58,,6.521,1790363123.044,1790363254.835,7.244,demo_booking,customer_hangup,0.0
1790362725,96,ca8b5e87-9f66-406a-9d5b-2c19ed301910,1,paired,long,finalizada,,timeout esperando que el agente empiece a responder,,2.176128640328252,18.51,3.52,1790363173.711,1790363192.221,1.61,1.071,0.539,1.786,4.668,,0.182,5.29,,3.578,1790363123.044,1790363254.835,6.337,demo_booking,customer_hangup,0.0
1790362725,96,ca8b5e87-9f66-406a-9d5b-2c19ed301910,2,paired,short,finalizada,,,13.259646063990658,4.293653878367929,15.927,0.32,1790363194.398,1790363210.325,1.786,1.602,0.184,1.552,4.925,,0.159,4.89,,3.497,1790363123.044,1790363254.835,6.829,demo_booking,customer_hangup,0.0
1790362725,96,ca8b5e87-9f66-406a-9d5b-2c19ed301910,3,paired,short,finalizada,,,-4.379682030994445,5.940015156990183,3.428,0.38,1790363214.62,1790363218.047,2.652,2.493,0.159,0.935,2.784,,-1.0,0.0,,2.587,1790363123.044,1790363254.835,,demo_booking,customer_hangup,0.0
1790362725,96,ca8b5e87-9f66-406a-9d5b-2c19ed301910,4,paired,short,finalizada,,,8.660527461004676,1.9928538518659433,14.981,0.32,1790363223.989,1790363238.97,0.83,0.821,0.009,0.527,2.475,,0.422,5.13,,1.779,1790363123.044,1790363254.835,3.763,demo_booking,customer_hangup,0.0
1790362725,96,ca8b5e87-9f66-406a-9d5b-2c19ed301910,5,paired,short,finalizada,,,8.139680227992358,1.5073685623044584,12.36,0.38,1790363240.963,1790363253.323,1.325,1.315,0.011,,,,,0.0,,,1790363123.044,1790363254.835,,demo_booking,customer_hangup,0.0
1790362725,96,e5059e56-50b1-4ce8-a219-cfef19864255,0,paired,long,finalizada,,,8.422233791992767,1.653865114608379,15.338,3.52,1790363136.246,1790363151.584,2.677,2.189,0.488,3.129,4.653,,0.358,6.66,,6.163,1790363123.279,1790363256.097,5.693,demo_booking,customer_hangup,0.0
1790362725,96,e5059e56-50b1-4ce8-a219-cfef19864255,1,paired,medium,finalizada,,,-3.337966338993283,6.402180685979253,7.377,2.12,1790363153.238,1790363160.615,1.675,1.497,0.178,1.258,3.452,,0.94,4.97,,3.874,1790363123.279,1790363256.097,6.099,demo_booking,customer_hangup,0.0
1790362725,96,e5059e56-50b1-4ce8-a219-cfef19864255,2,paired,short,finalizada,,,11.182130473025609,1.9209089872460916,20.449,0.38,1790363167.018,1790363187.467,2.463,2.422,0.042,1.346,3.416,,0.599,3.29,,4.408,1790363123.279,1790363256.097,6.477,demo_booking,customer_hangup,0.0
1790362725,96,e5059e56-50b1-4ce8-a219-cfef19864255,3,paired,short,finalizada,,,13.862880694010528,2.0454268469955412,20.07,0.32,1790363189.389,1790363209.459,1.773,1.161,0.612,2.742,7.408,,0.239,4.01,,4.754,1790363123.279,1790363256.097,8.96,demo_booking,customer_hangup,0.0
1790362725,96,e5059e56-50b1-4ce8-a219-cfef19864255,4,paired,medium,finalizada,,timeout esperando que el agente empiece a responder,,8.031530212977467,17.102,2.12,1790363211.506,1790363228.608,0.82,0.546,0.275,1.287,3.079,,0.196,4.41,,2.303,1790363123.279,1790363256.097,3.847,demo_booking,customer_hangup,0.0
1790362725,96,e5059e56-50b1-4ce8-a219-cfef19864255,5,paired,long,finalizada,,,8.542500884999754,1.7832396814930176,17.67,3.52,1790363236.64,1790363254.31,0.765,0.693,0.073,,,,,0.0,,,1790363123.279,1790363256.097,,demo_booking,customer_hangup,0.0
1790362725,96,615fc496-63e7-4e22-b7b3-12500718aa93,0,client_only,short,finalizada,,timeout esperando que el agente empiece a responder,,2.4960305608258664,15.471,0.48,1790363136.627,1790363152.098,,,,,,,,,,,1790363123.529,1790363224.987,,demo_booking,customer_hangup,0.0
1790362725,96,615fc496-63e7-4e22-b7b3-12500718aa93,1,client_only,medium,finalizada,,timeout esperando que el agente empiece a responder,,6.040520301982095,17.119,2.12,1790363154.596,1790363171.714,,,,,,,,,,,1790363123.529,1790363224.987,,demo_booking,customer_hangup,0.0
1790362725,96,615fc496-63e7-4e22-b7b3-12500718aa93,2,client_only,long,finalizada,,,-8.798500881996006,1.4246698636833448,3.423,3.06,1790363177.756,1790363181.179,,,,,,,,,,,1790363123.529,1790363224.987,,demo_booking,customer_hangup,0.0
1790362725,96,615fc496-63e7-4e22-b7b3-12500718aa93,3,client_only,long,finalizada,,timeout esperando que el agente empiece a responder,,1.2016296439869323,18.06,3.06,1790363182.604,1790363200.664,,,,,,,,,,,1790363123.529,1790363224.987,,demo_booking,customer_hangup,0.0
1790362725,96,615fc496-63e7-4e22-b7b3-12500718aa93,4,client_only,short,finalizada,,,2.1619277559802867,1.6281093803033808,6.07,0.48,1790363201.866,1790363207.937,,,,,,,,,,,1790363123.529,1790363224.987,,demo_booking,customer_hangup,0.0
1790362725,96,615fc496-63e7-4e22-b7b3-12500718aa93,5,client_only,long,finalizada,,,-0.7191385319747496,1.675433660325669,13.736,3.06,1790363209.566,1790363223.302,,,,,,,,,,,1790363123.529,1790363224.987,,demo_booking,customer_hangup,0.0
1790362725,96,615fc496-63e7-4e22-b7b3-12500718aa93,0,server_only,,finalizada,,,,,,,,,1.209,0.0,1.209,3.182,4.109,,0.906,5.54,,5.297,1790363123.529,1790363224.987,2.791,demo_booking,customer_hangup,0.0
1790362725,96,615fc496-63e7-4e22-b7b3-12500718aa93,1,server_only,,finalizada,,,,,,,,,1.976,1.628,0.348,1.158,4.519,,0.909,4.66,,4.043,1790363123.529,1790363224.987,10.136,demo_booking,customer_hangup,0.0
1790362725,96,615fc496-63e7-4e22-b7b3-12500718aa93,2,server_only,,finalizada,,,,,,,,,5.031,5.014,0.018,2.052,4.967,,0.324,6.02,,7.408,1790363123.529,1790363224.987,8.513,demo_booking,customer_hangup,0.0
1790362725,96,9f9cbc5d-3667-485a-ad23-b6945df4ef0f,0,client_only,short,finalizada,,,-0.15225311001995578,1.0,4.567,1.0,1790363132.611,1790363137.178,,,,,,,,,,,1790363123.778,1790363236.203,,demo_booking,customer_hangup,0.0
1790362725,96,9f9cbc5d-3667-485a-ad23-b6945df4ef0f,1,client_only,medium,finalizada,,,7.147611499007326,3.6707192138708664,11.982,2.6,1790363138.18,1790363150.161,,,,,,,,,,,1790363123.778,1790363236.203,,demo_booking,customer_hangup,0.0
1790362725,96,9f9cbc5d-3667-485a-ad23-b6945df4ef0f,2,client_only,medium,finalizada,,,-2.551827501010848,3.3022030105528177,12.899,2.24,1790363153.832,1790363166.731,,,,,,,,,,,1790363123.778,1790363236.203,,demo_booking,customer_hangup,0.0
1790362725,96,9f9cbc5d-3667-485a-ad23-b6945df4ef0f,3,client_only,medium,finalizada,,,14.367634663009085,1.959834767650701,20.582,2.12,1790363170.034,1790363190.616,,,,,,,,,,,1790363123.778,1790363236.203,,demo_booking,customer_hangup,0.0
1790362725,96,9f9cbc5d-3667-485a-ad23-b6945df4ef0f,4,client_only,short,finalizada,,,14.027577400993323,4.573200121589816,22.075,1.0,1790363192.577,1790363214.652,,,,,,,,,,,1790363123.778,1790363236.203,,demo_booking,customer_hangup,0.0
1790362725,96,9f9cbc5d-3667-485a-ad23-b6945df4ef0f,5,client_only,short,finalizada,,timeout esperando que el agente empiece a responder,,1.6592278461590344,15.311,0.32,1790363219.226,1790363234.537,,,,,,,,,,,1790363123.778,1790363236.203,,demo_booking,customer_hangup,0.0
1790362725,96,9f9cbc5d-3667-485a-ad23-b6945df4ef0f,0,server_only,,finalizada,,,,,,,,,3.233,3.232,0.001,2.143,4.042,,1.021,4.81,,6.397,1790363123.778,1790363236.203,12.183,demo_booking,customer_hangup,0.0
1790362725,96,9f9cbc5d-3667-485a-ad23-b6945df4ef0f,1,server_only,,finalizada,,,,,,,,,4.003,3.743,0.259,1.358,3.355,,0.403,5.94,,5.764,1790363123.778,1790363236.203,7.37,demo_booking,customer_hangup,0.0
1790362725,96,9f9cbc5d-3667-485a-ad23-b6945df4ef0f,2,server_only,,finalizada,,,,,,,,,3.998,3.93,0.068,1.247,4.497,,1.919,2.73,,7.164,1790363123.778,1790363236.203,10.582,demo_booking,customer_hangup,0.0
1790362725,96,9f9cbc5d-3667-485a-ad23-b6945df4ef0f,3,server_only,,finalizada,,,,,,,,,2.496,1.729,0.767,1.654,3.34,,0.205,2.17,,4.355,1790363123.778,1790363236.203,5.371,demo_booking,customer_hangup,0.0
1790362725,96,9f9cbc5d-3667-485a-ad23-b6945df4ef0f,4,server_only,,finalizada,,,,,,,,,2.767,2.381,0.385,0.832,2.443,,0.331,2.41,,3.93,1790363123.778,1790363236.203,5.489,demo_booking,customer_hangup,0.0
1790362725,96,c61f42cc-3756-4ded-9eaf-6e6b6a71a5bc,0,client_only,long,finalizada,,,10.201624104985967,7.255264228961297,20.363,3.52,1790363139.884,1790363160.246,,,,,,,,,,,1790363124.466,1790363226.382,,demo_booking,customer_hangup,0.0
1790362725,96,c61f42cc-3756-4ded-9eaf-6e6b6a71a5bc,1,client_only,short,finalizada,,,-7.93829314399045,1.6990966153351572,3.205,1.0,1790363167.502,1790363170.707,,,,,,,,,,,1790363124.466,1790363226.382,,demo_booking,customer_hangup,0.0
1790362725,96,c61f42cc-3756-4ded-9eaf-6e6b6a71a5bc,2,client_only,short,finalizada,,timeout esperando que el agente empiece a responder,,1.3996774654575634,15.38,0.38,1790363172.407,1790363187.787,,,,,,,,,,,1790363124.466,1790363226.382,,demo_booking,customer_hangup,0.0
1790362725,96,c61f42cc-3756-4ded-9eaf-6e6b6a71a5bc,3,client_only,short,finalizada,,timeout esperando que el agente empiece a responder,,1.0748340643175303,15.378,0.38,1790363189.188,1790363204.566,,,,,,,,,,,1790363124.466,1790363226.382,,demo_booking,customer_hangup,0.0
1790362725,96,c61f42cc-3756-4ded-9eaf-6e6b6a71a5bc,4,client_only,long,finalizada,,,-1.6188664959918242,2.55392309463946,6.669,3.06,1790363205.642,1790363212.311,,,,,,,,,,,1790363124.466,1790363226.382,,demo_booking,customer_hangup,0.0
1790362725,96,c61f42cc-3756-4ded-9eaf-6e6b6a71a5bc,5,client_only,long,finalizada,,,-0.11830922300578095,5.083723993455056,6.422,3.52,1790363214.865,1790363221.287,,,,,,,,,,,1790363124.466,1790363226.382,,demo_booking,customer_hangup,0.0
1790362725,96,c61f42cc-3756-4ded-9eaf-6e6b6a71a5bc,0,server_only,,finalizada,,,,,,,,,3.935,3.499,0.436,1.626,3.834,,1.165,8.83,,6.726,1790363124.466,1790363226.382,6.435,demo_booking,customer_hangup,0.0
1790362725,96,c61f42cc-3756-4ded-9eaf-6e6b6a71a5bc,1,server_only,,finalizada,,,,,,,,,0.893,0.0,0.893,1.442,4.927,,0.334,2.33,,2.669,1790363124.466,1790363226.382,5.426,demo_booking,customer_hangup,0.0
1790362725,96,c61f42cc-3756-4ded-9eaf-6e6b6a71a5bc,2,server_only,,finalizada,,,,,,,,,1.633,1.63,0.003,2.277,3.847,,0.509,1.45,,4.419,1790363124.466,1790363226.382,6.459,demo_booking,customer_hangup,0.0
1790362725,96,c65d3e74-cf4d-4eaa-8ad8-b682166f9621,0,client_only,long,finalizada,,,11.000641146994894,2.25092443764632,22.947,3.52,1790363139.494,1790363162.441,,,,,,,,,,,1790363124.699,1790363244.498,,demo_booking,customer_hangup,0.0
1790362725,96,c65d3e74-cf4d-4eaa-8ad8-b682166f9621,1,client_only,short,finalizada,,timeout esperando que el agente empiece a responder,,2.5439813494074897,15.378,0.38,1790363164.693,1790363180.07,,,,,,,,,,,1790363124.699,1790363244.498,,demo_booking,customer_hangup,0.0
1790362725,96,c65d3e74-cf4d-4eaa-8ad8-b682166f9621,2,client_only,short,finalizada,,,4.821046855999157,5.727930286267532,8.064,0.48,1790363182.615,1790363190.678,,,,,,,,,,,1790363124.699,1790363244.498,,demo_booking,customer_hangup,0.0
1790362725,96,c65d3e74-cf4d-4eaa-8ad8-b682166f9621,3,client_only,short,finalizada,,,-6.059265490999678,1.881007087531245,4.882,0.38,1790363196.407,1790363201.289,,,,,,,,,,,1790363124.699,1790363244.498,,demo_booking,customer_hangup,0.0
1790362725,96,c65d3e74-cf4d-4eaa-8ad8-b682166f9621,4,client_only,medium,finalizada,,,12.040584333997685,1.0,23.6,2.6,1790363203.17,1790363226.771,,,,,,,,,,,1790363124.699,1790363244.498,,demo_booking,customer_hangup,0.0
1790362725,96,c65d3e74-cf4d-4eaa-8ad8-b682166f9621,5,client_only,short,finalizada,,,8.360759303992381,2.746718368121044,13.924,1.0,1790363227.771,1790363241.695,,,,,,,,,,,1790363124.699,1790363244.498,,demo_booking,customer_hangup,0.0
1790362725,96,c65d3e74-cf4d-4eaa-8ad8-b682166f9621,0,server_only,,finalizada,,,,,,,,,2.311,1.753,0.558,2.449,4.877,,0.629,5.29,,5.389,1790363124.699,1790363244.498,7.39,demo_booking,customer_hangup,0.0
1790362725,96,c65d3e74-cf4d-4eaa-8ad8-b682166f9621,1,server_only,,finalizada,,,,,,,,,3.29,2.577,0.713,2.745,6.243,,0.184,5.77,,6.22,1790363124.699,1790363244.498,9.454,demo_booking,customer_hangup,0.0
1790362725,96,c65d3e74-cf4d-4eaa-8ad8-b682166f9621,2,server_only,,finalizada,,,,,,,,,0.0,0.0,0.0,1.119,5.134,,1.121,5.45,,2.24,1790363124.699,1790363244.498,,demo_booking,customer_hangup,0.0
1790362725,96,c65d3e74-cf4d-4eaa-8ad8-b682166f9621,3,server_only,,finalizada,,,,,,,,,2.029,1.781,0.248,1.037,3.518,,0.244,5.53,,3.31,1790363124.699,1790363244.498,5.612,demo_booking,customer_hangup,0.0
1790362725,96,c65d3e74-cf4d-4eaa-8ad8-b682166f9621,4,server_only,,finalizada,,,,,,,,,2.634,2.557,0.077,,,,0.367,0.05,,,1790363124.699,1790363244.498,,demo_booking,customer_hangup,0.0
1790362725,96,b3e58483-909b-46a8-84ee-cdd195c8c80a,0,paired,medium,finalizada,,,8.54546560900053,1.3915176293206775,13.703,2.12,1790363142.93,1790363156.633,2.512,2.332,0.181,1.082,2.313,,0.659,5.21,,4.253,1790363124.948,1790363256.821,5.719,demo_booking,customer_hangup,0.0
1790362725,96,b3e58483-909b-46a8-84ee-cdd195c8c80a,1,paired,short,finalizada,,,-2.2350402209849562,3.9359081326503653,7.811,1.0,1790363158.026,1790363165.837,4.002,3.553,0.449,1.387,3.614,,0.55,5.13,,5.939,1790363124.948,1790363256.821,7.883,demo_booking,customer_hangup,0.0
1790362725,96,b3e58483-909b-46a8-84ee-cdd195c8c80a,2,paired,long,finalizada,,,5.7645645220181905,4.101800547190962,18.651,3.52,1790363169.774,1790363188.424,3.662,3.239,0.423,2.17,5.112,,0.403,5.05,,6.235,1790363124.948,1790363256.821,8.788,demo_booking,customer_hangup,0.0
1790362725,96,b3e58483-909b-46a8-84ee-cdd195c8c80a,3,paired,short,finalizada,,,11.204558014986105,5.275525275031679,23.861,0.38,1790363192.527,1790363216.389,3.972,3.087,0.885,2.488,5.189,,0.602,3.53,,7.061,1790363124.948,1790363256.821,9.257,demo_booking,customer_hangup,0.0
1790362725,96,b3e58483-909b-46a8-84ee-cdd195c8c80a,4,paired,short,finalizada,,,12.324492116022157,2.147700830924377,17.397,0.48,1790363221.665,1790363239.061,1.001,0.954,0.047,0.822,2.325,,0.213,5.69,,2.036,1790363124.948,1790363256.821,3.507,demo_booking,customer_hangup,0.0
1790362725,96,b3e58483-909b-46a8-84ee-cdd195c8c80a,5,paired,short,finalizada,,,9.18425662801019,2.1467492429369615,13.46,0.48,1790363241.21,1790363254.669,0.754,0.745,0.009,1.065,2.769,,0.169,0.05,,1.988,1790363124.948,1790363256.821,,demo_booking,customer_hangup,0.0
1790362725,96,fabf7ba8-f63f-42fc-938f-a70389dff90e,0,paired,short,finalizada,,,9.399191792996135,2.590837325482904,19.638,1.0,1790363140.166,1790363159.805,3.552,3.379,0.174,1.685,2.77,,0.828,5.29,,6.065,1790363125.198,1790363257.174,7.134,demo_booking,customer_hangup,0.0
1790362725,96,fabf7ba8-f63f-42fc-938f-a70389dff90e,1,paired,short,finalizada,,timeout esperando que el agente empiece a responder,,6.304027912667045,15.472,0.48,1790363162.396,1790363177.868,1.001,0.828,0.173,1.567,4.354,,0.498,5.69,,3.065,1790363125.198,1790363257.174,6.014,demo_booking,customer_hangup,0.0
1790362725,96,fabf7ba8-f63f-42fc-938f-a70389dff90e,2,paired,long,finalizada,,,-4.860916311998153,1.984717278881712,9.736,3.52,1790363184.173,1790363193.909,2.458,2.078,0.38,1.995,4.593,,0.377,5.69,,4.831,1790363125.198,1790363257.174,7.415,demo_booking,customer_hangup,0.0
1790362725,96,fabf7ba8-f63f-42fc-938f-a70389dff90e,3,paired,medium,finalizada,,timeout esperando que el agente empiece a responder,,6.263599416036615,17.237,2.24,1790363195.895,1790363213.132,2.549,1.77,0.779,1.345,7.187,,0.23,4.89,,4.124,1790363125.198,1790363257.174,10.013,demo_booking,customer_hangup,0.0
1790362725,96,fabf7ba8-f63f-42fc-938f-a70389dff90e,4,paired,long,finalizada,,,9.338914054998895,1.8656577039712978,19.273,3.06,1790363219.396,1790363238.67,2.437,2.215,0.222,0.935,2.592,,0.297,4.9,,3.668,1790363125.198,1790363257.174,3.643,demo_booking,customer_hangup,0.0
1790362725,96,fabf7ba8-f63f-42fc-938f-a70389dff90e,5,paired,medium,finalizada,,,2.9793161139823496,5.3361515609898715,11.297,2.6,1790363240.536,1790363251.833,1.754,1.739,0.015,0.445,2.973,,0.144,5.3,,2.343,1790363125.198,1790363257.174,2.625,demo_booking,customer_hangup,0.0
1790362725,96,00346f20-252b-4f3a-b9ad-4f9f64336c82,0,client_only,short,finalizada,,timeout esperando que el agente empiece a responder,,1.9281608747181809,15.463,0.48,1790363139.712,1790363155.174,,,,,,,,,,,1790363125.054,1790363251.44,,demo_booking,customer_hangup,0.0
1790362725,96,00346f20-252b-4f3a-b9ad-4f9f64336c82,1,client_only,long,finalizada,,timeout esperando que el agente empiece a responder,,2.5359072399105864,18.52,3.52,1790363157.103,1790363175.623,,,,,,,,,,,1790363125.054,1790363251.44,,demo_booking,customer_hangup,0.0
1790362725,96,00346f20-252b-4f3a-b9ad-4f9f64336c82,2,client_only,short,finalizada,,,1.093135725997854,1.9550618582457984,11.53,0.48,1790363178.159,1790363189.688,,,,,,,,,,,1790363125.054,1790363251.44,,demo_booking,customer_hangup,0.0
1790362725,96,00346f20-252b-4f3a-b9ad-4f9f64336c82,3,client_only,medium,finalizada,,,9.893176042998675,3.6395867313593566,20.006,2.12,1790363191.645,1790363211.65,,,,,,,,,,,1790363125.054,1790363251.44,,demo_booking,customer_hangup,0.0
1790362725,96,00346f20-252b-4f3a-b9ad-4f9f64336c82,4,client_only,long,finalizada,,,8.873644173989305,2.148896714422981,18.441,3.06,1790363215.291,1790363233.732,,,,,,,,,,,1790363125.054,1790363251.44,,demo_booking,customer_hangup,0.0
1790362725,96,00346f20-252b-4f3a-b9ad-4f9f64336c82,5,client_only,short,finalizada,,,7.654041347996099,1.135431724295427,14.418,0.48,1790363235.882,1790363250.299,,,,,,,,,,,1790363125.054,1790363251.44,,demo_booking,customer_hangup,0.0
1790362725,96,00346f20-252b-4f3a-b9ad-4f9f64336c82,0,server_only,,finalizada,,,,,,,,,2.257,1.141,1.116,2.539,5.317,,0.596,5.78,,5.392,1790363125.054,1790363251.44,5.073,demo_booking,customer_hangup,0.0
1790362725,96,00346f20-252b-4f3a-b9ad-4f9f64336c82,1,server_only,,finalizada,,,,,,,,,1.67,1.297,0.373,1.278,3.825,,0.173,4.41,,3.121,1790363125.054,1790363251.44,5.478,demo_booking,customer_hangup,0.0
1790362725,96,00346f20-252b-4f3a-b9ad-4f9f64336c82,2,server_only,,finalizada,,,,,,,,,0.761,0.0,0.761,1.583,5.582,,0.572,4.25,,2.916,1790363125.054,1790363251.44,5.335,demo_booking,customer_hangup,0.0
1790362725,96,00346f20-252b-4f3a-b9ad-4f9f64336c82,3,server_only,,finalizada,,,,,,,,,0.754,0.637,0.117,0.761,1.651,,0.448,5.85,,1.963,1790363125.054,1790363251.44,2.773,demo_booking,customer_hangup,0.0
1790362725,96,00346f20-252b-4f3a-b9ad-4f9f64336c82,4,server_only,,finalizada,,,,,,,,,0.502,0.388,0.114,0.44,1.969,,0.233,0.05,,1.176,1790363125.054,1790363251.44,,demo_booking,customer_hangup,0.0
1790362725,96,dc8a4f13-05f0-435e-9acc-f5e83afe18a9,0,client_only,long,finalizada,,,8.311215188005008,1.6953332712879752,16.744,3.52,1790363142.884,1790363159.628,,,,,,,,,,,1790363125.286,1790363240.766,,demo_booking,customer_hangup,0.0
1790362725,96,dc8a4f13-05f0-435e-9acc-f5e83afe18a9,1,client_only,short,finalizada,,,-1.8486578360025305,1.0,4.932,0.32,1790363161.325,1790363166.256,,,,,,,,,,,1790363125.286,1790363240.766,,demo_booking,customer_hangup,0.0
1790362725,96,dc8a4f13-05f0-435e-9acc-f5e83afe18a9,2,client_only,medium,finalizada,,,10.451767694001319,2.3210713143621162,18.25,2.12,1790363167.257,1790363185.506,,,,,,,,,,,1790363125.286,1790363240.766,,demo_booking,customer_hangup,0.0
1790362725,96,dc8a4f13-05f0-435e-9acc-f5e83afe18a9,3,client_only,short,finalizada,,,10.091571298980853,1.963488631794911,13.967,0.38,1790363187.828,1790363201.795,,,,,,,,,,,1790363125.286,1790363240.766,,demo_booking,customer_hangup,0.0
1790362725,96,dc8a4f13-05f0-435e-9acc-f5e83afe18a9,4,client_only,medium,finalizada,,timeout esperando que el agente empiece a responder,,1.9744658175238332,17.107,2.12,1790363203.76,1790363220.866,,,,,,,,,,,1790363125.286,1790363240.766,,demo_booking,customer_hangup,0.0
1790362725,96,dc8a4f13-05f0-435e-9acc-f5e83afe18a9,5,client_only,long,finalizada,,,4.691440566006349,6.284584166739045,11.633,3.06,1790363222.842,1790363234.475,,,,,,,,,,,1790363125.286,1790363240.766,,demo_booking,customer_hangup,0.0
1790362725,96,dc8a4f13-05f0-435e-9acc-f5e83afe18a9,0,server_only,,finalizada,,,,,,,,,3.677,2.973,0.704,1.398,2.621,,0.741,5.78,,5.815,1790363125.286,1790363240.766,6.003,demo_booking,customer_hangup,0.0
1790362725,96,dc8a4f13-05f0-435e-9acc-f5e83afe18a9,1,server_only,,finalizada,,,,,,,,,2.095,2.029,0.066,2.345,4.636,,0.384,8.9,,4.824,1790363125.286,1790363240.766,4.952,demo_booking,customer_hangup,0.0
1790362725,96,dc8a4f13-05f0-435e-9acc-f5e83afe18a9,2,server_only,,finalizada,,,,,,,,,2.24,2.0,0.239,1.951,3.179,,0.645,2.25,,4.835,1790363125.286,1790363240.766,8.063,demo_booking,customer_hangup,0.0
1790362725,96,dc8a4f13-05f0-435e-9acc-f5e83afe18a9,3,server_only,,finalizada,,,,,,,,,0.0,0.0,0.0,3.607,7.755,,0.273,2.25,,3.879,1790363125.286,1790363240.766,,demo_booking,customer_hangup,0.0
1790362725,96,e931137b-308a-48ac-b7af-53c0180040f2,0,client_only,short,finalizada,,timeout esperando que el agente empiece a responder,,9.123959202194817,15.478,0.48,1790363142.09,1790363157.568,,,,,,,,,,,1790363125.536,1790363254.846,,demo_booking,customer_hangup,0.0
1790362725,96,e931137b-308a-48ac-b7af-53c0180040f2,1,client_only,short,finalizada,,,13.785635148000438,6.787525723991253,23.709,0.32,1790363166.693,1790363190.403,,,,,,,,,,,1790363125.536,1790363254.846,,demo_booking,customer_hangup,0.0
1790362725,96,e931137b-308a-48ac-b7af-53c0180040f2,2,client_only,short,finalizada,,timeout esperando que el agente empiece a responder,,1.3448535982530379,15.304,0.32,1790363197.191,1790363212.494,,,,,,,,,,,1790363125.536,1790363254.846,,demo_booking,customer_hangup,0.0
1790362725,96,e931137b-308a-48ac-b7af-53c0180040f2,3,client_only,long,finalizada,,,12.22581668899511,1.2205502929260423,23.083,3.06,1790363213.84,1790363236.923,,,,,,,,,,,1790363125.536,1790363254.846,,demo_booking,customer_hangup,0.0
1790362725,96,e931137b-308a-48ac-b7af-53c0180040f2,4,client_only,short,finalizada,,,7.7057477310008835,1.3087099127487718,9.748,0.32,1790363238.144,1790363247.892,,,,,,,,,,,1790363125.536,1790363254.846,,demo_booking,customer_hangup,0.0
1790362725,96,e931137b-308a-48ac-b7af-53c0180040f2,5,client_only,short,finalizada,,,-1.054624781012535,4.753627089832485,0.884,0.38,1790363249.202,1790363250.085,,,,,,,,,,,1790363125.536,1790363254.846,,demo_booking,customer_hangup,0.0
1790362725,96,e931137b-308a-48ac-b7af-53c0180040f2,0,server_only,,finalizada,,,,,,,,,1.411,1.093,0.318,1.985,3.422,,1.073,4.02,,4.469,1790363125.536,1790363254.846,4.931,demo_booking,customer_hangup,0.0
1790362725,96,e931137b-308a-48ac-b7af-53c0180040f2,1,server_only,,finalizada,,,,,,,,,4.471,4.298,0.173,1.748,4.591,,0.319,4.18,,6.538,1790363125.536,1790363254.846,6.786,demo_booking,customer_hangup,0.0
1790362725,96,e931137b-308a-48ac-b7af-53c0180040f2,2,server_only,,finalizada,,,,,,,,,3.147,2.909,0.238,0.857,2.021,,0.34,3.29,,4.344,1790363125.536,1790363254.846,5.47,demo_booking,customer_hangup,0.0
1790362725,96,e931137b-308a-48ac-b7af-53c0180040f2,3,server_only,,finalizada,,,,,,,,,2.497,2.452,0.045,0.43,1.308,,0.213,3.7,,3.14,1790363125.536,1790363254.846,3.417,demo_booking,customer_hangup,0.0
1790362725,96,e931137b-308a-48ac-b7af-53c0180040f2,4,server_only,,finalizada,,,,,,,,,2.021,2.001,0.02,,,,0.092,0.05,,,1790363125.536,1790363254.846,,demo_booking,customer_hangup,0.0
1790362725,96,af86a2ee-289f-454c-81f0-ce0820883a5b,0,client_only,short,finalizada,,timeout esperando que el agente empiece a responder,,10.0,15.372,0.38,1790363141.144,1790363156.516,,,,,,,,,,,1790363125.786,1790363257.696,,demo_booking,customer_hangup,0.0
1790362725,96,af86a2ee-289f-454c-81f0-ce0820883a5b,1,client_only,short,finalizada,,timeout esperando que el agente empiece a responder,,4.205096364723447,15.995,1.0,1790363166.517,1790363182.512,,,,,,,,,,,1790363125.786,1790363257.696,,demo_booking,customer_hangup,0.0
1790362725,96,af86a2ee-289f-454c-81f0-ce0820883a5b,2,client_only,medium,finalizada,,,-5.248783369985176,3.9698945496693163,5.115,2.12,1790363186.718,1790363191.833,,,,,,,,,,,1790363125.786,1790363257.696,,demo_booking,customer_hangup,0.0
1790362725,96,af86a2ee-289f-454c-81f0-ce0820883a5b,3,client_only,medium,finalizada,,timeout esperando que el agente empiece a responder,,4.98759874437219,17.234,2.24,1790363195.804,1790363213.037,,,,,,,,,,,1790363125.786,1790363257.696,,demo_booking,customer_hangup,0.0
1790362725,96,af86a2ee-289f-454c-81f0-ce0820883a5b,4,client_only,medium,finalizada,,,13.951323419023538,1.353966232983472,22.165,2.6,1790363218.026,1790363240.191,,,,,,,,,,,1790363125.786,1790363257.696,,demo_booking,customer_hangup,0.0
1790362725,96,af86a2ee-289f-454c-81f0-ce0820883a5b,5,client_only,long,finalizada,,,3.831443193979794,2.415302556086328,13.731,3.52,1790363241.546,1790363255.277,,,,,,,,,,,1790363125.786,1790363257.696,,demo_booking,customer_hangup,0.0
1790362725,96,af86a2ee-289f-454c-81f0-ce0820883a5b,0,server_only,,finalizada,,,,,,,,,3.395,1.536,1.859,2.201,5.071,,0.682,4.49,,6.278,1790363125.786,1790363257.696,8.543,demo_booking,customer_hangup,0.0
1790362725,96,af86a2ee-289f-454c-81f0-ce0820883a5b,1,server_only,,finalizada,,,,,,,,,2.319,1.889,0.429,2.639,4.181,,1.402,2.17,,6.359,1790363125.786,1790363257.696,7.674,demo_booking,customer_hangup,0.0
1790362725,96,af86a2ee-289f-454c-81f0-ce0820883a5b,2,server_only,,finalizada,,,,,,,,,1.157,0.415,0.742,1.382,5.687,,0.372,4.33,,2.911,1790363125.786,1790363257.696,6.678,demo_booking,customer_hangup,0.0
1790362725,96,af86a2ee-289f-454c-81f0-ce0820883a5b,3,server_only,,finalizada,,,,,,,,,0.682,0.649,0.034,0.689,2.359,,0.271,5.62,,1.643,1790363125.786,1790363257.696,1.858,demo_booking,customer_hangup,0.0
1790362725,96,af86a2ee-289f-454c-81f0-ce0820883a5b,4,server_only,,finalizada,,,,,,,,,0.65,0.648,0.002,0.544,1.625,,0.132,2.49,,1.326,1790363125.786,1790363257.696,2.444,demo_booking,customer_hangup,0.0
1790362725,96,4b2306b6-344e-494c-ba0c-e61bb42dc832,0,client_only,short,finalizada,,timeout esperando que el agente empiece a responder,,1.9244930565066203,15.479,0.48,1790363141.955,1790363157.434,,,,,,,,,,,1790363126.711,1790363231.07,,demo_booking,customer_hangup,0.0
1790362725,96,4b2306b6-344e-494c-ba0c-e61bb42dc832,1,client_only,long,finalizada,,,11.478143318003276,2.151343164157712,19.054,3.06,1790363159.359,1790363178.414,,,,,,,,,,,1790363126.711,1790363231.07,,demo_booking,customer_hangup,0.0
1790362725,96,4b2306b6-344e-494c-ba0c-e61bb42dc832,2,client_only,short,finalizada,,timeout esperando que el agente empiece a responder,,3.861370029341728,15.311,0.32,1790363180.566,1790363195.877,,,,,,,,,,,1790363126.711,1790363231.07,,demo_booking,customer_hangup,0.0
1790362725,96,4b2306b6-344e-494c-ba0c-e61bb42dc832,3,client_only,short,finalizada,,,-4.2426057789998595,3.387882248858064,1.896,0.48,1790363199.739,1790363201.635,,,,,,,,,,,1790363126.711,1790363231.07,,demo_booking,customer_hangup,0.0
1790362725,96,4b2306b6-344e-494c-ba0c-e61bb42dc832,4,client_only,short,finalizada,,timeout esperando que el agente empiece a responder,,4.0257043099894725,15.317,0.32,1790363205.023,1790363220.34,,,,,,,,,,,1790363126.711,1790363231.07,,demo_booking,customer_hangup,0.0
1790362725,96,4b2306b6-344e-494c-ba0c-e61bb42dc832,5,client_only,long,finalizada,,,-1.5824012109951582,3.0042131158348933,3.693,3.52,1790363224.366,1790363228.06,,,,,,,,,,,1790363126.711,1790363231.07,,demo_booking,customer_hangup,0.0
1790362725,96,4b2306b6-344e-494c-ba0c-e61bb42dc832,0,server_only,,finalizada,,,,,,,,,2.567,2.344,0.223,0.728,1.695,,0.239,3.05,,3.534,1790363126.711,1790363231.07,4.764,demo_booking,customer_hangup,0.0
1790362725,96,4b2306b6-344e-494c-ba0c-e61bb42dc832,1,server_only,,finalizada,,,,,,,,,2.249,1.448,0.801,0.918,2.905,,0.912,2.81,,4.079,1790363126.711,1790363231.07,5.94,demo_booking,customer_hangup,0.0
1790362725,96,4b2306b6-344e-494c-ba0c-e61bb42dc832,2,server_only,,finalizada,,,,,,,,,2.628,2.527,0.101,1.613,6.687,,0.864,2.54,,5.106,1790363126.711,1790363231.07,5.417,demo_booking,customer_hangup,0.0
1790362725,96,4b2306b6-344e-494c-ba0c-e61bb42dc832,3,server_only,,finalizada,,,,,,,,,2.542,2.54,0.003,,,,,0.0,,,1790363126.711,1790363231.07,,demo_booking,customer_hangup,0.0
1790362725,96,13fd3d7b-2085-46a3-8c05-e0f23d2a2858,0,client_only,long,finalizada,,,13.246884689026047,2.310526587842073,23.49,3.06,1790363149.015,1790363172.506,,,,,,,,,,,1790363126.942,1790363233.129,,demo_booking,customer_hangup,0.0
1790362725,96,13fd3d7b-2085-46a3-8c05-e0f23d2a2858,1,client_only,short,finalizada,,timeout esperando que el agente empiece a responder,,1.4706993863981512,15.321,0.32,1790363174.817,1790363190.138,,,,,,,,,,,1790363126.942,1790363233.129,,demo_booking,customer_hangup,0.0
1790362725,96,13fd3d7b-2085-46a3-8c05-e0f23d2a2858,2,client_only,medium,finalizada,,,-2.4532078040065244,1.3631114087069078,12.349,2.24,1790363191.609,1790363203.958,,,,,,,,,,,1790363126.942,1790363233.129,,demo_booking,customer_hangup,0.0
1790362725,96,13fd3d7b-2085-46a3-8c05-e0f23d2a2858,3,client_only,medium,finalizada,,,-3.252770736988168,1.361035321073732,2.708,2.24,1790363205.323,1790363208.031,,,,,,,,,,,1790363126.942,1790363233.129,,demo_booking,customer_hangup,0.0
1790362725,96,13fd3d7b-2085-46a3-8c05-e0f23d2a2858,4,client_only,short,finalizada,,,11.247169755020877,1.6058169399257902,14.638,0.32,1790363209.393,1790363224.031,,,,,,,,,,,1790363126.942,1790363233.129,,demo_booking,customer_hangup,0.0
1790362725,96,13fd3d7b-2085-46a3-8c05-e0f23d2a2858,5,client_only,short,finalizada,,,-2.0122065609903075,4.483932418041181,2.966,0.48,1790363225.638,1790363228.604,,,,,,,,,,,1790363126.942,1790363233.129,,demo_booking,customer_hangup,0.0
1790362725,96,13fd3d7b-2085-46a3-8c05-e0f23d2a2858,0,server_only,,finalizada,,,,,,,,,5.023,4.175,0.847,2.232,3.91,,1.113,4.81,,8.368,1790363126.942,1790363233.129,10.073,demo_booking,customer_hangup,0.0
1790362725,96,13fd3d7b-2085-46a3-8c05-e0f23d2a2858,1,server_only,,finalizada,,,,,,,,,2.739,2.413,0.326,1.662,3.774,,1.737,8.74,,6.137,1790363126.942,1790363233.129,6.989,demo_booking,customer_hangup,0.0
1790362725,96,13fd3d7b-2085-46a3-8c05-e0f23d2a2858,2,server_only,,finalizada,,,,,,,,,2.587,2.309,0.278,1.041,4.754,,0.432,4.1,,4.06,1790363126.942,1790363233.129,4.7,demo_booking,customer_hangup,0.0
1790362725,96,13fd3d7b-2085-46a3-8c05-e0f23d2a2858,3,server_only,,finalizada,,,,,,,,,0.73,0.03,0.699,,,,0.448,0.05,,,1790363126.942,1790363233.129,,demo_booking,customer_hangup,0.0
1790362725,96,13fd3d7b-2085-46a3-8c05-e0f23d2a2858,4,server_only,,finalizada,,,,,,,,,0.0,0.0,0.0,0.992,3.107,,0.355,4.74,,1.347,1790363126.942,1790363233.129,,demo_booking,customer_hangup,0.0
1790362725,96,c6d7f88e-9262-4185-b65a-2532ce3bd5c4,0,client_only,short,finalizada,,,8.882528732996434,1.9854870555520947,31.471,1.0,1790363146.07,1790363177.541,,,,,,,,,,,1790363127.192,1790363254.673,,demo_booking,customer_hangup,0.0
1790362725,96,c6d7f88e-9262-4185-b65a-2532ce3bd5c4,1,client_only,short,finalizada,,,-1.017343832005281,2.7280622333482274,6.695,0.32,1790363179.527,1790363186.222,,,,,,,,,,,1790363127.192,1790363254.673,,demo_booking,customer_hangup,0.0
1790362725,96,c6d7f88e-9262-4185-b65a-2532ce3bd5c4,2,client_only,short,finalizada,,,-2.69750857600593,4.731604402089111,9.793,0.38,1790363188.951,1790363198.744,,,,,,,,,,,1790363127.192,1790363254.673,,demo_booking,customer_hangup,0.0
1790362725,96,c6d7f88e-9262-4185-b65a-2532ce3bd5c4,3,client_only,short,finalizada,,timeout esperando que el agente empiece a responder,,7.409369723918607,15.379,0.38,1790363203.476,1790363218.855,,,,,,,,,,,1790363127.192,1790363254.673,,demo_booking,customer_hangup,0.0
1790362725,96,c6d7f88e-9262-4185-b65a-2532ce3bd5c4,4,client_only,long,finalizada,,,5.362460825999733,2.91523060420382,16.088,3.52,1790363226.265,1790363242.353,,,,,,,,,,,1790363127.192,1790363254.673,,demo_booking,customer_hangup,0.0
1790362725,96,c6d7f88e-9262-4185-b65a-2532ce3bd5c4,5,client_only,long,finalizada,,,-1.7371748519944958,3.010545864271637,6.387,3.06,1790363245.269,1790363251.655,,,,,,,,,,,1790363127.192,1790363254.673,,demo_booking,customer_hangup,0.0
1790362725,96,c6d7f88e-9262-4185-b65a-2532ce3bd5c4,0,server_only,,finalizada,,,,,,,,,2.182,1.699,0.483,2.497,5.422,,0.572,19.95,,5.251,1790363127.192,1790363254.673,6.713,demo_booking,customer_hangup,0.0
1790362725,96,c6d7f88e-9262-4185-b65a-2532ce3bd5c4,1,server_only,,finalizada,,,,,,,,,3.462,2.888,0.573,1.684,4.074,,0.998,4.57,,6.144,1790363127.192,1790363254.673,8.125,demo_booking,customer_hangup,0.0
1790362725,96,c6d7f88e-9262-4185-b65a-2532ce3bd5c4,2,server_only,,finalizada,,,,,,,,,1.593,1.263,0.33,1.379,4.545,,0.567,4.57,,3.539,1790363127.192,1790363254.673,6.639,demo_booking,customer_hangup,0.0
1790362725,96,c6d7f88e-9262-4185-b65a-2532ce3bd5c4,3,server_only,,finalizada,,,,,,,,,0.0,0.0,0.0,0.753,2.08,,0.334,3.77,,1.087,1790363127.192,1790363254.673,,demo_booking,customer_hangup,0.0
1790362725,96,c6d7f88e-9262-4185-b65a-2532ce3bd5c4,4,server_only,,finalizada,,,,,,,,,2.496,2.436,0.06,,,,,0.0,,,1790363127.192,1790363254.673,,demo_booking,customer_hangup,0.0
1790362725,96,a8e5d897-486d-4dc5-b787-3340497f7db3,0,client_only,medium,finalizada,,,8.808960219001165,1.385441858193057,16.927,2.12,1790363148.734,1790363165.661,,,,,,,,,,,1790363127.443,1790363238.585,,demo_booking,customer_hangup,0.0
1790362725,96,a8e5d897-486d-4dc5-b787-3340497f7db3,1,client_only,short,finalizada,,,14.528779641026631,2.099183627560959,18.535,1.0,1790363167.047,1790363185.582,,,,,,,,,,,1790363127.443,1790363238.585,,demo_booking,customer_hangup,0.0
1790362725,96,a8e5d897-486d-4dc5-b787-3340497f7db3,2,client_only,medium,finalizada,,,-3.351178865006659,1.0,7.332,2.12,1790363187.682,1790363195.014,,,,,,,,,,,1790363127.443,1790363238.585,,demo_booking,customer_hangup,0.0
1790362725,96,a8e5d897-486d-4dc5-b787-3340497f7db3,3,client_only,medium,finalizada,,timeout esperando que el agente empiece a responder,,1.5313209632765898,17.107,2.12,1790363196.014,1790363213.121,,,,,,,,,,,1790363127.443,1790363238.585,,demo_booking,customer_hangup,0.0
1790362725,96,a8e5d897-486d-4dc5-b787-3340497f7db3,4,client_only,short,finalizada,,,11.72893865100923,1.683685507349017,15.328,0.32,1790363214.654,1790363229.982,,,,,,,,,,,1790363127.443,1790363238.585,,demo_booking,customer_hangup,0.0
1790362725,96,a8e5d897-486d-4dc5-b787-3340497f7db3,5,client_only,medium,finalizada,,,-2.6111305220110808,1.3611137955430277,5.548,2.12,1790363231.667,1790363237.215,,,,,,,,,,,1790363127.443,1790363238.585,,demo_booking,customer_hangup,0.0
1790362725,96,a8e5d897-486d-4dc5-b787-3340497f7db3,0,server_only,,finalizada,,,,,,,,,3.12,2.972,0.148,1.844,2.249,,0.366,4.25,,5.331,1790363127.443,1790363238.585,5.679,demo_booking,customer_hangup,0.0
1790362725,96,a8e5d897-486d-4dc5-b787-3340497f7db3,1,server_only,,finalizada,,,,,,,,,1.234,0.71,0.523,2.383,4.93,,0.283,5.21,,3.9,1790363127.443,1790363238.585,5.949,demo_booking,customer_hangup,0.0
1790362725,96,a8e5d897-486d-4dc5-b787-3340497f7db3,2,server_only,,finalizada,,,,,,,,,2.161,1.163,0.999,2.854,5.142,,0.425,4.17,,5.44,1790363127.443,1790363238.585,,demo_booking,customer_hangup,0.0
1790362725,96,a8e5d897-486d-4dc5-b787-3340497f7db3,3,server_only,,finalizada,,,,,,,,,1.474,1.369,0.106,1.952,6.264,,0.918,4.9,,4.345,1790363127.443,1790363238.585,6.308,demo_booking,customer_hangup,0.0
1790362725,96,24194acb-09f6-4e09-9652-c418911f4b56,0,client_only,short,finalizada,,timeout esperando que el agente empiece a responder,,3.459531186246097,15.995,1.0,1790363141.939,1790363157.933,,,,,,,,,,,1790363126.817,1790363255.405,,demo_booking,customer_hangup,0.0
1790362725,96,24194acb-09f6-4e09-9652-c418911f4b56,1,client_only,long,finalizada,,,14.474556581990328,2.863205523744818,20.972,3.06,1790363161.394,1790363182.366,,,,,,,,,,,1790363126.817,1790363255.405,,demo_booking,customer_hangup,0.0
1790362725,96,24194acb-09f6-4e09-9652-c418911f4b56,2,client_only,short,finalizada,,,-2.645629298000131,4.667510494154434,3.184,0.38,1790363185.23,1790363188.414,,,,,,,,,,,1790363126.817,1790363255.405,,demo_booking,customer_hangup,0.0
1790362725,96,24194acb-09f6-4e09-9652-c418911f4b56,3,client_only,long,finalizada,,timeout esperando que el agente empiece a responder,,1.7681577960214347,18.532,3.52,1790363193.083,1790363211.615,,,,,,,,,,,1790363126.817,1790363255.405,,demo_booking,customer_hangup,0.0
1790362725,96,24194acb-09f6-4e09-9652-c418911f4b56,4,client_only,long,finalizada,,,12.974322099005803,4.299636598317943,24.133,3.52,1790363213.384,1790363237.516,,,,,,,,,,,1790363126.817,1790363255.405,,demo_booking,customer_hangup,0.0
1790362725,96,24194acb-09f6-4e09-9652-c418911f4b56,5,client_only,short,finalizada,,,6.554804131999845,1.0,12.583,0.48,1790363241.817,1790363254.4,,,,,,,,,,,1790363126.817,1790363255.405,,demo_booking,customer_hangup,0.0
1790362725,96,24194acb-09f6-4e09-9652-c418911f4b56,0,server_only,,finalizada,,,,,,,,,1.894,1.81,0.084,2.107,3.333,,1.776,4.49,,5.777,1790363126.817,1790363255.405,7.74,demo_booking,customer_hangup,0.0
1790362725,96,24194acb-09f6-4e09-9652-c418911f4b56,1,server_only,,finalizada,,,,,,,,,3.983,3.244,0.738,2.851,4.495,,0.352,2.01,,7.186,1790363126.817,1790363255.405,9.239,demo_booking,customer_hangup,0.0
1790362725,96,24194acb-09f6-4e09-9652-c418911f4b56,2,server_only,,finalizada,,,,,,,,,3.03,2.673,0.357,2.834,6.482,,0.34,4.26,,6.204,1790363126.817,1790363255.405,6.279,demo_booking,customer_hangup,0.0
1790362725,96,24194acb-09f6-4e09-9652-c418911f4b56,3,server_only,,finalizada,,,,,,,,,1.864,1.83,0.034,0.655,2.002,,0.187,4.42,,2.707,1790363126.817,1790363255.405,2.963,demo_booking,customer_hangup,0.0
1790362725,96,24194acb-09f6-4e09-9652-c418911f4b56,4,server_only,,finalizada,,,,,,,,,0.0,0.0,0.0,,,,,0.0,,,1790363126.817,1790363255.405,,demo_booking,customer_hangup,0.0
1790362725,96,5b1419be-379a-4281-9694-8e82c03dd856,0,client_only,short,finalizada,,timeout esperando que el agente empiece a responder,,2.0575275961216333,15.477,0.48,1790363146.966,1790363162.443,,,,,,,,,,,1790363127.047,1790363229.045,,demo_booking,customer_hangup,0.0
1790362725,96,5b1419be-379a-4281-9694-8e82c03dd856,1,client_only,short,finalizada,,timeout esperando que el agente empiece a responder,,4.738625404540964,15.471,0.48,1790363164.501,1790363179.972,,,,,,,,,,,1790363127.047,1790363229.045,,demo_booking,customer_hangup,0.0
1790362725,96,5b1419be-379a-4281-9694-8e82c03dd856,2,client_only,medium,finalizada,,,0.1689047259860672,1.869775093752253,8.927,2.6,1790363184.712,1790363193.639,,,,,,,,,,,1790363127.047,1790363229.045,,demo_booking,customer_hangup,0.0
1790362725,96,5b1419be-379a-4281-9694-8e82c03dd856,3,client_only,long,finalizada,,timeout esperando que el agente empiece a responder,,3.1175039829620133,18.53,3.52,1790363195.509,1790363214.039,,,,,,,,,,,1790363127.047,1790363229.045,,demo_booking,customer_hangup,0.0
1790362725,96,5b1419be-379a-4281-9694-8e82c03dd856,4,client_only,medium,finalizada,,,-1.5118968940223567,2.8928217847262565,4.129,2.6,1790363217.157,1790363221.286,,,,,,,,,,,1790363127.047,1790363229.045,,demo_booking,customer_hangup,0.0
1790362725,96,5b1419be-379a-4281-9694-8e82c03dd856,5,client_only,medium,finalizada,,,-3.652222116012126,1.746246505859482,3.108,2.24,1790363224.18,1790363227.288,,,,,,,,,,,1790363127.047,1790363229.045,,demo_booking,customer_hangup,0.0
1790362725,96,5b1419be-379a-4281-9694-8e82c03dd856,0,server_only,,finalizada,,,,,,,,,3.872,1.817,2.056,4.147,6.769,,0.562,3.53,,8.581,1790363127.047,1790363229.045,9.335,demo_booking,customer_hangup,0.0
1790362725,96,5b1419be-379a-4281-9694-8e82c03dd856,1,server_only,,finalizada,,,,,,,,,3.598,2.562,1.036,2.633,5.382,,0.875,4.74,,7.106,1790363127.047,1790363229.045,6.693,demo_booking,customer_hangup,0.0
1790362725,96,de741af5-7442-4ed2-b40d-700a8082d596,0,client_only,short,finalizada,,timeout esperando que el agente empiece a responder,,2.112323728290181,15.472,0.48,1790363146.37,1790363161.842,,,,,,,,,,,1790363127.297,1790363267.688,,demo_booking,customer_hangup,0.0
1790362725,96,de741af5-7442-4ed2-b40d-700a8082d596,1,client_only,long,finalizada,,timeout esperando que el agente empiece a responder,,2.132893942105119,18.534,3.52,1790363163.955,1790363182.489,,,,,,,,,,,1790363127.297,1790363267.688,,demo_booking,customer_hangup,0.0
1790362725,96,de741af5-7442-4ed2-b40d-700a8082d596,2,client_only,medium,finalizada,,,4.783035354979802,2.810449792247303,19.176,2.24,1790363184.623,1790363203.799,,,,,,,,,,,1790363127.297,1790363267.688,,demo_booking,customer_hangup,0.0
1790362725,96,de741af5-7442-4ed2-b40d-700a8082d596,3,client_only,long,finalizada,,,13.683102468989091,2.6786758938636024,26.111,3.52,1790363206.61,1790363232.721,,,,,,,,,,,1790363127.297,1790363267.688,,demo_booking,customer_hangup,0.0
1790362725,96,de741af5-7442-4ed2-b40d-700a8082d596,4,client_only,short,finalizada,,,6.363467780989595,1.5878924187487367,16.076,1.0,1790363235.401,1790363251.477,,,,,,,,,,,1790363127.297,1790363267.688,,demo_booking,customer_hangup,0.0
1790362725,96,de741af5-7442-4ed2-b40d-700a8082d596,5,client_only,medium,finalizada,,,3.9436080339946784,3.724647257182212,10.893,2.12,1790363253.066,1790363263.959,,,,,,,,,,,1790363127.297,1790363267.688,,demo_booking,customer_hangup,0.0
1790362725,96,de741af5-7442-4ed2-b40d-700a8082d596,0,server_only,,finalizada,,,,,,,,,4.48,4.239,0.241,1.999,4.856,,2.963,6.18,,9.443,1790363127.297,1790363267.688,9.474,demo_booking,customer_hangup,0.0
1790362725,96,de741af5-7442-4ed2-b40d-700a8082d596,1,server_only,,finalizada,,,,,,,,,2.067,1.479,0.588,1.291,5.127,,0.353,5.37,,3.711,1790363127.297,1790363267.688,7.237,demo_booking,customer_hangup,0.0
1790362725,96,de741af5-7442-4ed2-b40d-700a8082d596,2,server_only,,finalizada,,,,,,,,,2.309,2.197,0.112,0.654,1.991,,0.335,6.42,,3.298,1790363127.297,1790363267.688,3.471,demo_booking,customer_hangup,0.0
1790362725,96,de741af5-7442-4ed2-b40d-700a8082d596,3,server_only,,finalizada,,,,,,,,,1.842,1.758,0.084,1.396,2.655,,0.139,0.05,,3.378,1790363127.297,1790363267.688,,demo_booking,customer_hangup,0.0
1790362725,96,de741af5-7442-4ed2-b40d-700a8082d596,4,server_only,,finalizada,,,,,,,,,0.51,0.509,0.001,0.451,1.508,,0.206,3.69,,1.166,1790363127.297,1790363267.688,2.234,demo_booking,customer_hangup,0.0
1790362725,96,77f20626-ac57-409b-a7e0-3a7c6e5e2be7,0,client_only,short,finalizada,,timeout esperando que el agente empiece a responder,,2.670549116107013,15.373,0.38,1790363147.663,1790363163.036,,,,,,,,,,,1790363127.547,1790363273.048,,demo_booking,customer_hangup,0.0
1790362725,96,77f20626-ac57-409b-a7e0-3a7c6e5e2be7,1,client_only,medium,finalizada,,,14.98065128698363,4.636568148835442,27.346,2.24,1790363165.707,1790363193.053,,,,,,,,,,,1790363127.547,1790363273.048,,demo_booking,customer_hangup,0.0
1790362725,96,77f20626-ac57-409b-a7e0-3a7c6e5e2be7,2,client_only,short,finalizada,,timeout esperando que el agente empiece a responder,,6.191860041984797,15.386,0.38,1790363197.69,1790363213.076,,,,,,,,,,,1790363127.547,1790363273.048,,demo_booking,customer_hangup,0.0
1790362725,96,77f20626-ac57-409b-a7e0-3a7c6e5e2be7,3,client_only,short,finalizada,,,7.160510059999069,4.971592206634882,15.39,0.38,1790363219.268,1790363234.658,,,,,,,,,,,1790363127.547,1790363273.048,,demo_booking,customer_hangup,0.0
1790362725,96,77f20626-ac57-409b-a7e0-3a7c6e5e2be7,4,client_only,medium,finalizada,,,4.420200240012491,8.268767126358997,11.909,2.12,1790363239.63,1790363251.539,,,,,,,,,,,1790363127.547,1790363273.048,,demo_booking,customer_hangup,0.0
1790362725,96,77f20626-ac57-409b-a7e0-3a7c6e5e2be7,5,client_only,long,finalizada,,,2.260311416001059,2.462993569228361,10.77,3.06,1790363259.809,1790363270.579,,,,,,,,,,,1790363127.547,1790363273.048,,demo_booking,customer_hangup,0.0
1790362725,96,77f20626-ac57-409b-a7e0-3a7c6e5e2be7,0,server_only,,finalizada,,,,,,,,,4.126,2.947,1.179,2.239,6.579,,0.314,4.5,,6.678,1790363127.547,1790363273.048,7.545,demo_booking,customer_hangup,0.0
1790362725,96,77f20626-ac57-409b-a7e0-3a7c6e5e2be7,1,server_only,,finalizada,,,,,,,,,3.137,2.983,0.154,1.981,7.148,,0.95,4.9,,6.068,1790363127.547,1790363273.048,7.453,demo_booking,customer_hangup,0.0
1790362725,96,77f20626-ac57-409b-a7e0-3a7c6e5e2be7,2,server_only,,finalizada,,,,,,,,,2.902,2.505,0.396,0.877,2.544,,0.417,5.78,,4.196,1790363127.547,1790363273.048,4.083,demo_booking,customer_hangup,0.0
1790362725,96,77f20626-ac57-409b-a7e0-3a7c6e5e2be7,3,server_only,,finalizada,,,,,,,,,1.699,1.68,0.02,0.432,1.931,,0.082,2.73,,2.213,1790363127.547,1790363273.048,3.825,demo_booking,customer_hangup,0.0
1790362725,96,77f20626-ac57-409b-a7e0-3a7c6e5e2be7,4,server_only,,finalizada,,,,,,,,,0.402,0.391,0.011,0.193,0.849,,0.046,4.25,,0.641,1790363127.547,1790363273.048,1.288,demo_booking,customer_hangup,0.0
1790362725,96,cfa68b90-0055-4b8d-89ab-74a8cf6ccfe0,0,client_only,short,finalizada,,timeout esperando que el agente empiece a responder,,1.7142688758793794,15.367,0.38,1790363146.564,1790363161.931,,,,,,,,,,,1790363128.361,1790363257.227,,demo_booking,customer_hangup,0.0
1790362725,96,cfa68b90-0055-4b8d-89ab-74a8cf6ccfe0,1,client_only,medium,finalizada,,timeout esperando que el agente empiece a responder,,2.7008650685617077,17.616,2.6,1790363163.647,1790363181.263,,,,,,,,,,,1790363128.361,1790363257.227,,demo_booking,customer_hangup,0.0
1790362725,96,cfa68b90-0055-4b8d-89ab-74a8cf6ccfe0,2,client_only,short,finalizada,,,0.51343804600765,9.376027069845422,12.942,0.48,1790363183.965,1790363196.907,,,,,,,,,,,1790363128.361,1790363257.227,,demo_booking,customer_hangup,0.0
1790362725,96,cfa68b90-0055-4b8d-89ab-74a8cf6ccfe0,3,client_only,short,finalizada,,,8.734038491005776,1.9918653530987758,18.577,0.38,1790363206.284,1790363224.861,,,,,,,,,,,1790363128.361,1790363257.227,,demo_booking,customer_hangup,0.0
1790362725,96,cfa68b90-0055-4b8d-89ab-74a8cf6ccfe0,4,client_only,medium,finalizada,,,10.25379032897763,1.5961040644850881,19.332,2.6,1790363226.854,1790363246.186,,,,,,,,,,,1790363128.361,1790363257.227,,demo_booking,customer_hangup,0.0
1790362725,96,cfa68b90-0055-4b8d-89ab-74a8cf6ccfe0,5,client_only,medium,finalizada,,,1.9738062749966048,1.4696364438551515,7.969,2.12,1790363247.783,1790363255.752,,,,,,,,,,,1790363128.361,1790363257.227,,demo_booking,customer_hangup,0.0
1790362725,96,cfa68b90-0055-4b8d-89ab-74a8cf6ccfe0,0,server_only,,finalizada,,,,,,,,,3.123,2.803,0.32,0.935,5.778,,3.992,5.62,,8.05,1790363128.361,1790363257.227,8.884,demo_booking,customer_hangup,0.0
1790362725,96,cfa68b90-0055-4b8d-89ab-74a8cf6ccfe0,1,server_only,,finalizada,,,,,,,,,3.129,2.676,0.452,1.988,4.237,,0.274,5.37,,5.391,1790363128.361,1790363257.227,7.266,demo_booking,customer_hangup,0.0
1790362725,96,cfa68b90-0055-4b8d-89ab-74a8cf6ccfe0,2,server_only,,finalizada,,,,,,,,,1.177,1.097,0.08,0.688,2.26,,0.505,4.97,,2.37,1790363128.361,1790363257.227,3.962,demo_booking,customer_hangup,0.0
1790362725,96,cfa68b90-0055-4b8d-89ab-74a8cf6ccfe0,3,server_only,,finalizada,,,,,,,,,1.654,1.471,0.182,0.748,1.884,,0.23,5.46,,2.632,1790363128.361,1790363257.227,2.573,demo_booking,customer_hangup,0.0
1790362725,96,cfa68b90-0055-4b8d-89ab-74a8cf6ccfe0,4,server_only,,finalizada,,,,,,,,,0.707,0.704,0.004,0.487,1.995,,0.118,0.05,,1.312,1790363128.361,1790363257.227,2.833,demo_booking,customer_hangup,0.0
1790362725,96,a80b3f16-0bfe-4a47-9854-48e3b12c6334,0,paired,long,finalizada,,,11.022628071979852,1.0,21.234,3.06,1790363149.794,1790363171.028,3.044,2.276,0.769,1.588,3.936,,0.315,4.17,,4.947,1790363128.59,1790363273.693,6.905,demo_booking,customer_hangup,0.0
1790362725,96,a80b3f16-0bfe-4a47-9854-48e3b12c6334,1,paired,short,finalizada,,timeout esperando que el agente empiece a responder,,1.0,15.383,0.38,1790363172.028,1790363187.411,2.825,1.401,1.423,2.489,5.597,,0.815,4.25,,6.129,1790363128.59,1790363273.693,8.579,demo_booking,customer_hangup,0.0
1790362725,96,a80b3f16-0bfe-4a47-9854-48e3b12c6334,2,paired,medium,finalizada,,,4.583613741007866,6.185257746368557,17.703,2.12,1790363188.412,1790363206.115,1.962,1.846,0.116,1.436,5.425,,0.581,5.78,,3.978,1790363128.59,1790363273.693,4.818,demo_booking,customer_hangup,0.0
1790362725,96,a80b3f16-0bfe-4a47-9854-48e3b12c6334,3,paired,medium,finalizada,,,7.084011575992918,3.340180870488591,18.891,2.24,1790363212.301,1790363231.192,2.192,1.872,0.321,0.924,2.94,,0.918,4.9,,4.034,1790363128.59,1790363273.693,4.857,demo_booking,customer_hangup,0.0
1790362725,96,a80b3f16-0bfe-4a47-9854-48e3b12c6334,4,paired,medium,finalizada,,,8.822719959018286,3.8356937359551546,17.458,2.24,1790363234.533,1790363251.991,1.641,1.525,0.116,0.836,3.242,,0.094,6.18,,2.571,1790363128.59,1790363273.693,3.714,demo_booking,customer_hangup,0.0
1790362725,96,a80b3f16-0bfe-4a47-9854-48e3b12c6334,5,paired,long,finalizada,,,1.8842409079952631,2.2923625230754863,15.567,3.52,1790363255.828,1790363271.395,0.4,0.393,0.008,0.212,1.11,,0.039,9.14,,0.651,1790363128.59,1790363273.693,0.817,demo_booking,customer_hangup,0.0
1790362725,96,90b3b3d5-c016-4cac-a04e-ba331c008d7f,0,paired,medium,finalizada,,,8.083835067984182,4.179316657025781,20.266,2.12,1790363150.865,1790363171.131,1.938,1.868,0.07,0.706,2.174,,0.867,5.53,,3.511,1790363128.84,1790363258.613,4.932,demo_booking,customer_hangup,0.0
1790362725,96,90b3b3d5-c016-4cac-a04e-ba331c008d7f,1,paired,medium,finalizada,,timeout esperando que el agente empiece a responder,,3.256817577492043,17.594,2.6,1790363175.312,1790363192.906,2.228,1.747,0.481,1.943,5.456,,0.834,5.61,,5.005,1790363128.84,1790363258.613,8.284,demo_booking,customer_hangup,0.0
1790362725,96,90b3b3d5-c016-4cac-a04e-ba331c008d7f,2,paired,short,finalizada,,,8.30338521298836,2.029155031323083,18.77,1.0,1790363196.163,1790363214.933,1.249,1.139,0.11,1.916,5.519,,0.827,5.53,,3.992,1790363128.84,1790363258.613,7.556,demo_booking,customer_hangup,0.0
1790362725,96,90b3b3d5-c016-4cac-a04e-ba331c008d7f,3,paired,short,finalizada,,timeout esperando que el agente empiece a responder,,2.8396735010863,15.986,1.0,1790363216.963,1790363232.949,2.016,1.765,0.251,1.077,2.959,,0.181,5.53,,3.275,1790363128.84,1790363258.613,5.004,demo_booking,customer_hangup,0.0
1790362725,96,90b3b3d5-c016-4cac-a04e-ba331c008d7f,4,paired,long,finalizada,,,-5.556746757007204,4.3410876380700065,4.313,3.06,1790363235.79,1790363240.103,0.949,0.892,0.056,0.426,1.374,,0.112,0.05,,1.487,1790363128.84,1790363258.613,,demo_booking,customer_hangup,0.0
1790362725,96,90b3b3d5-c016-4cac-a04e-ba331c008d7f,5,paired,short,finalizada,,,2.103380456013838,7.997425886990699,6.165,1.0,1790363244.445,1790363250.61,0.755,0.754,0.001,0.873,3.262,,0.132,5.29,,1.76,1790363128.84,1790363258.613,4.158,demo_booking,customer_hangup,0.0
1790362725,96,52e62e11-7164-4440-a238-59f16e73d64d,0,client_only,short,finalizada,,timeout esperando que el agente empiece a responder,,1.4747384002920683,15.369,0.38,1790363148.314,1790363163.683,,,,,,,,,,,1790363129.09,1790363242.82,,demo_booking,customer_hangup,0.0
1790362725,96,52e62e11-7164-4440-a238-59f16e73d64d,1,client_only,medium,finalizada,,timeout esperando que el agente empiece a responder,,2.365723893431606,17.136,2.12,1790363165.158,1790363182.295,,,,,,,,,,,1790363129.09,1790363242.82,,demo_booking,customer_hangup,0.0
1790362725,96,52e62e11-7164-4440-a238-59f16e73d64d,2,client_only,short,finalizada,,,0.9740680739923846,1.275659360901353,12.39,0.38,1790363184.661,1790363197.051,,,,,,,,,,,1790363129.09,1790363242.82,,demo_booking,customer_hangup,0.0
1790362725,96,52e62e11-7164-4440-a238-59f16e73d64d,3,client_only,short,finalizada,,,12.413817710999865,3.628719554626764,21.087,0.32,1790363198.327,1790363219.415,,,,,,,,,,,1790363129.09,1790363242.82,,demo_booking,customer_hangup,0.0
1790362725,96,52e62e11-7164-4440-a238-59f16e73d64d,4,client_only,medium,finalizada,,,5.214045417989837,1.7769124962818579,12.169,2.24,1790363223.045,1790363235.214,,,,,,,,,,,1790363129.09,1790363242.82,,demo_booking,customer_hangup,0.0
1790362725,96,52e62e11-7164-4440-a238-59f16e73d64d,5,client_only,medium,finalizada,,,-3.8456507800146937,1.269302313924945,4.552,2.12,1790363236.992,1790363241.544,,,,,,,,,,,1790363129.09,1790363242.82,,demo_booking,customer_hangup,0.0
1790362725,96,52e62e11-7164-4440-a238-59f16e73d64d,0,server_only,,finalizada,,,,,,,,,2.297,2.172,0.125,0.897,4.145,,1.305,4.49,,4.499,1790363129.09,1790363242.82,7.786,demo_booking,customer_hangup,0.0
1790362725,96,52e62e11-7164-4440-a238-59f16e73d64d,1,server_only,,finalizada,,,,,,,,,1.295,1.194,0.101,1.042,5.225,,0.532,5.13,,2.869,1790363129.09,1790363242.82,7.504,demo_booking,customer_hangup,0.0
1790362725,96,52e62e11-7164-4440-a238-59f16e73d64d,2,server_only,,finalizada,,,,,,,,,2.179,1.233,0.946,2.137,6.704,,0.226,5.29,,4.542,1790363129.09,1790363242.82,8.428,demo_booking,customer_hangup,0.0
1790362725,96,1667884e-2cd6-409a-a5b8-7e8ffc19f219,0,client_only,medium,finalizada,,,-1.8716900929866824,1.4853871796148495,5.925,2.12,1790363145.471,1790363151.397,,,,,,,,,,,1790363129.035,1790363209.602,,demo_booking,customer_hangup,0.0
1790362725,96,1667884e-2cd6-409a-a5b8-7e8ffc19f219,1,client_only,long,finalizada,,,-1.6926667270017788,2.6119978643381785,4.434,3.52,1790363152.883,1790363157.317,,,,,,,,,,,1790363129.035,1790363209.602,,demo_booking,customer_hangup,0.0
1790362725,96,1667884e-2cd6-409a-a5b8-7e8ffc19f219,2,client_only,short,finalizada,,,4.487902312015649,1.453856460352755,8.541,0.38,1790363159.93,1790363168.472,,,,,,,,,,,1790363129.035,1790363209.602,,demo_booking,customer_hangup,0.0
1790362725,96,1667884e-2cd6-409a-a5b8-7e8ffc19f219,3,client_only,short,finalizada,,timeout esperando que el agente empiece a responder,,1.3458198363304665,15.991,1.0,1790363169.926,1790363185.917,,,,,,,,,,,1790363129.035,1790363209.602,,demo_booking,customer_hangup,0.0
1790362725,96,1667884e-2cd6-409a-a5b8-7e8ffc19f219,4,client_only,medium,finalizada,,,6.687341907003429,2.2635562015631256,12.093,2.6,1790363187.264,1790363199.357,,,,,,,,,,,1790363129.035,1790363209.602,,demo_booking,customer_hangup,0.0
1790362725,96,1667884e-2cd6-409a-a5b8-7e8ffc19f219,5,client_only,short,finalizada,,,-1.6320258580090012,2.726869136429341,5.248,0.32,1790363201.621,1790363206.869,,,,,,,,,,,1790363129.035,1790363209.602,,demo_booking,customer_hangup,0.0
1790362725,96,1667884e-2cd6-409a-a5b8-7e8ffc19f219,0,server_only,,finalizada,,,,,,,,,3.459,3.402,0.058,2.694,4.17,,0.946,4.57,,7.099,1790363129.035,1790363209.602,10.973,demo_booking,customer_hangup,0.0
1790362725,96,1667884e-2cd6-409a-a5b8-7e8ffc19f219,1,server_only,,finalizada,,,,,,,,,2.372,2.361,0.011,1.298,4.935,,2.161,4.73,,5.831,1790363129.035,1790363209.602,13.588,demo_booking,customer_hangup,0.0
1790362725,96,1667884e-2cd6-409a-a5b8-7e8ffc19f219,2,server_only,,finalizada,,,,,,,,,4.983,4.221,0.762,2.599,4.801,,1.16,4.73,,8.741,1790363129.035,1790363209.602,12.552,demo_booking,customer_hangup,0.0
1790362725,96,63f8b39c-ee9a-47f7-b1e3-0be43f12f6f7,0,paired,long,finalizada,,,12.169410144007998,2.0119996054186533,24.646,3.52,1790363145.389,1790363170.035,5.706,4.467,1.239,2.843,3.784,,0.362,4.33,,8.911,1790363129.264,1790363267.177,9.026,demo_booking,customer_hangup,0.0
1790362725,96,63f8b39c-ee9a-47f7-b1e3-0be43f12f6f7,1,paired,medium,finalizada,,timeout esperando que el agente empiece a responder,,1.2009228752973262,17.243,2.24,1790363172.048,1790363189.291,3.863,3.334,0.529,1.802,5.019,,0.863,7.7,,6.528,1790363129.264,1790363267.177,6.646,demo_booking,customer_hangup,0.0
1790362725,96,63f8b39c-ee9a-47f7-b1e3-0be43f12f6f7,2,paired,short,finalizada,,,8.450023490993772,4.233813977544711,22.387,0.32,1790363190.492,1790363212.88,2.834,2.735,0.099,1.194,4.988,,0.446,8.66,,4.474,1790363129.264,1790363267.177,4.797,demo_booking,customer_hangup,0.0
1790362725,96,63f8b39c-ee9a-47f7-b1e3-0be43f12f6f7,3,paired,medium,finalizada,,,-0.9303465200064238,2.0471635048481174,14.994,2.12,1790363217.115,1790363232.109,2.522,2.056,0.466,1.03,2.418,,0.368,2.25,,3.919,1790363129.264,1790363267.177,5.116,demo_booking,customer_hangup,0.0
1790362725,96,63f8b39c-ee9a-47f7-b1e3-0be43f12f6f7,4,paired,medium,finalizada,,,12.229929296998307,3.124019847442107,18.025,2.24,1790363234.157,1790363252.182,1.48,1.43,0.05,0.723,2.88,,0.103,3.53,,2.305,1790363129.264,1790363267.177,4.427,demo_booking,customer_hangup,0.0
1790362725,96,63f8b39c-ee9a-47f7-b1e3-0be43f12f6f7,5,paired,medium,finalizada,,,2.5294949500239454,4.184611433457733,7.681,2.12,1790363255.307,1790363262.988,0.505,0.504,0.001,0.241,0.708,,0.08,1.85,,0.826,1790363129.264,1790363267.177,1.301,demo_booking,customer_hangup,0.0
1790362725,96,5f8280e0-b476-4242-8fed-e26c1e4e1066,0,client_only,short,finalizada,,timeout esperando que el agente empiece a responder,,1.0352871002393431,15.364,0.38,1790363152.406,1790363167.77,,,,,,,,,,,1790363129.514,1790363268.803,,demo_booking,customer_hangup,0.0
1790362725,96,5f8280e0-b476-4242-8fed-e26c1e4e1066,1,client_only,medium,finalizada,,timeout esperando que el agente empiece a responder,,1.9639571430468663,17.585,2.6,1790363168.806,1790363186.392,,,,,,,,,,,1790363129.514,1790363268.803,,demo_booking,customer_hangup,0.0
1790362725,96,5f8280e0-b476-4242-8fed-e26c1e4e1066,2,client_only,short,finalizada,,timeout esperando que el agente termine de hablar,1.5733536279876716,4.3458707953295885,26.897,0.32,1790363188.357,1790363215.253,,,,,,,,,,,1790363129.514,1790363268.803,,demo_booking,customer_hangup,0.0
1790362725,96,5f8280e0-b476-4242-8fed-e26c1e4e1066,3,client_only,short,finalizada,,,2.653289092995692,1.2584478168486823,16.564,0.48,1790363219.6,1790363236.164,,,,,,,,,,,1790363129.514,1790363268.803,,demo_booking,customer_hangup,0.0
1790362725,96,5f8280e0-b476-4242-8fed-e26c1e4e1066,4,client_only,long,finalizada,,,6.892907075001858,1.7884212806058601,15.46,3.06,1790363237.423,1790363252.884,,,,,,,,,,,1790363129.514,1790363268.803,,demo_booking,customer_hangup,0.0
1790362725,96,5f8280e0-b476-4242-8fed-e26c1e4e1066,5,client_only,short,finalizada,,,3.0927750290138647,1.1875435439911293,12.937,1.0,1790363254.673,1790363267.609,,,,,,,,,,,1790363129.514,1790363268.803,,demo_booking,customer_hangup,0.0
1790362725,96,5f8280e0-b476-4242-8fed-e26c1e4e1066,0,server_only,,finalizada,,,,,,,,,3.094,2.671,0.423,2.931,7.077,,1.216,12.82,,7.241,1790363129.514,1790363268.803,10.133,demo_booking,customer_hangup,0.0
1790362725,96,5f8280e0-b476-4242-8fed-e26c1e4e1066,1,server_only,,finalizada,,,,,,,,,2.334,2.219,0.115,1.216,6.399,,0.735,7.46,,4.285,1790363129.514,1790363268.803,4.456,demo_booking,customer_hangup,0.0
1790362725,96,5f8280e0-b476-4242-8fed-e26c1e4e1066,2,server_only,,finalizada,,,,,,,,,1.68,1.649,0.03,0.581,2.554,,0.194,8.34,,2.455,1790363129.514,1790363268.803,2.627,demo_booking,customer_hangup,0.0
1790362725,96,5f8280e0-b476-4242-8fed-e26c1e4e1066,3,server_only,,finalizada,,,,,,,,,1.867,1.864,0.003,0.853,2.225,,0.094,1.89,,2.814,1790363129.514,1790363268.803,,demo_booking,customer_hangup,0.0
1790362725,96,5f8280e0-b476-4242-8fed-e26c1e4e1066,4,server_only,,finalizada,,,,,,,,,0.45,0.449,0.001,0.316,1.34,,0.161,7.7,,0.927,1790363129.514,1790363268.803,1.239,demo_booking,customer_hangup,0.0
1790362725,96,f61f818d-7209-4e13-82d3-e0c2c2f85f52,0,client_only,short,finalizada,,timeout esperando que el agente empiece a responder,,4.639861331852913,15.369,0.38,1790363149.752,1790363165.121,,,,,,,,,,,1790363129.764,1790363250.503,,demo_booking,customer_hangup,0.0
1790362725,96,f61f818d-7209-4e13-82d3-e0c2c2f85f52,1,client_only,short,finalizada,,timeout esperando que el agente empiece a responder,,3.968416781195815,15.315,0.32,1790363169.762,1790363185.077,,,,,,,,,,,1790363129.764,1790363250.503,,demo_booking,customer_hangup,0.0
1790362725,96,f61f818d-7209-4e13-82d3-e0c2c2f85f52,2,client_only,medium,finalizada,,,-5.452477237995481,1.96106799398424,10.983,2.24,1790363189.046,1790363200.029,,,,,,,,,,,1790363129.764,1790363250.503,,demo_booking,customer_hangup,0.0
1790362725,96,f61f818d-7209-4e13-82d3-e0c2c2f85f52,3,client_only,short,finalizada,,timeout esperando que el agente empiece a responder,,6.1415153543686625,15.984,1.0,1790363201.991,1790363217.975,,,,,,,,,,,1790363129.764,1790363250.503,,demo_booking,customer_hangup,0.0
1790362725,96,f61f818d-7209-4e13-82d3-e0c2c2f85f52,4,client_only,long,finalizada,,,-4.253609492996475,2.593776794699046,12.562,3.52,1790363224.117,1790363236.679,,,,,,,,,,,1790363129.764,1790363250.503,,demo_booking,customer_hangup,0.0
1790362725,96,f61f818d-7209-4e13-82d3-e0c2c2f85f52,5,client_only,long,finalizada,,,-1.3934008039941546,3.3403255474906857,7.884,3.06,1790363239.274,1790363247.158,,,,,,,,,,,1790363129.764,1790363250.503,,demo_booking,customer_hangup,0.0
1790362725,96,f61f818d-7209-4e13-82d3-e0c2c2f85f52,0,server_only,,finalizada,,,,,,,,,0.0,0.0,0.0,2.635,5.248,,2.351,7.94,,4.987,1790363129.764,1790363250.503,,demo_booking,customer_hangup,0.0
1790362725,96,f61f818d-7209-4e13-82d3-e0c2c2f85f52,1,server_only,,finalizada,,,,,,,,,1.992,1.924,0.069,0.795,7.204,,0.553,8.42,,3.34,1790363129.764,1790363250.503,4.563,demo_booking,customer_hangup,0.0
1790362725,96,f61f818d-7209-4e13-82d3-e0c2c2f85f52,2,server_only,,finalizada,,,,,,,,,1.652,1.601,0.051,1.515,2.297,,0.668,4.58,,3.836,1790363129.764,1790363250.503,4.248,demo_booking,customer_hangup,0.0
